Run,Gen,Rule,Fitness,_add,_div,_equal,_exp,_expincome,_exppg,_expshare,_first,_greater,_income,_incomeothers,_last,_less,_listcollect,_listcontribute,_max,_mean,_min,_mlt,_pg,_pga,_probinvest,_real_invest,_roi,_sin,_sqr,_sqrt,_sub,_sum,_utility,_utillist,_utiltot,dist_to_num_list,downstream_neighbors_last_investment,empty_list,exponential_dist,linear_dist,logistic_dist,max_index,min_index,normal_dist,possible_decisions,truncate,upstream_neighbors_last_investment
0,0.0,( max-index (( normal-dist (( _pga  ) ) (( _sqrt (( _income  ) )  ) )  ) )  ) ,0.015099557266626467,0.0,0.0,0.0,0.0,0.0,0.0,0.0,0.0,0.0,1.0,0.0,0.0,0.0,0.0,0.0,0.0,0.0,0.0,0.0,0.0,1.0,0.0,0.0,0.0,0.0,0.0,1.0,0.0,0.0,0.0,0.0,0.0,0.0,0.0,0.0,0.0,0.0,0.0,1.0,0.0,1.0,0.0,0.0,0.0
0,0.0,( max-index (( exponential-dist (( _real-invest  ) )  ) )  ) ,0.012592660032397283,0.0,0.0,0.0,0.0,0.0,0.0,0.0,0.0,0.0,0.0,0.0,0.0,0.0,0.0,0.0,0.0,0.0,0.0,0.0,0.0,0.0,0.0,1.0,0.0,0.0,0.0,0.0,0.0,0.0,0.0,0.0,0.0,0.0,0.0,0.0,1.0,0.0,0.0,1.0,0.0,0.0,0.0,0.0,0.0
0,0.0,( min-index (( logistic-dist (( _incomeothers  ) ) (( _utility  ) )  ) )  ) ,0.012592660032397283,0.0,0.0,0.0,0.0,0.0,0.0,0.0,0.0,0.0,0.0,1.0,0.0,0.0,0.0,0.0,0.0,0.0,0.0,0.0,0.0,0.0,0.0,0.0,0.0,0.0,0.0,0.0,0.0,0.0,1.0,0.0,0.0,0.0,0.0,0.0,0.0,0.0,1.0,0.0,1.0,0.0,0.0,0.0,0.0
0,0.0,( max-index (( normal-dist (( _mean (( empty-list  ) )  ) ) (( _utiltot  ) )  ) )  ) ,0.012592660032397283,0.0,0.0,0.0,0.0,0.0,0.0,0.0,0.0,0.0,0.0,0.0,0.0,0.0,0.0,0.0,0.0,1.0,0.0,0.0,0.0,0.0,0.0,0.0,0.0,0.0,0.0,0.0,0.0,0.0,0.0,0.0,1.0,0.0,0.0,1.0,0.0,0.0,0.0,1.0,0.0,1.0,0.0,0.0,0.0
0,0.0,( min-index (( logistic-dist (( _equal (( _sin (( _exp (( _income  ) )  ) )  ) ) (( _expincome  ) )  ) ) (( _roi  ) )  ) )  ) ,0.012592660032397283,0.0,0.0,1.0,1.0,1.0,0.0,0.0,0.0,0.0,1.0,0.0,0.0,0.0,0.0,0.0,0.0,0.0,0.0,0.0,0.0,0.0,0.0,0.0,1.0,1.0,0.0,0.0,0.0,0.0,0.0,0.0,0.0,0.0,0.0,0.0,0.0,0.0,1.0,0.0,1.0,0.0,0.0,0.0,0.0
0,0.0,( min-index (( logistic-dist (( _mean (( empty-list  ) )  ) ) (( _utility  ) )  ) )  ) ,0.012592660032397283,0.0,0.0,0.0,0.0,0.0,0.0,0.0,0.0,0.0,0.0,0.0,0.0,0.0,0.0,0.0,0.0,1.0,0.0,0.0,0.0,0.0,0.0,0.0,0.0,0.0,0.0,0.0,0.0,0.0,1.0,0.0,0.0,0.0,0.0,1.0,0.0,0.0,1.0,0.0,1.0,0.0,0.0,0.0,0.0
0,0.0,( min-index (( logistic-dist (( _exp (( upstream-neighbors-last-investment  ) )  ) ) (( _pg  ) )  ) )  ) ,0.012592660032397283,0.0,0.0,0.0,1.0,0.0,0.0,0.0,0.0,0.0,0.0,0.0,0.0,0.0,0.0,0.0,0.0,0.0,0.0,0.0,1.0,0.0,0.0,0.0,0.0,0.0,0.0,0.0,0.0,0.0,0.0,0.0,0.0,0.0,0.0,0.0,0.0,0.0,1.0,0.0,1.0,0.0,0.0,0.0,1.0
0,0.0,( min-index (( logistic-dist (( _exp (( _mlt (( _first (( possible-decisions  ) )  ) ) (( _sqrt (( upstream-neighbors-last-investment  ) )  ) )  ) )  ) ) (( _mlt (( _greater (( _real-invest  ) ) (( _mean (( dist-to-num-list (( normal-dist (( _exppg  ) ) (( _greater (( _div (( _last (( _probinvest  ) )  ) ) (( _add (( _exp (( _income  ) )  ) ) (( _real-invest  ) )  ) )  ) ) (( _min (( _listcontribute  ) )  ) )  ) )  ) )  ) )  ) )  ) ) (( _pga  ) )  ) )  ) )  ) ,0.012592660032397283,1.0,1.0,0.0,2.0,0.0,1.0,0.0,1.0,2.0,1.0,0.0,1.0,0.0,0.0,1.0,0.0,1.0,1.0,2.0,0.0,1.0,1.0,2.0,0.0,0.0,0.0,1.0,0.0,0.0,0.0,0.0,0.0,1.0,0.0,0.0,0.0,0.0,1.0,0.0,1.0,1.0,1.0,0.0,1.0
0,0.0,( min-index (( logistic-dist (( _expshare  ) ) (( _max (( dist-to-num-list (( normal-dist (( _equal (( downstream-neighbors-last-investment  ) ) (( _roi  ) )  ) ) (( _income  ) )  ) )  ) )  ) )  ) )  ) ,0.012592660032397283,0.0,0.0,1.0,0.0,0.0,0.0,1.0,0.0,0.0,1.0,0.0,0.0,0.0,0.0,0.0,1.0,0.0,0.0,0.0,0.0,0.0,0.0,0.0,1.0,0.0,0.0,0.0,0.0,0.0,0.0,0.0,0.0,1.0,1.0,0.0,0.0,0.0,1.0,0.0,1.0,1.0,0.0,0.0,0.0
0,0.0,( max-index (( logistic-dist (( _roi  ) ) (( _roi  ) )  ) )  ) ,0.012592660032397283,0.0,0.0,0.0,0.0,0.0,0.0,0.0,0.0,0.0,0.0,0.0,0.0,0.0,0.0,0.0,0.0,0.0,0.0,0.0,0.0,0.0,0.0,0.0,2.0,0.0,0.0,0.0,0.0,0.0,0.0,0.0,0.0,0.0,0.0,0.0,0.0,0.0,1.0,1.0,0.0,0.0,0.0,0.0,0.0
0,0.0,( min-index (( linear-dist (( _exppg  ) ) (( _utility  ) )  ) )  ) ,0.1428805780608629,0.0,0.0,0.0,0.0,0.0,1.0,0.0,0.0,0.0,0.0,0.0,0.0,0.0,0.0,0.0,0.0,0.0,0.0,0.0,0.0,0.0,0.0,0.0,0.0,0.0,0.0,0.0,0.0,0.0,1.0,0.0,0.0,0.0,0.0,0.0,0.0,1.0,0.0,0.0,1.0,0.0,0.0,0.0,0.0
0,0.0,( max-index (( logistic-dist (( _pga  ) ) (( _income  ) )  ) )  ) ,0.2264251232696279,0.0,0.0,0.0,0.0,0.0,0.0,0.0,0.0,0.0,1.0,0.0,0.0,0.0,0.0,0.0,0.0,0.0,0.0,0.0,0.0,1.0,0.0,0.0,0.0,0.0,0.0,0.0,0.0,0.0,0.0,0.0,0.0,0.0,0.0,0.0,0.0,0.0,1.0,1.0,0.0,0.0,0.0,0.0,0.0
0,0.0,( min-index (( exponential-dist (( _exppg  ) )  ) )  ) ,0.012592660032397283,0.0,0.0,0.0,0.0,0.0,1.0,0.0,0.0,0.0,0.0,0.0,0.0,0.0,0.0,0.0,0.0,0.0,0.0,0.0,0.0,0.0,0.0,0.0,0.0,0.0,0.0,0.0,0.0,0.0,0.0,0.0,0.0,0.0,0.0,0.0,1.0,0.0,0.0,0.0,1.0,0.0,0.0,0.0,0.0
0,1.0,( max-index (( logistic-dist (( _incomeothers  ) ) (( _utility  ) )  ) )  ) ,0.1428240208456877,0.0,0.0,0.0,0.0,0.0,0.0,0.0,0.0,0.0,0.0,1.0,0.0,0.0,0.0,0.0,0.0,0.0,0.0,0.0,0.0,0.0,0.0,0.0,0.0,0.0,0.0,0.0,0.0,0.0,1.0,0.0,0.0,0.0,0.0,0.0,0.0,0.0,1.0,1.0,0.0,0.0,0.0,0.0,0.0
0,1.0,( max-index (( normal-dist (( _first (( possible-decisions  ) )  ) ) (( _real-invest  ) )  ) )  ) ,0.012592660032397283,0.0,0.0,0.0,0.0,0.0,0.0,0.0,1.0,0.0,0.0,0.0,0.0,0.0,0.0,0.0,0.0,0.0,0.0,0.0,0.0,0.0,0.0,1.0,0.0,0.0,0.0,0.0,0.0,0.0,0.0,0.0,0.0,0.0,0.0,0.0,0.0,0.0,0.0,1.0,0.0,1.0,1.0,0.0,0.0
0,1.0,( min-index (( logistic-dist (( _equal (( _sin (( _exp (( _income  ) )  ) )  ) ) (( _expincome  ) )  ) ) (( _roi  ) )  ) )  ) ,0.012592660032397283,0.0,0.0,1.0,1.0,1.0,0.0,0.0,0.0,0.0,1.0,0.0,0.0,0.0,0.0,0.0,0.0,0.0,0.0,0.0,0.0,0.0,0.0,0.0,1.0,1.0,0.0,0.0,0.0,0.0,0.0,0.0,0.0,0.0,0.0,0.0,0.0,0.0,1.0,0.0,1.0,0.0,0.0,0.0,0.0
0,1.0,( min-index (( logistic-dist (( _expshare  ) ) (( _max (( dist-to-num-list (( normal-dist (( _equal (( downstream-neighbors-last-investment  ) ) (( _roi  ) )  ) ) (( _income  ) )  ) )  ) )  ) )  ) )  ) ,0.012592660032397283,0.0,0.0,1.0,0.0,0.0,0.0,1.0,0.0,0.0,1.0,0.0,0.0,0.0,0.0,0.0,1.0,0.0,0.0,0.0,0.0,0.0,0.0,0.0,1.0,0.0,0.0,0.0,0.0,0.0,0.0,0.0,0.0,1.0,1.0,0.0,0.0,0.0,1.0,0.0,1.0,1.0,0.0,0.0,0.0
0,1.0,( min-index (( logistic-dist (( _exp (( _mlt (( _first (( possible-decisions  ) )  ) ) (( _sqrt (( upstream-neighbors-last-investment  ) )  ) )  ) )  ) ) (( _mlt (( _greater (( _real-invest  ) ) (( _mean (( dist-to-num-list (( normal-dist (( _exppg  ) ) (( _greater (( _div (( _last (( _probinvest  ) )  ) ) (( _add (( _exp (( _income  ) )  ) ) (( _real-invest  ) )  ) )  ) ) (( _min (( _listcontribute  ) )  ) )  ) )  ) )  ) )  ) )  ) ) (( _pga  ) )  ) )  ) )  ) ,0.012592660032397283,1.0,1.0,0.0,2.0,0.0,1.0,0.0,1.0,2.0,1.0,0.0,1.0,0.0,0.0,1.0,0.0,1.0,1.0,2.0,0.0,1.0,1.0,2.0,0.0,0.0,0.0,1.0,0.0,0.0,0.0,0.0,0.0,1.0,0.0,0.0,0.0,0.0,1.0,0.0,1.0,1.0,1.0,0.0,1.0
0,1.0,( max-index (( logistic-dist (( _roi  ) ) (( _roi  ) )  ) )  ) ,0.012592660032397283,0.0,0.0,0.0,0.0,0.0,0.0,0.0,0.0,0.0,0.0,0.0,0.0,0.0,0.0,0.0,0.0,0.0,0.0,0.0,0.0,0.0,0.0,0.0,2.0,0.0,0.0,0.0,0.0,0.0,0.0,0.0,0.0,0.0,0.0,0.0,0.0,0.0,1.0,1.0,0.0,0.0,0.0,0.0,0.0
0,1.0,( min-index (( logistic-dist (( _exp (( _mlt (( _first (( possible-decisions  ) )  ) ) (( _sqrt (( upstream-neighbors-last-investment  ) )  ) )  ) )  ) ) (( _mlt (( _greater (( _real-invest  ) ) (( _mean (( dist-to-num-list (( normal-dist (( _exppg  ) ) (( _greater (( _div (( _last (( _probinvest  ) )  ) ) (( _add (( _exp (( _income  ) )  ) ) (( _real-invest  ) )  ) )  ) ) (( _min (( _listcontribute  ) )  ) )  ) )  ) )  ) )  ) )  ) ) (( _pga  ) )  ) )  ) )  ) ,0.012592660032397283,1.0,1.0,0.0,2.0,0.0,1.0,0.0,1.0,2.0,1.0,0.0,1.0,0.0,0.0,1.0,0.0,1.0,1.0,2.0,0.0,1.0,1.0,2.0,0.0,0.0,0.0,1.0,0.0,0.0,0.0,0.0,0.0,1.0,0.0,0.0,0.0,0.0,1.0,0.0,1.0,1.0,1.0,0.0,1.0
0,1.0,( min-index (( logistic-dist (( _exp (( _mlt (( _first (( possible-decisions  ) )  ) ) (( _sqrt (( upstream-neighbors-last-investment  ) )  ) )  ) )  ) ) (( _mlt (( _greater (( _real-invest  ) ) (( _mean (( dist-to-num-list (( normal-dist (( _exppg  ) ) (( _greater (( _div (( _last (( _probinvest  ) )  ) ) (( _add (( _exp (( _income  ) )  ) ) (( _real-invest  ) )  ) )  ) ) (( _min (( _listcontribute  ) )  ) )  ) )  ) )  ) )  ) )  ) ) (( _pga  ) )  ) )  ) )  ) ,0.012592660032397283,1.0,1.0,0.0,2.0,0.0,1.0,0.0,1.0,2.0,1.0,0.0,1.0,0.0,0.0,1.0,0.0,1.0,1.0,2.0,0.0,1.0,1.0,2.0,0.0,0.0,0.0,1.0,0.0,0.0,0.0,0.0,0.0,1.0,0.0,0.0,0.0,0.0,1.0,0.0,1.0,1.0,1.0,0.0,1.0
0,1.0,( max-index (( exponential-dist (( _real-invest  ) )  ) )  ) ,0.012592660032397283,0.0,0.0,0.0,0.0,0.0,0.0,0.0,0.0,0.0,0.0,0.0,0.0,0.0,0.0,0.0,0.0,0.0,0.0,0.0,0.0,0.0,0.0,1.0,0.0,0.0,0.0,0.0,0.0,0.0,0.0,0.0,0.0,0.0,0.0,0.0,1.0,0.0,0.0,1.0,0.0,0.0,0.0,0.0,0.0
0,1.0,( min-index (( logistic-dist (( _mean (( empty-list  ) )  ) ) (( _utility  ) )  ) )  ) ,0.012592660032397283,0.0,0.0,0.0,0.0,0.0,0.0,0.0,0.0,0.0,0.0,0.0,0.0,0.0,0.0,0.0,0.0,1.0,0.0,0.0,0.0,0.0,0.0,0.0,0.0,0.0,0.0,0.0,0.0,0.0,1.0,0.0,0.0,0.0,0.0,1.0,0.0,0.0,1.0,0.0,1.0,0.0,0.0,0.0,0.0
0,1.0,( min-index (( logistic-dist (( _incomeothers  ) ) (( _utility  ) )  ) )  ) ,0.012592660032397283,0.0,0.0,0.0,0.0,0.0,0.0,0.0,0.0,0.0,0.0,1.0,0.0,0.0,0.0,0.0,0.0,0.0,0.0,0.0,0.0,0.0,0.0,0.0,0.0,0.0,0.0,0.0,0.0,0.0,1.0,0.0,0.0,0.0,0.0,0.0,0.0,0.0,1.0,0.0,1.0,0.0,0.0,0.0,0.0
0,1.0,( min-index (( logistic-dist (( _expshare  ) ) (( _max (( dist-to-num-list (( normal-dist (( _equal (( downstream-neighbors-last-investment  ) ) (( _roi  ) )  ) ) (( _income  ) )  ) )  ) )  ) )  ) )  ) ,0.012592660032397283,0.0,0.0,1.0,0.0,0.0,0.0,1.0,0.0,0.0,1.0,0.0,0.0,0.0,0.0,0.0,1.0,0.0,0.0,0.0,0.0,0.0,0.0,0.0,1.0,0.0,0.0,0.0,0.0,0.0,0.0,0.0,0.0,1.0,1.0,0.0,0.0,0.0,1.0,0.0,1.0,1.0,0.0,0.0,0.0
0,1.0,( max-index (( normal-dist (( _mean (( empty-list  ) )  ) ) (( _utiltot  ) )  ) )  ) ,0.012592660032397283,0.0,0.0,0.0,0.0,0.0,0.0,0.0,0.0,0.0,0.0,0.0,0.0,0.0,0.0,0.0,0.0,1.0,0.0,0.0,0.0,0.0,0.0,0.0,0.0,0.0,0.0,0.0,0.0,0.0,0.0,0.0,1.0,0.0,0.0,1.0,0.0,0.0,0.0,1.0,0.0,1.0,0.0,0.0,0.0
0,2.0,( max-index (( normal-dist (( _first (( possible-decisions  ) )  ) ) (( _real-invest  ) )  ) )  ) ,0.012592660032397283,0.0,0.0,0.0,0.0,0.0,0.0,0.0,1.0,0.0,0.0,0.0,0.0,0.0,0.0,0.0,0.0,0.0,0.0,0.0,0.0,0.0,0.0,1.0,0.0,0.0,0.0,0.0,0.0,0.0,0.0,0.0,0.0,0.0,0.0,0.0,0.0,0.0,0.0,1.0,0.0,1.0,1.0,0.0,0.0
0,2.0,( max-index (( normal-dist (( _mean (( empty-list  ) )  ) ) (( _utiltot  ) )  ) )  ) ,0.012592660032397283,0.0,0.0,0.0,0.0,0.0,0.0,0.0,0.0,0.0,0.0,0.0,0.0,0.0,0.0,0.0,0.0,1.0,0.0,0.0,0.0,0.0,0.0,0.0,0.0,0.0,0.0,0.0,0.0,0.0,0.0,0.0,1.0,0.0,0.0,1.0,0.0,0.0,0.0,1.0,0.0,1.0,0.0,0.0,0.0
0,2.0,( min-index (( logistic-dist (( _exp (( _mlt (( _first (( possible-decisions  ) )  ) ) (( _sqrt (( upstream-neighbors-last-investment  ) )  ) )  ) )  ) ) (( _mlt (( _greater (( _real-invest  ) ) (( _mean (( dist-to-num-list (( normal-dist (( _exppg  ) ) (( _greater (( _div (( _last (( _probinvest  ) )  ) ) (( _add (( _exp (( _income  ) )  ) ) (( _real-invest  ) )  ) )  ) ) (( _min (( _probinvest  ) )  ) )  ) )  ) )  ) )  ) )  ) ) (( _pga  ) )  ) )  ) )  ) ,0.012592660032397283,1.0,1.0,0.0,2.0,0.0,1.0,0.0,1.0,2.0,1.0,0.0,1.0,0.0,0.0,0.0,0.0,1.0,1.0,2.0,0.0,1.0,2.0,2.0,0.0,0.0,0.0,1.0,0.0,0.0,0.0,0.0,0.0,1.0,0.0,0.0,0.0,0.0,1.0,0.0,1.0,1.0,1.0,0.0,1.0
0,2.0,( min-index (( logistic-dist (( _exp (( _mlt (( _first (( possible-decisions  ) )  ) ) (( _sqrt (( upstream-neighbors-last-investment  ) )  ) )  ) )  ) ) (( _mlt (( _greater (( _real-invest  ) ) (( _mean (( dist-to-num-list (( normal-dist (( _exppg  ) ) (( _greater (( _div (( _last (( _probinvest  ) )  ) ) (( _add (( _exp (( _income  ) )  ) ) (( _real-invest  ) )  ) )  ) ) (( _min (( _listcontribute  ) )  ) )  ) )  ) )  ) )  ) )  ) ) (( _pga  ) )  ) )  ) )  ) ,0.012592660032397283,1.0,1.0,0.0,2.0,0.0,1.0,0.0,1.0,2.0,1.0,0.0,1.0,0.0,0.0,1.0,0.0,1.0,1.0,2.0,0.0,1.0,1.0,2.0,0.0,0.0,0.0,1.0,0.0,0.0,0.0,0.0,0.0,1.0,0.0,0.0,0.0,0.0,1.0,0.0,1.0,1.0,1.0,0.0,1.0
0,2.0,( min-index (( logistic-dist (( _exp (( _mlt (( _first (( possible-decisions  ) )  ) ) (( _sqrt (( upstream-neighbors-last-investment  ) )  ) )  ) )  ) ) (( _mlt (( _greater (( _real-invest  ) ) (( _mean (( dist-to-num-list (( normal-dist (( _exppg  ) ) (( _greater (( _div (( _last (( _probinvest  ) )  ) ) (( _add (( _exp (( _income  ) )  ) ) (( _real-invest  ) )  ) )  ) ) (( _min (( _listcontribute  ) )  ) )  ) )  ) )  ) )  ) )  ) ) (( _pga  ) )  ) )  ) )  ) ,0.012592660032397283,1.0,1.0,0.0,2.0,0.0,1.0,0.0,1.0,2.0,1.0,0.0,1.0,0.0,0.0,1.0,0.0,1.0,1.0,2.0,0.0,1.0,1.0,2.0,0.0,0.0,0.0,1.0,0.0,0.0,0.0,0.0,0.0,1.0,0.0,0.0,0.0,0.0,1.0,0.0,1.0,1.0,1.0,0.0,1.0
0,2.0,( min-index (( logistic-dist (( _expshare  ) ) (( _max (( dist-to-num-list (( normal-dist (( _equal (( downstream-neighbors-last-investment  ) ) (( _roi  ) )  ) ) (( _income  ) )  ) )  ) )  ) )  ) )  ) ,0.012592660032397283,0.0,0.0,1.0,0.0,0.0,0.0,1.0,0.0,0.0,1.0,0.0,0.0,0.0,0.0,0.0,1.0,0.0,0.0,0.0,0.0,0.0,0.0,0.0,1.0,0.0,0.0,0.0,0.0,0.0,0.0,0.0,0.0,1.0,1.0,0.0,0.0,0.0,1.0,0.0,1.0,1.0,0.0,0.0,0.0
0,2.0,( min-index (( normal-dist (( upstream-neighbors-last-investment  ) ) (( _income  ) )  ) )  ) ,0.23929944543935938,0.0,0.0,0.0,0.0,0.0,0.0,0.0,0.0,0.0,1.0,0.0,0.0,0.0,0.0,0.0,0.0,0.0,0.0,0.0,0.0,0.0,0.0,0.0,0.0,0.0,0.0,0.0,0.0,0.0,0.0,0.0,0.0,0.0,0.0,0.0,0.0,0.0,0.0,0.0,1.0,1.0,0.0,0.0,1.0
0,2.0,( max-index (( normal-dist (( _first (( dist-to-num-list (( exponential-dist (( _income  ) )  ) )  ) )  ) ) (( _real-invest  ) )  ) )  ) ,0.012592660032397283,0.0,0.0,0.0,0.0,0.0,0.0,0.0,1.0,0.0,1.0,0.0,0.0,0.0,0.0,0.0,0.0,0.0,0.0,0.0,0.0,0.0,0.0,1.0,0.0,0.0,0.0,0.0,0.0,0.0,0.0,0.0,0.0,1.0,0.0,0.0,1.0,0.0,0.0,1.0,0.0,1.0,0.0,0.0,0.0
0,2.0,( min-index (( logistic-dist (( _exp (( _mlt (( _first (( possible-decisions  ) )  ) ) (( _sqrt (( upstream-neighbors-last-investment  ) )  ) )  ) )  ) ) (( _mlt (( _greater (( _real-invest  ) ) (( _mean (( _listcontribute  ) )  ) )  ) ) (( _pga  ) )  ) )  ) )  ) ,0.012592660032397283,0.0,0.0,0.0,1.0,0.0,0.0,0.0,1.0,1.0,0.0,0.0,0.0,0.0,0.0,1.0,0.0,1.0,0.0,2.0,0.0,1.0,0.0,1.0,0.0,0.0,0.0,1.0,0.0,0.0,0.0,0.0,0.0,0.0,0.0,0.0,0.0,0.0,1.0,0.0,1.0,0.0,1.0,0.0,1.0
0,2.0,( min-index (( logistic-dist (( _exp (( _mlt (( _first (( _utillist  ) )  ) ) (( _sqrt (( upstream-neighbors-last-investment  ) )  ) )  ) )  ) ) (( _mlt (( _greater (( _real-invest  ) ) (( _mean (( dist-to-num-list (( normal-dist (( _exppg  ) ) (( _greater (( _div (( _last (( _probinvest  ) )  ) ) (( _add (( _exp (( _income  ) )  ) ) (( _real-invest  ) )  ) )  ) ) (( _min (( dist-to-num-list (( normal-dist (( _exppg  ) ) (( _greater (( _div (( _last (( _probinvest  ) )  ) ) (( _add (( _exp (( _income  ) )  ) ) (( _real-invest  ) )  ) )  ) ) (( _min (( _listcontribute  ) )  ) )  ) )  ) )  ) )  ) )  ) )  ) )  ) )  ) )  ) ) (( _pga  ) )  ) )  ) )  ) ,0.012592660032397283,2.0,2.0,0.0,3.0,0.0,2.0,0.0,1.0,3.0,2.0,0.0,2.0,0.0,0.0,1.0,0.0,1.0,2.0,2.0,0.0,1.0,2.0,3.0,0.0,0.0,0.0,1.0,0.0,0.0,0.0,1.0,0.0,2.0,0.0,0.0,0.0,0.0,1.0,0.0,1.0,2.0,0.0,0.0,1.0
0,2.0,( min-index (( logistic-dist (( _real-invest  ) ) (( _utility  ) )  ) )  ) ,0.012592660032397283,0.0,0.0,0.0,0.0,0.0,0.0,0.0,0.0,0.0,0.0,0.0,0.0,0.0,0.0,0.0,0.0,0.0,0.0,0.0,0.0,0.0,0.0,1.0,0.0,0.0,0.0,0.0,0.0,0.0,1.0,0.0,0.0,0.0,0.0,0.0,0.0,0.0,1.0,0.0,1.0,0.0,0.0,0.0,0.0
0,2.0,( max-index (( normal-dist (( _first (( possible-decisions  ) )  ) ) (( _incomeothers  ) )  ) )  ) ,0.012592660032397283,0.0,0.0,0.0,0.0,0.0,0.0,0.0,1.0,0.0,0.0,1.0,0.0,0.0,0.0,0.0,0.0,0.0,0.0,0.0,0.0,0.0,0.0,0.0,0.0,0.0,0.0,0.0,0.0,0.0,0.0,0.0,0.0,0.0,0.0,0.0,0.0,0.0,0.0,1.0,0.0,1.0,1.0,0.0,0.0
0,2.0,( min-index (( logistic-dist (( _exp (( _mlt (( _first (( possible-decisions  ) )  ) ) (( _sqrt (( upstream-neighbors-last-investment  ) )  ) )  ) )  ) ) (( _mlt (( _greater (( _real-invest  ) ) (( _mean (( dist-to-num-list (( normal-dist (( _exppg  ) ) (( _greater (( truncate (( _income  ) )  ) ) (( _min (( _listcontribute  ) )  ) )  ) )  ) )  ) )  ) )  ) ) (( _pga  ) )  ) )  ) )  ) ,0.012592660032397283,0.0,0.0,0.0,1.0,0.0,1.0,0.0,1.0,2.0,1.0,0.0,0.0,0.0,0.0,1.0,0.0,1.0,1.0,2.0,0.0,1.0,0.0,1.0,0.0,0.0,0.0,1.0,0.0,0.0,0.0,0.0,0.0,1.0,0.0,0.0,0.0,0.0,1.0,0.0,1.0,1.0,1.0,1.0,1.0
0,3.0,( max-index (( normal-dist (( _greater (( _real-invest  ) ) (( _mean (( dist-to-num-list (( normal-dist (( _exppg  ) ) (( _greater (( _div (( _last (( _probinvest  ) )  ) ) (( _add (( _exp (( _income  ) )  ) ) (( _real-invest  ) )  ) )  ) ) (( _min (( _listcontribute  ) )  ) )  ) )  ) )  ) )  ) )  ) ) (( _real-invest  ) )  ) )  ) ,0.012592660032397283,1.0,1.0,0.0,1.0,0.0,1.0,0.0,0.0,2.0,1.0,0.0,1.0,0.0,0.0,1.0,0.0,1.0,1.0,0.0,0.0,0.0,1.0,3.0,0.0,0.0,0.0,0.0,0.0,0.0,0.0,0.0,0.0,1.0,0.0,0.0,0.0,0.0,0.0,1.0,0.0,2.0,0.0,0.0,0.0
0,3.0,( min-index (( logistic-dist (( _exp (( _mlt (( _first (( possible-decisions  ) )  ) ) (( _sqrt (( upstream-neighbors-last-investment  ) )  ) )  ) )  ) ) (( _mlt (( _first (( dist-to-num-list (( exponential-dist (( _income  ) )  ) )  ) )  ) ) (( _pga  ) )  ) )  ) )  ) ,0.012592660032397283,0.0,0.0,0.0,1.0,0.0,0.0,0.0,2.0,0.0,1.0,0.0,0.0,0.0,0.0,0.0,0.0,0.0,0.0,2.0,0.0,1.0,0.0,0.0,0.0,0.0,0.0,1.0,0.0,0.0,0.0,0.0,0.0,1.0,0.0,0.0,1.0,0.0,1.0,0.0,1.0,0.0,1.0,0.0,1.0
0,3.0,( min-index (( logistic-dist (( _exp (( _mlt (( _first (( possible-decisions  ) )  ) ) (( _sqrt (( upstream-neighbors-last-investment  ) )  ) )  ) )  ) ) (( _mlt (( _greater (( _real-invest  ) ) (( _mean (( dist-to-num-list (( normal-dist (( _exppg  ) ) (( _greater (( truncate (( _income  ) )  ) ) (( _min (( _listcontribute  ) )  ) )  ) )  ) )  ) )  ) )  ) ) (( _pga  ) )  ) )  ) )  ) ,0.012592660032397283,0.0,0.0,0.0,1.0,0.0,1.0,0.0,1.0,2.0,1.0,0.0,0.0,0.0,0.0,1.0,0.0,1.0,1.0,2.0,0.0,1.0,0.0,1.0,0.0,0.0,0.0,1.0,0.0,0.0,0.0,0.0,0.0,1.0,0.0,0.0,0.0,0.0,1.0,0.0,1.0,1.0,1.0,1.0,1.0
0,3.0,( max-index (( normal-dist (( _mean (( empty-list  ) )  ) ) (( _utiltot  ) )  ) )  ) ,0.012592660032397283,0.0,0.0,0.0,0.0,0.0,0.0,0.0,0.0,0.0,0.0,0.0,0.0,0.0,0.0,0.0,0.0,1.0,0.0,0.0,0.0,0.0,0.0,0.0,0.0,0.0,0.0,0.0,0.0,0.0,0.0,0.0,1.0,0.0,0.0,1.0,0.0,0.0,0.0,1.0,0.0,1.0,0.0,0.0,0.0
0,3.0,( max-index (( normal-dist (( _first (( _listcollect  ) )  ) ) (( _real-invest  ) )  ) )  ) ,0.012592660032397283,0.0,0.0,0.0,0.0,0.0,0.0,0.0,1.0,0.0,0.0,0.0,0.0,0.0,1.0,0.0,0.0,0.0,0.0,0.0,0.0,0.0,0.0,1.0,0.0,0.0,0.0,0.0,0.0,0.0,0.0,0.0,0.0,0.0,0.0,0.0,0.0,0.0,0.0,1.0,0.0,1.0,0.0,0.0,0.0
0,3.0,( min-index (( logistic-dist (( _exp (( _mlt (( _first (( possible-decisions  ) )  ) ) (( _sqrt (( upstream-neighbors-last-investment  ) )  ) )  ) )  ) ) (( _mlt (( _greater (( _real-invest  ) ) (( _mean (( dist-to-num-list (( normal-dist (( _exppg  ) ) (( _greater (( _div (( _last (( _probinvest  ) )  ) ) (( _add (( _exp (( _income  ) )  ) ) (( _sqr (( _pg  ) )  ) )  ) )  ) ) (( _min (( _probinvest  ) )  ) )  ) )  ) )  ) )  ) )  ) ) (( _pga  ) )  ) )  ) )  ) ,0.012592660032397283,1.0,1.0,0.0,2.0,0.0,1.0,0.0,1.0,2.0,1.0,0.0,1.0,0.0,0.0,0.0,0.0,1.0,1.0,2.0,1.0,1.0,2.0,1.0,0.0,0.0,1.0,1.0,0.0,0.0,0.0,0.0,0.0,1.0,0.0,0.0,0.0,0.0,1.0,0.0,1.0,1.0,1.0,0.0,1.0
0,3.0,( max-index (( normal-dist (( _sqr (( _max (( possible-decisions  ) )  ) )  ) ) (( _utiltot  ) )  ) )  ) ,0.142871041085823,0.0,0.0,0.0,0.0,0.0,0.0,0.0,0.0,0.0,0.0,0.0,0.0,0.0,0.0,0.0,1.0,0.0,0.0,0.0,0.0,0.0,0.0,0.0,0.0,0.0,1.0,0.0,0.0,0.0,0.0,0.0,1.0,0.0,0.0,0.0,0.0,0.0,0.0,1.0,0.0,1.0,1.0,0.0,0.0
0,3.0,( max-index (( normal-dist (( _first (( possible-decisions  ) )  ) ) (( _real-invest  ) )  ) )  ) ,0.012592660032397283,0.0,0.0,0.0,0.0,0.0,0.0,0.0,1.0,0.0,0.0,0.0,0.0,0.0,0.0,0.0,0.0,0.0,0.0,0.0,0.0,0.0,0.0,1.0,0.0,0.0,0.0,0.0,0.0,0.0,0.0,0.0,0.0,0.0,0.0,0.0,0.0,0.0,0.0,1.0,0.0,1.0,1.0,0.0,0.0
0,3.0,( min-index (( logistic-dist (( _exp (( _utility  ) )  ) ) (( _utility  ) )  ) )  ) ,0.012592660032397283,0.0,0.0,0.0,1.0,0.0,0.0,0.0,0.0,0.0,0.0,0.0,0.0,0.0,0.0,0.0,0.0,0.0,0.0,0.0,0.0,0.0,0.0,0.0,0.0,0.0,0.0,0.0,0.0,0.0,2.0,0.0,0.0,0.0,0.0,0.0,0.0,0.0,1.0,0.0,1.0,0.0,0.0,0.0,0.0
0,3.0,( min-index (( logistic-dist (( _exp (( _mlt (( _first (( possible-decisions  ) )  ) ) (( _sqrt (( upstream-neighbors-last-investment  ) )  ) )  ) )  ) ) (( _mlt (( _greater (( _real-invest  ) ) (( _mean (( dist-to-num-list (( normal-dist (( _exppg  ) ) (( _incomeothers  ) )  ) )  ) )  ) )  ) ) (( _pga  ) )  ) )  ) )  ) ,0.012592660032397283,0.0,0.0,0.0,1.0,0.0,1.0,0.0,1.0,1.0,0.0,1.0,0.0,0.0,0.0,0.0,0.0,1.0,0.0,2.0,0.0,1.0,0.0,1.0,0.0,0.0,0.0,1.0,0.0,0.0,0.0,0.0,0.0,1.0,0.0,0.0,0.0,0.0,1.0,0.0,1.0,1.0,1.0,0.0,1.0
0,3.0,( min-index (( logistic-dist (( _exp (( _mlt (( _first (( possible-decisions  ) )  ) ) (( _sqrt (( upstream-neighbors-last-investment  ) )  ) )  ) )  ) ) (( _mlt (( _greater (( _real-invest  ) ) (( _mean (( dist-to-num-list (( normal-dist (( _exppg  ) ) (( _greater (( _div (( _last (( _probinvest  ) )  ) ) (( _add (( _exp (( _income  ) )  ) ) (( _real-invest  ) )  ) )  ) ) (( _min (( _probinvest  ) )  ) )  ) )  ) )  ) )  ) )  ) ) (( _pga  ) )  ) )  ) )  ) ,0.012592660032397283,1.0,1.0,0.0,2.0,0.0,1.0,0.0,1.0,2.0,1.0,0.0,1.0,0.0,0.0,0.0,0.0,1.0,1.0,2.0,0.0,1.0,2.0,2.0,0.0,0.0,0.0,1.0,0.0,0.0,0.0,0.0,0.0,1.0,0.0,0.0,0.0,0.0,1.0,0.0,1.0,1.0,1.0,0.0,1.0
0,3.0,( min-index (( logistic-dist (( _mean (( dist-to-num-list (( logistic-dist (( _incomeothers  ) ) (( _first (( _probinvest  ) )  ) )  ) )  ) )  ) ) (( _utility  ) )  ) )  ) ,0.012592660032397283,0.0,0.0,0.0,0.0,0.0,0.0,0.0,1.0,0.0,0.0,1.0,0.0,0.0,0.0,0.0,0.0,1.0,0.0,0.0,0.0,0.0,1.0,0.0,0.0,0.0,0.0,0.0,0.0,0.0,1.0,0.0,0.0,1.0,0.0,0.0,0.0,0.0,2.0,0.0,1.0,0.0,0.0,0.0,0.0
0,3.0,( min-index (( logistic-dist (( _exp (( _mlt (( _first (( possible-decisions  ) )  ) ) (( _sqrt (( upstream-neighbors-last-investment  ) )  ) )  ) )  ) ) (( _mlt (( _greater (( _real-invest  ) ) (( _mean (( dist-to-num-list (( normal-dist (( _exppg  ) ) (( _greater (( _div (( _last (( _probinvest  ) )  ) ) (( _add (( _exp (( _income  ) )  ) ) (( _real-invest  ) )  ) )  ) ) (( _min (( _listcontribute  ) )  ) )  ) )  ) )  ) )  ) )  ) ) (( _pga  ) )  ) )  ) )  ) ,0.012592660032397283,1.0,1.0,0.0,2.0,0.0,1.0,0.0,1.0,2.0,1.0,0.0,1.0,0.0,0.0,1.0,0.0,1.0,1.0,2.0,0.0,1.0,1.0,2.0,0.0,0.0,0.0,1.0,0.0,0.0,0.0,0.0,0.0,1.0,0.0,0.0,0.0,0.0,1.0,0.0,1.0,1.0,1.0,0.0,1.0
0,4.0,( max-index (( normal-dist (( _exppg  ) ) (( _greater (( _div (( _last (( _probinvest  ) )  ) ) (( _add (( _exp (( _income  ) )  ) ) (( _real-invest  ) )  ) )  ) ) (( _greater (( _sqr (( downstream-neighbors-last-investment  ) )  ) ) (( _first (( possible-decisions  ) )  ) )  ) )  ) )  ) )  ) ,0.012592660032397283,1.0,1.0,0.0,1.0,0.0,1.0,0.0,1.0,2.0,1.0,0.0,1.0,0.0,0.0,0.0,0.0,0.0,0.0,0.0,0.0,0.0,1.0,1.0,0.0,0.0,1.0,0.0,0.0,0.0,0.0,0.0,0.0,0.0,1.0,0.0,0.0,0.0,0.0,1.0,0.0,1.0,1.0,0.0,0.0
0,4.0,( min-index (( logistic-dist (( _exp (( _mlt (( _first (( possible-decisions  ) )  ) ) (( _sqrt (( upstream-neighbors-last-investment  ) )  ) )  ) )  ) ) (( _mlt (( _greater (( _real-invest  ) ) (( _mean (( dist-to-num-list (( normal-dist (( _mean (( empty-list  ) )  ) ) (( _utiltot  ) )  ) )  ) )  ) )  ) ) (( _pga  ) )  ) )  ) )  ) ,0.012592660032397283,0.0,0.0,0.0,1.0,0.0,0.0,0.0,1.0,1.0,0.0,0.0,0.0,0.0,0.0,0.0,0.0,2.0,0.0,2.0,0.0,1.0,0.0,1.0,0.0,0.0,0.0,1.0,0.0,0.0,0.0,0.0,1.0,1.0,0.0,1.0,0.0,0.0,1.0,0.0,1.0,1.0,1.0,0.0,1.0
0,4.0,( min-index (( logistic-dist (( _mean (( dist-to-num-list (( logistic-dist (( _incomeothers  ) ) (( _first (( _probinvest  ) )  ) )  ) )  ) )  ) ) (( _utility  ) )  ) )  ) ,0.012592660032397283,0.0,0.0,0.0,0.0,0.0,0.0,0.0,1.0,0.0,0.0,1.0,0.0,0.0,0.0,0.0,0.0,1.0,0.0,0.0,0.0,0.0,1.0,0.0,0.0,0.0,0.0,0.0,0.0,0.0,1.0,0.0,0.0,1.0,0.0,0.0,0.0,0.0,2.0,0.0,1.0,0.0,0.0,0.0,0.0
0,4.0,( min-index (( logistic-dist (( _exp (( _mlt (( _first (( possible-decisions  ) )  ) ) (( _sqrt (( upstream-neighbors-last-investment  ) )  ) )  ) )  ) ) (( _mlt (( _greater (( _real-invest  ) ) (( _mean (( dist-to-num-list (( normal-dist (( _exppg  ) ) (( _incomeothers  ) )  ) )  ) )  ) )  ) ) (( _pga  ) )  ) )  ) )  ) ,0.012592660032397283,0.0,0.0,0.0,1.0,0.0,1.0,0.0,1.0,1.0,0.0,1.0,0.0,0.0,0.0,0.0,0.0,1.0,0.0,2.0,0.0,1.0,0.0,1.0,0.0,0.0,0.0,1.0,0.0,0.0,0.0,0.0,0.0,1.0,0.0,0.0,0.0,0.0,1.0,0.0,1.0,1.0,1.0,0.0,1.0
0,4.0,( min-index (( logistic-dist (( _exp (( _mlt (( _first (( possible-decisions  ) )  ) ) (( _sqrt (( upstream-neighbors-last-investment  ) )  ) )  ) )  ) ) (( _mlt (( _greater (( _real-invest  ) ) (( _mean (( dist-to-num-list (( normal-dist (( _exppg  ) ) (( _greater (( _div (( _last (( _probinvest  ) )  ) ) (( _add (( _exp (( _income  ) )  ) ) (( _real-invest  ) )  ) )  ) ) (( _min (( _listcontribute  ) )  ) )  ) )  ) )  ) )  ) )  ) ) (( _pga  ) )  ) )  ) )  ) ,0.012592660032397283,1.0,1.0,0.0,2.0,0.0,1.0,0.0,1.0,2.0,1.0,0.0,1.0,0.0,0.0,1.0,0.0,1.0,1.0,2.0,0.0,1.0,1.0,2.0,0.0,0.0,0.0,1.0,0.0,0.0,0.0,0.0,0.0,1.0,0.0,0.0,0.0,0.0,1.0,0.0,1.0,1.0,1.0,0.0,1.0
0,4.0,( min-index (( logistic-dist (( _exp (( _utility  ) )  ) ) (( _utility  ) )  ) )  ) ,0.012592660032397283,0.0,0.0,0.0,1.0,0.0,0.0,0.0,0.0,0.0,0.0,0.0,0.0,0.0,0.0,0.0,0.0,0.0,0.0,0.0,0.0,0.0,0.0,0.0,0.0,0.0,0.0,0.0,0.0,0.0,2.0,0.0,0.0,0.0,0.0,0.0,0.0,0.0,1.0,0.0,1.0,0.0,0.0,0.0,0.0
0,4.0,( max-index (( normal-dist (( _first (( possible-decisions  ) )  ) ) (( _real-invest  ) )  ) )  ) ,0.012592660032397283,0.0,0.0,0.0,0.0,0.0,0.0,0.0,1.0,0.0,0.0,0.0,0.0,0.0,0.0,0.0,0.0,0.0,0.0,0.0,0.0,0.0,0.0,1.0,0.0,0.0,0.0,0.0,0.0,0.0,0.0,0.0,0.0,0.0,0.0,0.0,0.0,0.0,0.0,1.0,0.0,1.0,1.0,0.0,0.0
0,4.0,( max-index (( normal-dist (( _mean (( empty-list  ) )  ) ) (( _utiltot  ) )  ) )  ) ,0.012592660032397283,0.0,0.0,0.0,0.0,0.0,0.0,0.0,0.0,0.0,0.0,0.0,0.0,0.0,0.0,0.0,0.0,1.0,0.0,0.0,0.0,0.0,0.0,0.0,0.0,0.0,0.0,0.0,0.0,0.0,0.0,0.0,1.0,0.0,0.0,1.0,0.0,0.0,0.0,1.0,0.0,1.0,0.0,0.0,0.0
0,4.0,( min-index (( logistic-dist (( _exp (( _mlt (( _first (( possible-decisions  ) )  ) ) (( _sqrt (( upstream-neighbors-last-investment  ) )  ) )  ) )  ) ) (( _mlt (( _greater (( _real-invest  ) ) (( _mean (( dist-to-num-list (( normal-dist (( _exppg  ) ) (( _incomeothers  ) )  ) )  ) )  ) )  ) ) (( _pga  ) )  ) )  ) )  ) ,0.012592660032397283,0.0,0.0,0.0,1.0,0.0,1.0,0.0,1.0,1.0,0.0,1.0,0.0,0.0,0.0,0.0,0.0,1.0,0.0,2.0,0.0,1.0,0.0,1.0,0.0,0.0,0.0,1.0,0.0,0.0,0.0,0.0,0.0,1.0,0.0,0.0,0.0,0.0,1.0,0.0,1.0,1.0,1.0,0.0,1.0
0,4.0,( max-index (( normal-dist (( _mean (( empty-list  ) )  ) ) (( _utiltot  ) )  ) )  ) ,0.012592660032397283,0.0,0.0,0.0,0.0,0.0,0.0,0.0,0.0,0.0,0.0,0.0,0.0,0.0,0.0,0.0,0.0,1.0,0.0,0.0,0.0,0.0,0.0,0.0,0.0,0.0,0.0,0.0,0.0,0.0,0.0,0.0,1.0,0.0,0.0,1.0,0.0,0.0,0.0,1.0,0.0,1.0,0.0,0.0,0.0
0,4.0,( min-index (( logistic-dist (( _exp (( _mlt (( _first (( possible-decisions  ) )  ) ) (( _sqrt (( upstream-neighbors-last-investment  ) )  ) )  ) )  ) ) (( _mlt (( _greater (( _real-invest  ) ) (( _less (( _income  ) ) (( _utiltot  ) )  ) )  ) ) (( _pga  ) )  ) )  ) )  ) ,0.012592660032397283,0.0,0.0,0.0,1.0,0.0,0.0,0.0,1.0,1.0,1.0,0.0,0.0,1.0,0.0,0.0,0.0,0.0,0.0,2.0,0.0,1.0,0.0,1.0,0.0,0.0,0.0,1.0,0.0,0.0,0.0,0.0,1.0,0.0,0.0,0.0,0.0,0.0,1.0,0.0,1.0,0.0,1.0,0.0,1.0
0,4.0,( min-index (( logistic-dist (( _exp (( _utility  ) )  ) ) (( _utility  ) )  ) )  ) ,0.012592660032397283,0.0,0.0,0.0,1.0,0.0,0.0,0.0,0.0,0.0,0.0,0.0,0.0,0.0,0.0,0.0,0.0,0.0,0.0,0.0,0.0,0.0,0.0,0.0,0.0,0.0,0.0,0.0,0.0,0.0,2.0,0.0,0.0,0.0,0.0,0.0,0.0,0.0,1.0,0.0,1.0,0.0,0.0,0.0,0.0
0,4.0,( min-index (( logistic-dist (( _exp (( _mlt (( _first (( possible-decisions  ) )  ) ) (( _sqrt (( upstream-neighbors-last-investment  ) )  ) )  ) )  ) ) (( _mlt (( _greater (( _real-invest  ) ) (( _mean (( dist-to-num-list (( normal-dist (( _exppg  ) ) (( _incomeothers  ) )  ) )  ) )  ) )  ) ) (( _pga  ) )  ) )  ) )  ) ,0.012592660032397283,0.0,0.0,0.0,1.0,0.0,1.0,0.0,1.0,1.0,0.0,1.0,0.0,0.0,0.0,0.0,0.0,1.0,0.0,2.0,0.0,1.0,0.0,1.0,0.0,0.0,0.0,1.0,0.0,0.0,0.0,0.0,0.0,1.0,0.0,0.0,0.0,0.0,1.0,0.0,1.0,1.0,1.0,0.0,1.0
0,5.0,( max-index (( linear-dist (( _expshare  ) ) (( _roi  ) )  ) )  ) ,0.012592660032397283,0.0,0.0,0.0,0.0,0.0,0.0,1.0,0.0,0.0,0.0,0.0,0.0,0.0,0.0,0.0,0.0,0.0,0.0,0.0,0.0,0.0,0.0,0.0,1.0,0.0,0.0,0.0,0.0,0.0,0.0,0.0,0.0,0.0,0.0,0.0,0.0,1.0,0.0,1.0,0.0,0.0,0.0,0.0,0.0
0,5.0,( max-index (( normal-dist (( _pg  ) ) (( _utiltot  ) )  ) )  ) ,0.14287686425009402,0.0,0.0,0.0,0.0,0.0,0.0,0.0,0.0,0.0,0.0,0.0,0.0,0.0,0.0,0.0,0.0,0.0,0.0,0.0,1.0,0.0,0.0,0.0,0.0,0.0,0.0,0.0,0.0,0.0,0.0,0.0,1.0,0.0,0.0,0.0,0.0,0.0,0.0,1.0,0.0,1.0,0.0,0.0,0.0
0,5.0,( max-index (( normal-dist (( _first (( possible-decisions  ) )  ) ) (( _real-invest  ) )  ) )  ) ,0.012592660032397283,0.0,0.0,0.0,0.0,0.0,0.0,0.0,1.0,0.0,0.0,0.0,0.0,0.0,0.0,0.0,0.0,0.0,0.0,0.0,0.0,0.0,0.0,1.0,0.0,0.0,0.0,0.0,0.0,0.0,0.0,0.0,0.0,0.0,0.0,0.0,0.0,0.0,0.0,1.0,0.0,1.0,1.0,0.0,0.0
0,5.0,( min-index (( normal-dist (( _pg  ) ) (( _incomeothers  ) )  ) )  ) ,0.040870832938341636,0.0,0.0,0.0,0.0,0.0,0.0,0.0,0.0,0.0,0.0,1.0,0.0,0.0,0.0,0.0,0.0,0.0,0.0,0.0,1.0,0.0,0.0,0.0,0.0,0.0,0.0,0.0,0.0,0.0,0.0,0.0,0.0,0.0,0.0,0.0,0.0,0.0,0.0,0.0,1.0,1.0,0.0,0.0,0.0
0,5.0,( max-index (( normal-dist (( _mean (( empty-list  ) )  ) ) (( _utiltot  ) )  ) )  ) ,0.012592660032397283,0.0,0.0,0.0,0.0,0.0,0.0,0.0,0.0,0.0,0.0,0.0,0.0,0.0,0.0,0.0,0.0,1.0,0.0,0.0,0.0,0.0,0.0,0.0,0.0,0.0,0.0,0.0,0.0,0.0,0.0,0.0,1.0,0.0,0.0,1.0,0.0,0.0,0.0,1.0,0.0,1.0,0.0,0.0,0.0
0,5.0,( max-index (( normal-dist (( _less (( _less (( _roi  ) ) (( _pg  ) )  ) ) (( _sum (( _probinvest  ) )  ) )  ) ) (( _utiltot  ) )  ) )  ) ,0.019915998038468795,0.0,0.0,0.0,0.0,0.0,0.0,0.0,0.0,0.0,0.0,0.0,0.0,2.0,0.0,0.0,0.0,0.0,0.0,0.0,1.0,0.0,1.0,0.0,1.0,0.0,0.0,0.0,0.0,1.0,0.0,0.0,1.0,0.0,0.0,0.0,0.0,0.0,0.0,1.0,0.0,1.0,0.0,0.0,0.0
0,5.0,( min-index (( normal-dist (( _mean (( empty-list  ) )  ) ) (( _utiltot  ) )  ) )  ) ,0.14278155817564744,0.0,0.0,0.0,0.0,0.0,0.0,0.0,0.0,0.0,0.0,0.0,0.0,0.0,0.0,0.0,0.0,1.0,0.0,0.0,0.0,0.0,0.0,0.0,0.0,0.0,0.0,0.0,0.0,0.0,0.0,0.0,1.0,0.0,0.0,1.0,0.0,0.0,0.0,0.0,1.0,1.0,0.0,0.0,0.0
0,5.0,( max-index (( logistic-dist (( _exp (( _utility  ) )  ) ) (( _utility  ) )  ) )  ) ,0.35576563583465504,0.0,0.0,0.0,1.0,0.0,0.0,0.0,0.0,0.0,0.0,0.0,0.0,0.0,0.0,0.0,0.0,0.0,0.0,0.0,0.0,0.0,0.0,0.0,0.0,0.0,0.0,0.0,0.0,0.0,2.0,0.0,0.0,0.0,0.0,0.0,0.0,0.0,1.0,1.0,0.0,0.0,0.0,0.0,0.0
0,5.0,( min-index (( logistic-dist (( _mean (( dist-to-num-list (( logistic-dist (( _incomeothers  ) ) (( _first (( _probinvest  ) )  ) )  ) )  ) )  ) ) (( _utility  ) )  ) )  ) ,0.012592660032397283,0.0,0.0,0.0,0.0,0.0,0.0,0.0,1.0,0.0,0.0,1.0,0.0,0.0,0.0,0.0,0.0,1.0,0.0,0.0,0.0,0.0,1.0,0.0,0.0,0.0,0.0,0.0,0.0,0.0,1.0,0.0,0.0,1.0,0.0,0.0,0.0,0.0,2.0,0.0,1.0,0.0,0.0,0.0,0.0
0,5.0,( min-index (( logistic-dist (( _exp (( _mlt (( _first (( possible-decisions  ) )  ) ) (( _sqrt (( upstream-neighbors-last-investment  ) )  ) )  ) )  ) ) (( _mlt (( _greater (( _real-invest  ) ) (( _mean (( dist-to-num-list (( normal-dist (( _exppg  ) ) (( _incomeothers  ) )  ) )  ) )  ) )  ) ) (( _pga  ) )  ) )  ) )  ) ,0.012592660032397283,0.0,0.0,0.0,1.0,0.0,1.0,0.0,1.0,1.0,0.0,1.0,0.0,0.0,0.0,0.0,0.0,1.0,0.0,2.0,0.0,1.0,0.0,1.0,0.0,0.0,0.0,1.0,0.0,0.0,0.0,0.0,0.0,1.0,0.0,0.0,0.0,0.0,1.0,0.0,1.0,1.0,1.0,0.0,1.0
0,5.0,( min-index (( logistic-dist (( _utiltot  ) ) (( _utility  ) )  ) )  ) ,0.012592660032397283,0.0,0.0,0.0,0.0,0.0,0.0,0.0,0.0,0.0,0.0,0.0,0.0,0.0,0.0,0.0,0.0,0.0,0.0,0.0,0.0,0.0,0.0,0.0,0.0,0.0,0.0,0.0,0.0,0.0,1.0,0.0,1.0,0.0,0.0,0.0,0.0,0.0,1.0,0.0,1.0,0.0,0.0,0.0,0.0
0,5.0,( min-index (( logistic-dist (( _exp (( _mlt (( _first (( possible-decisions  ) )  ) ) (( _sqrt (( upstream-neighbors-last-investment  ) )  ) )  ) )  ) ) (( _mlt (( _greater (( _real-invest  ) ) (( _mean (( dist-to-num-list (( normal-dist (( _exppg  ) ) (( _greater (( _div (( _last (( _probinvest  ) )  ) ) (( _add (( _exp (( _income  ) )  ) ) (( _real-invest  ) )  ) )  ) ) (( _min (( _listcontribute  ) )  ) )  ) )  ) )  ) )  ) )  ) ) (( _pga  ) )  ) )  ) )  ) ,0.012592660032397283,1.0,1.0,0.0,2.0,0.0,1.0,0.0,1.0,2.0,1.0,0.0,1.0,0.0,0.0,1.0,0.0,1.0,1.0,2.0,0.0,1.0,1.0,2.0,0.0,0.0,0.0,1.0,0.0,0.0,0.0,0.0,0.0,1.0,0.0,0.0,0.0,0.0,1.0,0.0,1.0,1.0,1.0,0.0,1.0
0,5.0,( max-index (( normal-dist (( _mean (( empty-list  ) )  ) ) (( _utiltot  ) )  ) )  ) ,0.012592660032397283,0.0,0.0,0.0,0.0,0.0,0.0,0.0,0.0,0.0,0.0,0.0,0.0,0.0,0.0,0.0,0.0,1.0,0.0,0.0,0.0,0.0,0.0,0.0,0.0,0.0,0.0,0.0,0.0,0.0,0.0,0.0,1.0,0.0,0.0,1.0,0.0,0.0,0.0,1.0,0.0,1.0,0.0,0.0,0.0
0,6.0,( min-index (( logistic-dist (( _utiltot  ) ) (( _utility  ) )  ) )  ) ,0.012592660032397283,0.0,0.0,0.0,0.0,0.0,0.0,0.0,0.0,0.0,0.0,0.0,0.0,0.0,0.0,0.0,0.0,0.0,0.0,0.0,0.0,0.0,0.0,0.0,0.0,0.0,0.0,0.0,0.0,0.0,1.0,0.0,1.0,0.0,0.0,0.0,0.0,0.0,1.0,0.0,1.0,0.0,0.0,0.0,0.0
0,6.0,( min-index (( logistic-dist (( _exp (( _mlt (( _first (( possible-decisions  ) )  ) ) (( _sqrt (( _pg  ) )  ) )  ) )  ) ) (( _mlt (( _greater (( _real-invest  ) ) (( _mean (( dist-to-num-list (( normal-dist (( _exppg  ) ) (( _greater (( _div (( _last (( _probinvest  ) )  ) ) (( _add (( _exp (( _income  ) )  ) ) (( _real-invest  ) )  ) )  ) ) (( _min (( _listcontribute  ) )  ) )  ) )  ) )  ) )  ) )  ) ) (( _pga  ) )  ) )  ) )  ) ,0.012592660032397283,1.0,1.0,0.0,2.0,0.0,1.0,0.0,1.0,2.0,1.0,0.0,1.0,0.0,0.0,1.0,0.0,1.0,1.0,2.0,1.0,1.0,1.0,2.0,0.0,0.0,0.0,1.0,0.0,0.0,0.0,0.0,0.0,1.0,0.0,0.0,0.0,0.0,1.0,0.0,1.0,1.0,1.0,0.0,0.0
0,6.0,( min-index (( linear-dist (( _expshare  ) ) (( _roi  ) )  ) )  ) ,0.012592660032397283,0.0,0.0,0.0,0.0,0.0,0.0,1.0,0.0,0.0,0.0,0.0,0.0,0.0,0.0,0.0,0.0,0.0,0.0,0.0,0.0,0.0,0.0,0.0,1.0,0.0,0.0,0.0,0.0,0.0,0.0,0.0,0.0,0.0,0.0,0.0,0.0,1.0,0.0,0.0,1.0,0.0,0.0,0.0,0.0
0,6.0,( max-index (( logistic-dist (( _sum (( _listcollect  ) )  ) ) (( _exppg  ) )  ) )  ) ,0.012592660032397283,0.0,0.0,0.0,0.0,0.0,1.0,0.0,0.0,0.0,0.0,0.0,0.0,0.0,1.0,0.0,0.0,0.0,0.0,0.0,0.0,0.0,0.0,0.0,0.0,0.0,0.0,0.0,0.0,1.0,0.0,0.0,0.0,0.0,0.0,0.0,0.0,0.0,1.0,1.0,0.0,0.0,0.0,0.0,0.0
0,6.0,( min-index (( logistic-dist (( _exp (( _mlt (( _first (( possible-decisions  ) )  ) ) (( _sqrt (( upstream-neighbors-last-investment  ) )  ) )  ) )  ) ) (( _mlt (( _greater (( _real-invest  ) ) (( _mean (( dist-to-num-list (( normal-dist (( _exppg  ) ) (( _greater (( _div (( _last (( _probinvest  ) )  ) ) (( _add (( _exp (( _income  ) )  ) ) (( _real-invest  ) )  ) )  ) ) (( _min (( _listcontribute  ) )  ) )  ) )  ) )  ) )  ) )  ) ) (( _pga  ) )  ) )  ) )  ) ,0.012592660032397283,1.0,1.0,0.0,2.0,0.0,1.0,0.0,1.0,2.0,1.0,0.0,1.0,0.0,0.0,1.0,0.0,1.0,1.0,2.0,0.0,1.0,1.0,2.0,0.0,0.0,0.0,1.0,0.0,0.0,0.0,0.0,0.0,1.0,0.0,0.0,0.0,0.0,1.0,0.0,1.0,1.0,1.0,0.0,1.0
0,6.0,( max-index (( normal-dist (( _mean (( empty-list  ) )  ) ) (( _utiltot  ) )  ) )  ) ,0.012592660032397283,0.0,0.0,0.0,0.0,0.0,0.0,0.0,0.0,0.0,0.0,0.0,0.0,0.0,0.0,0.0,0.0,1.0,0.0,0.0,0.0,0.0,0.0,0.0,0.0,0.0,0.0,0.0,0.0,0.0,0.0,0.0,1.0,0.0,0.0,1.0,0.0,0.0,0.0,1.0,0.0,1.0,0.0,0.0,0.0
0,6.0,( max-index (( linear-dist (( _expshare  ) ) (( _mean (( empty-list  ) )  ) )  ) )  ) ,0.012592660032397283,0.0,0.0,0.0,0.0,0.0,0.0,1.0,0.0,0.0,0.0,0.0,0.0,0.0,0.0,0.0,0.0,1.0,0.0,0.0,0.0,0.0,0.0,0.0,0.0,0.0,0.0,0.0,0.0,0.0,0.0,0.0,0.0,0.0,0.0,1.0,0.0,1.0,0.0,1.0,0.0,0.0,0.0,0.0,0.0
0,6.0,( max-index (( linear-dist (( _sqr (( _utiltot  ) )  ) ) (( _mlt (( _expincome  ) ) (( _income  ) )  ) )  ) )  ) ,0.012592660032397283,0.0,0.0,0.0,0.0,1.0,0.0,0.0,0.0,0.0,1.0,0.0,0.0,0.0,0.0,0.0,0.0,0.0,0.0,1.0,0.0,0.0,0.0,0.0,0.0,0.0,1.0,0.0,0.0,0.0,0.0,0.0,1.0,0.0,0.0,0.0,0.0,1.0,0.0,1.0,0.0,0.0,0.0,0.0,0.0
0,6.0,( min-index (( logistic-dist (( _exp (( _mlt (( _first (( possible-decisions  ) )  ) ) (( _sqrt (( upstream-neighbors-last-investment  ) )  ) )  ) )  ) ) (( _mlt (( _greater (( _real-invest  ) ) (( _mean (( dist-to-num-list (( normal-dist (( _exppg  ) ) (( _greater (( _div (( _last (( _probinvest  ) )  ) ) (( _exp (( _sin (( _sqr (( _exppg  ) )  ) )  ) )  ) )  ) ) (( _min (( _listcontribute  ) )  ) )  ) )  ) )  ) )  ) )  ) ) (( _pga  ) )  ) )  ) )  ) ,0.012592660032397283,0.0,1.0,0.0,2.0,0.0,2.0,0.0,1.0,2.0,0.0,0.0,1.0,0.0,0.0,1.0,0.0,1.0,1.0,2.0,0.0,1.0,1.0,1.0,0.0,1.0,1.0,1.0,0.0,0.0,0.0,0.0,0.0,1.0,0.0,0.0,0.0,0.0,1.0,0.0,1.0,1.0,1.0,0.0,1.0
0,6.0,( min-index (( exponential-dist (( _last (( _listcontribute  ) )  ) )  ) )  ) ,0.012592660032397283,0.0,0.0,0.0,0.0,0.0,0.0,0.0,0.0,0.0,0.0,0.0,1.0,0.0,0.0,1.0,0.0,0.0,0.0,0.0,0.0,0.0,0.0,0.0,0.0,0.0,0.0,0.0,0.0,0.0,0.0,0.0,0.0,0.0,0.0,0.0,1.0,0.0,0.0,0.0,1.0,0.0,0.0,0.0,0.0
0,6.0,( max-index (( normal-dist (( _mean (( empty-list  ) )  ) ) (( _utiltot  ) )  ) )  ) ,0.012592660032397283,0.0,0.0,0.0,0.0,0.0,0.0,0.0,0.0,0.0,0.0,0.0,0.0,0.0,0.0,0.0,0.0,1.0,0.0,0.0,0.0,0.0,0.0,0.0,0.0,0.0,0.0,0.0,0.0,0.0,0.0,0.0,1.0,0.0,0.0,1.0,0.0,0.0,0.0,1.0,0.0,1.0,0.0,0.0,0.0
0,6.0,( max-index (( normal-dist (( _mean (( empty-list  ) )  ) ) (( _utiltot  ) )  ) )  ) ,0.012592660032397283,0.0,0.0,0.0,0.0,0.0,0.0,0.0,0.0,0.0,0.0,0.0,0.0,0.0,0.0,0.0,0.0,1.0,0.0,0.0,0.0,0.0,0.0,0.0,0.0,0.0,0.0,0.0,0.0,0.0,0.0,0.0,1.0,0.0,0.0,1.0,0.0,0.0,0.0,1.0,0.0,1.0,0.0,0.0,0.0
0,6.0,( min-index (( logistic-dist (( _mean (( dist-to-num-list (( logistic-dist (( _incomeothers  ) ) (( _first (( dist-to-num-list (( normal-dist (( _expincome  ) ) (( upstream-neighbors-last-investment  ) )  ) )  ) )  ) )  ) )  ) )  ) ) (( _utility  ) )  ) )  ) ,0.012592660032397283,0.0,0.0,0.0,0.0,1.0,0.0,0.0,1.0,0.0,0.0,1.0,0.0,0.0,0.0,0.0,0.0,1.0,0.0,0.0,0.0,0.0,0.0,0.0,0.0,0.0,0.0,0.0,0.0,0.0,1.0,0.0,0.0,2.0,0.0,0.0,0.0,0.0,2.0,0.0,1.0,1.0,0.0,0.0,1.0
0,7.0,( max-index (( linear-dist (( _sqr (( _utiltot  ) )  ) ) (( _mlt (( _expincome  ) ) (( _income  ) )  ) )  ) )  ) ,0.012592660032397283,0.0,0.0,0.0,0.0,1.0,0.0,0.0,0.0,0.0,1.0,0.0,0.0,0.0,0.0,0.0,0.0,0.0,0.0,1.0,0.0,0.0,0.0,0.0,0.0,0.0,1.0,0.0,0.0,0.0,0.0,0.0,1.0,0.0,0.0,0.0,0.0,1.0,0.0,1.0,0.0,0.0,0.0,0.0,0.0
0,7.0,( max-index (( linear-dist (( _expshare  ) ) (( _mean (( empty-list  ) )  ) )  ) )  ) ,0.012592660032397283,0.0,0.0,0.0,0.0,0.0,0.0,1.0,0.0,0.0,0.0,0.0,0.0,0.0,0.0,0.0,0.0,1.0,0.0,0.0,0.0,0.0,0.0,0.0,0.0,0.0,0.0,0.0,0.0,0.0,0.0,0.0,0.0,0.0,0.0,1.0,0.0,1.0,0.0,1.0,0.0,0.0,0.0,0.0,0.0
0,7.0,( max-index (( normal-dist (( _mean (( empty-list  ) )  ) ) (( _utiltot  ) )  ) )  ) ,0.012592660032397283,0.0,0.0,0.0,0.0,0.0,0.0,0.0,0.0,0.0,0.0,0.0,0.0,0.0,0.0,0.0,0.0,1.0,0.0,0.0,0.0,0.0,0.0,0.0,0.0,0.0,0.0,0.0,0.0,0.0,0.0,0.0,1.0,0.0,0.0,1.0,0.0,0.0,0.0,1.0,0.0,1.0,0.0,0.0,0.0
0,7.0,( max-index (( linear-dist (( _expshare  ) ) (( _mean (( empty-list  ) )  ) )  ) )  ) ,0.012592660032397283,0.0,0.0,0.0,0.0,0.0,0.0,1.0,0.0,0.0,0.0,0.0,0.0,0.0,0.0,0.0,0.0,1.0,0.0,0.0,0.0,0.0,0.0,0.0,0.0,0.0,0.0,0.0,0.0,0.0,0.0,0.0,0.0,0.0,0.0,1.0,0.0,1.0,0.0,1.0,0.0,0.0,0.0,0.0,0.0
0,7.0,( min-index (( logistic-dist (( _exp (( _mlt (( _first (( possible-decisions  ) )  ) ) (( _sqrt (( _pg  ) )  ) )  ) )  ) ) (( _mlt (( _greater (( _real-invest  ) ) (( _mean (( dist-to-num-list (( normal-dist (( _exppg  ) ) (( _greater (( _div (( _last (( _probinvest  ) )  ) ) (( _add (( _exp (( _income  ) )  ) ) (( _real-invest  ) )  ) )  ) ) (( _min (( _listcontribute  ) )  ) )  ) )  ) )  ) )  ) )  ) ) (( _pga  ) )  ) )  ) )  ) ,0.012592660032397283,1.0,1.0,0.0,2.0,0.0,1.0,0.0,1.0,2.0,1.0,0.0,1.0,0.0,0.0,1.0,0.0,1.0,1.0,2.0,1.0,1.0,1.0,2.0,0.0,0.0,0.0,1.0,0.0,0.0,0.0,0.0,0.0,1.0,0.0,0.0,0.0,0.0,1.0,0.0,1.0,1.0,1.0,0.0,0.0
0,7.0,( max-index (( normal-dist (( _mean (( empty-list  ) )  ) ) (( _utiltot  ) )  ) )  ) ,0.012592660032397283,0.0,0.0,0.0,0.0,0.0,0.0,0.0,0.0,0.0,0.0,0.0,0.0,0.0,0.0,0.0,0.0,1.0,0.0,0.0,0.0,0.0,0.0,0.0,0.0,0.0,0.0,0.0,0.0,0.0,0.0,0.0,1.0,0.0,0.0,1.0,0.0,0.0,0.0,1.0,0.0,1.0,0.0,0.0,0.0
0,7.0,( max-index (( normal-dist (( _mean (( dist-to-num-list (( normal-dist (( _expincome  ) ) (( upstream-neighbors-last-investment  ) )  ) )  ) )  ) ) (( _utiltot  ) )  ) )  ) ,0.012592660032397283,0.0,0.0,0.0,0.0,1.0,0.0,0.0,0.0,0.0,0.0,0.0,0.0,0.0,0.0,0.0,0.0,1.0,0.0,0.0,0.0,0.0,0.0,0.0,0.0,0.0,0.0,0.0,0.0,0.0,0.0,0.0,1.0,1.0,0.0,0.0,0.0,0.0,0.0,1.0,0.0,2.0,0.0,0.0,1.0
0,7.0,( min-index (( logistic-dist (( _mean (( dist-to-num-list (( logistic-dist (( _incomeothers  ) ) (( _first (( empty-list  ) )  ) )  ) )  ) )  ) ) (( _utility  ) )  ) )  ) ,0.012592660032397283,0.0,0.0,0.0,0.0,0.0,0.0,0.0,1.0,0.0,0.0,1.0,0.0,0.0,0.0,0.0,0.0,1.0,0.0,0.0,0.0,0.0,0.0,0.0,0.0,0.0,0.0,0.0,0.0,0.0,1.0,0.0,0.0,1.0,0.0,1.0,0.0,0.0,2.0,0.0,1.0,0.0,0.0,0.0,0.0
0,7.0,( min-index (( logistic-dist (( _exp (( _mlt (( _first (( possible-decisions  ) )  ) ) (( _sqrt (( upstream-neighbors-last-investment  ) )  ) )  ) )  ) ) (( _mlt (( _greater (( _real-invest  ) ) (( _mean (( dist-to-num-list (( normal-dist (( _exppg  ) ) (( _greater (( _div (( _last (( _probinvest  ) )  ) ) (( _add (( _exp (( _income  ) )  ) ) (( _real-invest  ) )  ) )  ) ) (( _min (( _listcontribute  ) )  ) )  ) )  ) )  ) )  ) )  ) ) (( _pga  ) )  ) )  ) )  ) ,0.012592660032397283,1.0,1.0,0.0,2.0,0.0,1.0,0.0,1.0,2.0,1.0,0.0,1.0,0.0,0.0,1.0,0.0,1.0,1.0,2.0,0.0,1.0,1.0,2.0,0.0,0.0,0.0,1.0,0.0,0.0,0.0,0.0,0.0,1.0,0.0,0.0,0.0,0.0,1.0,0.0,1.0,1.0,1.0,0.0,1.0
0,7.0,( min-index (( logistic-dist (( _mean (( dist-to-num-list (( logistic-dist (( _sqr (( _max (( _listcollect  ) )  ) )  ) ) (( _first (( dist-to-num-list (( normal-dist (( _expincome  ) ) (( upstream-neighbors-last-investment  ) )  ) )  ) )  ) )  ) )  ) )  ) ) (( _utility  ) )  ) )  ) ,0.012592660032397283,0.0,0.0,0.0,0.0,1.0,0.0,0.0,1.0,0.0,0.0,0.0,0.0,0.0,1.0,0.0,1.0,1.0,0.0,0.0,0.0,0.0,0.0,0.0,0.0,0.0,1.0,0.0,0.0,0.0,1.0,0.0,0.0,2.0,0.0,0.0,0.0,0.0,2.0,0.0,1.0,1.0,0.0,0.0,1.0
0,7.0,( max-index (( linear-dist (( _expshare  ) ) (( _sub (( _greater (( _incomeothers  ) ) (( _expshare  ) )  ) ) (( _mlt (( _pg  ) ) (( _incomeothers  ) )  ) )  ) )  ) )  ) ,0.013465765058153178,0.0,0.0,0.0,0.0,0.0,0.0,2.0,0.0,1.0,0.0,2.0,0.0,0.0,0.0,0.0,0.0,0.0,0.0,1.0,1.0,0.0,0.0,0.0,0.0,0.0,0.0,0.0,1.0,0.0,0.0,0.0,0.0,0.0,0.0,0.0,0.0,1.0,0.0,1.0,0.0,0.0,0.0,0.0,0.0
0,7.0,( min-index (( logistic-dist (( _mean (( dist-to-num-list (( logistic-dist (( _incomeothers  ) ) (( _first (( dist-to-num-list (( normal-dist (( _expincome  ) ) (( upstream-neighbors-last-investment  ) )  ) )  ) )  ) )  ) )  ) )  ) ) (( _utility  ) )  ) )  ) ,0.012592660032397283,0.0,0.0,0.0,0.0,1.0,0.0,0.0,1.0,0.0,0.0,1.0,0.0,0.0,0.0,0.0,0.0,1.0,0.0,0.0,0.0,0.0,0.0,0.0,0.0,0.0,0.0,0.0,0.0,0.0,1.0,0.0,0.0,2.0,0.0,0.0,0.0,0.0,2.0,0.0,1.0,1.0,0.0,0.0,1.0
0,7.0,( min-index (( logistic-dist (( _exp (( _mlt (( _first (( possible-decisions  ) )  ) ) (( _sqrt (( _pg  ) )  ) )  ) )  ) ) (( _mlt (( _greater (( _real-invest  ) ) (( _mean (( dist-to-num-list (( normal-dist (( _exppg  ) ) (( _greater (( _div (( _last (( _probinvest  ) )  ) ) (( _add (( _exp (( _income  ) )  ) ) (( _real-invest  ) )  ) )  ) ) (( _min (( _listcontribute  ) )  ) )  ) )  ) )  ) )  ) )  ) ) (( _pga  ) )  ) )  ) )  ) ,0.012592660032397283,1.0,1.0,0.0,2.0,0.0,1.0,0.0,1.0,2.0,1.0,0.0,1.0,0.0,0.0,1.0,0.0,1.0,1.0,2.0,1.0,1.0,1.0,2.0,0.0,0.0,0.0,1.0,0.0,0.0,0.0,0.0,0.0,1.0,0.0,0.0,0.0,0.0,1.0,0.0,1.0,1.0,1.0,0.0,0.0
0,8.0,( max-index (( exponential-dist (( _utiltot  ) )  ) )  ) ,0.012592660032397283,0.0,0.0,0.0,0.0,0.0,0.0,0.0,0.0,0.0,0.0,0.0,0.0,0.0,0.0,0.0,0.0,0.0,0.0,0.0,0.0,0.0,0.0,0.0,0.0,0.0,0.0,0.0,0.0,0.0,0.0,0.0,1.0,0.0,0.0,0.0,1.0,0.0,0.0,1.0,0.0,0.0,0.0,0.0,0.0
0,8.0,( min-index (( logistic-dist (( _mean (( dist-to-num-list (( logistic-dist (( _incomeothers  ) ) (( _first (( empty-list  ) )  ) )  ) )  ) )  ) ) (( _utility  ) )  ) )  ) ,0.012592660032397283,0.0,0.0,0.0,0.0,0.0,0.0,0.0,1.0,0.0,0.0,1.0,0.0,0.0,0.0,0.0,0.0,1.0,0.0,0.0,0.0,0.0,0.0,0.0,0.0,0.0,0.0,0.0,0.0,0.0,1.0,0.0,0.0,1.0,0.0,1.0,0.0,0.0,2.0,0.0,1.0,0.0,0.0,0.0,0.0
0,8.0,( max-index (( normal-dist (( _mean (( empty-list  ) )  ) ) (( _utiltot  ) )  ) )  ) ,0.012592660032397283,0.0,0.0,0.0,0.0,0.0,0.0,0.0,0.0,0.0,0.0,0.0,0.0,0.0,0.0,0.0,0.0,1.0,0.0,0.0,0.0,0.0,0.0,0.0,0.0,0.0,0.0,0.0,0.0,0.0,0.0,0.0,1.0,0.0,0.0,1.0,0.0,0.0,0.0,1.0,0.0,1.0,0.0,0.0,0.0
0,8.0,( min-index (( logistic-dist (( _sqrt (( _utility  ) )  ) ) (( _utility  ) )  ) )  ) ,0.012592660032397283,0.0,0.0,0.0,0.0,0.0,0.0,0.0,0.0,0.0,0.0,0.0,0.0,0.0,0.0,0.0,0.0,0.0,0.0,0.0,0.0,0.0,0.0,0.0,0.0,0.0,0.0,1.0,0.0,0.0,2.0,0.0,0.0,0.0,0.0,0.0,0.0,0.0,1.0,0.0,1.0,0.0,0.0,0.0,0.0
0,8.0,( min-index (( logistic-dist (( _add (( _mean (( empty-list  ) )  ) ) (( truncate (( _pga  ) )  ) )  ) ) (( _mlt (( _greater (( _real-invest  ) ) (( _mean (( dist-to-num-list (( normal-dist (( _exppg  ) ) (( _greater (( _div (( _last (( _probinvest  ) )  ) ) (( _add (( _exp (( _income  ) )  ) ) (( _real-invest  ) )  ) )  ) ) (( _min (( _listcontribute  ) )  ) )  ) )  ) )  ) )  ) )  ) ) (( _pga  ) )  ) )  ) )  ) ,0.012592660032397283,2.0,1.0,0.0,1.0,0.0,1.0,0.0,0.0,2.0,1.0,0.0,1.0,0.0,0.0,1.0,0.0,2.0,1.0,1.0,0.0,2.0,1.0,2.0,0.0,0.0,0.0,0.0,0.0,0.0,0.0,0.0,0.0,1.0,0.0,1.0,0.0,0.0,1.0,0.0,1.0,1.0,0.0,1.0,0.0
0,8.0,( max-index (( normal-dist (( _mean (( _listcollect  ) )  ) ) (( _utiltot  ) )  ) )  ) ,0.012592660032397283,0.0,0.0,0.0,0.0,0.0,0.0,0.0,0.0,0.0,0.0,0.0,0.0,0.0,1.0,0.0,0.0,1.0,0.0,0.0,0.0,0.0,0.0,0.0,0.0,0.0,0.0,0.0,0.0,0.0,0.0,0.0,1.0,0.0,0.0,0.0,0.0,0.0,0.0,1.0,0.0,1.0,0.0,0.0,0.0
0,8.0,( min-index (( logistic-dist (( _exp (( _mlt (( _first (( possible-decisions  ) )  ) ) (( _sqrt (( _pg  ) )  ) )  ) )  ) ) (( _mlt (( _greater (( _real-invest  ) ) (( _mean (( dist-to-num-list (( normal-dist (( _exppg  ) ) (( _greater (( _div (( _last (( _probinvest  ) )  ) ) (( _add (( _exp (( _income  ) )  ) ) (( _real-invest  ) )  ) )  ) ) (( _min (( _listcontribute  ) )  ) )  ) )  ) )  ) )  ) )  ) ) (( _pga  ) )  ) )  ) )  ) ,0.012592660032397283,1.0,1.0,0.0,2.0,0.0,1.0,0.0,1.0,2.0,1.0,0.0,1.0,0.0,0.0,1.0,0.0,1.0,1.0,2.0,1.0,1.0,1.0,2.0,0.0,0.0,0.0,1.0,0.0,0.0,0.0,0.0,0.0,1.0,0.0,0.0,0.0,0.0,1.0,0.0,1.0,1.0,1.0,0.0,0.0
0,8.0,( max-index (( normal-dist (( _mean (( empty-list  ) )  ) ) (( _utiltot  ) )  ) )  ) ,0.012592660032397283,0.0,0.0,0.0,0.0,0.0,0.0,0.0,0.0,0.0,0.0,0.0,0.0,0.0,0.0,0.0,0.0,1.0,0.0,0.0,0.0,0.0,0.0,0.0,0.0,0.0,0.0,0.0,0.0,0.0,0.0,0.0,1.0,0.0,0.0,1.0,0.0,0.0,0.0,1.0,0.0,1.0,0.0,0.0,0.0
0,8.0,( max-index (( normal-dist (( _mean (( empty-list  ) )  ) ) (( _utiltot  ) )  ) )  ) ,0.012592660032397283,0.0,0.0,0.0,0.0,0.0,0.0,0.0,0.0,0.0,0.0,0.0,0.0,0.0,0.0,0.0,0.0,1.0,0.0,0.0,0.0,0.0,0.0,0.0,0.0,0.0,0.0,0.0,0.0,0.0,0.0,0.0,1.0,0.0,0.0,1.0,0.0,0.0,0.0,1.0,0.0,1.0,0.0,0.0,0.0
0,8.0,( max-index (( normal-dist (( _mean (( dist-to-num-list (( normal-dist (( _expincome  ) ) (( upstream-neighbors-last-investment  ) )  ) )  ) )  ) ) (( _utiltot  ) )  ) )  ) ,0.012592660032397283,0.0,0.0,0.0,0.0,1.0,0.0,0.0,0.0,0.0,0.0,0.0,0.0,0.0,0.0,0.0,0.0,1.0,0.0,0.0,0.0,0.0,0.0,0.0,0.0,0.0,0.0,0.0,0.0,0.0,0.0,0.0,1.0,1.0,0.0,0.0,0.0,0.0,0.0,1.0,0.0,2.0,0.0,0.0,1.0
0,8.0,( max-index (( linear-dist (( _expshare  ) ) (( _mean (( empty-list  ) )  ) )  ) )  ) ,0.012592660032397283,0.0,0.0,0.0,0.0,0.0,0.0,1.0,0.0,0.0,0.0,0.0,0.0,0.0,0.0,0.0,0.0,1.0,0.0,0.0,0.0,0.0,0.0,0.0,0.0,0.0,0.0,0.0,0.0,0.0,0.0,0.0,0.0,0.0,0.0,1.0,0.0,1.0,0.0,1.0,0.0,0.0,0.0,0.0,0.0
0,8.0,( min-index (( logistic-dist (( _exp (( _mlt (( _first (( possible-decisions  ) )  ) ) (( _sqrt (( upstream-neighbors-last-investment  ) )  ) )  ) )  ) ) (( _mlt (( _greater (( _real-invest  ) ) (( _mean (( empty-list  ) )  ) )  ) ) (( _pga  ) )  ) )  ) )  ) ,0.012592660032397283,0.0,0.0,0.0,1.0,0.0,0.0,0.0,1.0,1.0,0.0,0.0,0.0,0.0,0.0,0.0,0.0,1.0,0.0,2.0,0.0,1.0,0.0,1.0,0.0,0.0,0.0,1.0,0.0,0.0,0.0,0.0,0.0,0.0,0.0,1.0,0.0,0.0,1.0,0.0,1.0,0.0,1.0,0.0,1.0
0,8.0,( max-index (( normal-dist (( _utiltot  ) ) (( _expincome  ) )  ) )  ) ,0.012592660032397283,0.0,0.0,0.0,0.0,1.0,0.0,0.0,0.0,0.0,0.0,0.0,0.0,0.0,0.0,0.0,0.0,0.0,0.0,0.0,0.0,0.0,0.0,0.0,0.0,0.0,0.0,0.0,0.0,0.0,0.0,0.0,1.0,0.0,0.0,0.0,0.0,0.0,0.0,1.0,0.0,1.0,0.0,0.0,0.0
0,9.0,( max-index (( normal-dist (( _max (( _listcollect  ) )  ) ) (( _utiltot  ) )  ) )  ) ,0.012592660032397283,0.0,0.0,0.0,0.0,0.0,0.0,0.0,0.0,0.0,0.0,0.0,0.0,0.0,1.0,0.0,1.0,0.0,0.0,0.0,0.0,0.0,0.0,0.0,0.0,0.0,0.0,0.0,0.0,0.0,0.0,0.0,1.0,0.0,0.0,0.0,0.0,0.0,0.0,1.0,0.0,1.0,0.0,0.0,0.0
0,9.0,( max-index (( normal-dist (( _utility  ) ) (( _expshare  ) )  ) )  ) ,0.012592660032397283,0.0,0.0,0.0,0.0,0.0,0.0,1.0,0.0,0.0,0.0,0.0,0.0,0.0,0.0,0.0,0.0,0.0,0.0,0.0,0.0,0.0,0.0,0.0,0.0,0.0,0.0,0.0,0.0,0.0,1.0,0.0,0.0,0.0,0.0,0.0,0.0,0.0,0.0,1.0,0.0,1.0,0.0,0.0,0.0
0,9.0,( max-index (( normal-dist (( _mean (( empty-list  ) )  ) ) (( _utiltot  ) )  ) )  ) ,0.012592660032397283,0.0,0.0,0.0,0.0,0.0,0.0,0.0,0.0,0.0,0.0,0.0,0.0,0.0,0.0,0.0,0.0,1.0,0.0,0.0,0.0,0.0,0.0,0.0,0.0,0.0,0.0,0.0,0.0,0.0,0.0,0.0,1.0,0.0,0.0,1.0,0.0,0.0,0.0,1.0,0.0,1.0,0.0,0.0,0.0
0,9.0,( min-index (( logistic-dist (( _exp (( _mlt (( _first (( possible-decisions  ) )  ) ) (( _sqrt (( upstream-neighbors-last-investment  ) )  ) )  ) )  ) ) (( _mlt (( _greater (( _real-invest  ) ) (( _mean (( empty-list  ) )  ) )  ) ) (( _pga  ) )  ) )  ) )  ) ,0.012592660032397283,0.0,0.0,0.0,1.0,0.0,0.0,0.0,1.0,1.0,0.0,0.0,0.0,0.0,0.0,0.0,0.0,1.0,0.0,2.0,0.0,1.0,0.0,1.0,0.0,0.0,0.0,1.0,0.0,0.0,0.0,0.0,0.0,0.0,0.0,1.0,0.0,0.0,1.0,0.0,1.0,0.0,1.0,0.0,1.0
0,9.0,( min-index (( logistic-dist (( _sqrt (( _utility  ) )  ) ) (( _utility  ) )  ) )  ) ,0.012592660032397283,0.0,0.0,0.0,0.0,0.0,0.0,0.0,0.0,0.0,0.0,0.0,0.0,0.0,0.0,0.0,0.0,0.0,0.0,0.0,0.0,0.0,0.0,0.0,0.0,0.0,0.0,1.0,0.0,0.0,2.0,0.0,0.0,0.0,0.0,0.0,0.0,0.0,1.0,0.0,1.0,0.0,0.0,0.0,0.0
0,9.0,( max-index (( normal-dist (( downstream-neighbors-last-investment  ) ) (( _sub (( _roi  ) ) (( _utiltot  ) )  ) )  ) )  ) ,0.2600436838257052,0.0,0.0,0.0,0.0,0.0,0.0,0.0,0.0,0.0,0.0,0.0,0.0,0.0,0.0,0.0,0.0,0.0,0.0,0.0,0.0,0.0,0.0,0.0,1.0,0.0,0.0,0.0,1.0,0.0,0.0,0.0,1.0,0.0,1.0,0.0,0.0,0.0,0.0,1.0,0.0,1.0,0.0,0.0,0.0
0,9.0,( max-index (( linear-dist (( _expshare  ) ) (( _first (( possible-decisions  ) )  ) )  ) )  ) ,0.012592660032397283,0.0,0.0,0.0,0.0,0.0,0.0,1.0,1.0,0.0,0.0,0.0,0.0,0.0,0.0,0.0,0.0,0.0,0.0,0.0,0.0,0.0,0.0,0.0,0.0,0.0,0.0,0.0,0.0,0.0,0.0,0.0,0.0,0.0,0.0,0.0,0.0,1.0,0.0,1.0,0.0,0.0,1.0,0.0,0.0
0,9.0,( max-index (( normal-dist (( _mean (( empty-list  ) )  ) ) (( _income  ) )  ) )  ) ,0.012592660032397283,0.0,0.0,0.0,0.0,0.0,0.0,0.0,0.0,0.0,1.0,0.0,0.0,0.0,0.0,0.0,0.0,1.0,0.0,0.0,0.0,0.0,0.0,0.0,0.0,0.0,0.0,0.0,0.0,0.0,0.0,0.0,0.0,0.0,0.0,1.0,0.0,0.0,0.0,1.0,0.0,1.0,0.0,0.0,0.0
0,9.0,( max-index (( normal-dist (( _mean (( dist-to-num-list (( normal-dist (( _expincome  ) ) (( upstream-neighbors-last-investment  ) )  ) )  ) )  ) ) (( _utiltot  ) )  ) )  ) ,0.012592660032397283,0.0,0.0,0.0,0.0,1.0,0.0,0.0,0.0,0.0,0.0,0.0,0.0,0.0,0.0,0.0,0.0,1.0,0.0,0.0,0.0,0.0,0.0,0.0,0.0,0.0,0.0,0.0,0.0,0.0,0.0,0.0,1.0,1.0,0.0,0.0,0.0,0.0,0.0,1.0,0.0,2.0,0.0,0.0,1.0
0,9.0,( max-index (( normal-dist (( _mean (( empty-list  ) )  ) ) (( _utiltot  ) )  ) )  ) ,0.012592660032397283,0.0,0.0,0.0,0.0,0.0,0.0,0.0,0.0,0.0,0.0,0.0,0.0,0.0,0.0,0.0,0.0,1.0,0.0,0.0,0.0,0.0,0.0,0.0,0.0,0.0,0.0,0.0,0.0,0.0,0.0,0.0,1.0,0.0,0.0,1.0,0.0,0.0,0.0,1.0,0.0,1.0,0.0,0.0,0.0
0,9.0,( min-index (( logistic-dist (( _add (( _mean (( empty-list  ) )  ) ) (( truncate (( _pga  ) )  ) )  ) ) (( _mlt (( _greater (( _real-invest  ) ) (( _mean (( dist-to-num-list (( normal-dist (( _exppg  ) ) (( _greater (( _div (( _last (( _probinvest  ) )  ) ) (( _add (( _exp (( _income  ) )  ) ) (( _real-invest  ) )  ) )  ) ) (( _min (( dist-to-num-list (( normal-dist (( downstream-neighbors-last-investment  ) ) (( _incomeothers  ) )  ) )  ) )  ) )  ) )  ) )  ) )  ) )  ) ) (( _pga  ) )  ) )  ) )  ) ,0.012592660032397283,2.0,1.0,0.0,1.0,0.0,1.0,0.0,0.0,2.0,1.0,1.0,1.0,0.0,0.0,0.0,0.0,2.0,1.0,1.0,0.0,2.0,1.0,2.0,0.0,0.0,0.0,0.0,0.0,0.0,0.0,0.0,0.0,2.0,1.0,1.0,0.0,0.0,1.0,0.0,1.0,2.0,0.0,1.0,0.0
0,9.0,( max-index (( normal-dist (( _mean (( dist-to-num-list (( normal-dist (( _expincome  ) ) (( upstream-neighbors-last-investment  ) )  ) )  ) )  ) ) (( _utiltot  ) )  ) )  ) ,0.012592660032397283,0.0,0.0,0.0,0.0,1.0,0.0,0.0,0.0,0.0,0.0,0.0,0.0,0.0,0.0,0.0,0.0,1.0,0.0,0.0,0.0,0.0,0.0,0.0,0.0,0.0,0.0,0.0,0.0,0.0,0.0,0.0,1.0,1.0,0.0,0.0,0.0,0.0,0.0,1.0,0.0,2.0,0.0,0.0,1.0
0,9.0,( min-index (( exponential-dist (( _last (( _listcontribute  ) )  ) )  ) )  ) ,0.012592660032397283,0.0,0.0,0.0,0.0,0.0,0.0,0.0,0.0,0.0,0.0,0.0,1.0,0.0,0.0,1.0,0.0,0.0,0.0,0.0,0.0,0.0,0.0,0.0,0.0,0.0,0.0,0.0,0.0,0.0,0.0,0.0,0.0,0.0,0.0,0.0,1.0,0.0,0.0,0.0,1.0,0.0,0.0,0.0,0.0
0,10.0,( max-index (( normal-dist (( _exppg  ) ) (( _greater (( _div (( _last (( empty-list  ) )  ) ) (( _add (( _exp (( _income  ) )  ) ) (( _real-invest  ) )  ) )  ) ) (( _min (( dist-to-num-list (( normal-dist (( downstream-neighbors-last-investment  ) ) (( _incomeothers  ) )  ) )  ) )  ) )  ) )  ) )  ) ,0.012592660032397283,1.0,1.0,0.0,1.0,0.0,1.0,0.0,0.0,1.0,1.0,1.0,1.0,0.0,0.0,0.0,0.0,0.0,1.0,0.0,0.0,0.0,0.0,1.0,0.0,0.0,0.0,0.0,0.0,0.0,0.0,0.0,0.0,1.0,1.0,1.0,0.0,0.0,0.0,1.0,0.0,2.0,0.0,0.0,0.0
0,10.0,( min-index (( logistic-dist (( _add (( _mean (( empty-list  ) )  ) ) (( truncate (( _pga  ) )  ) )  ) ) (( _mlt (( _greater (( _real-invest  ) ) (( _mean (( dist-to-num-list (( linear-dist (( _expshare  ) ) (( _first (( possible-decisions  ) )  ) )  ) )  ) )  ) )  ) ) (( _pga  ) )  ) )  ) )  ) ,0.012592660032397283,1.0,0.0,0.0,0.0,0.0,0.0,1.0,1.0,1.0,0.0,0.0,0.0,0.0,0.0,0.0,0.0,2.0,0.0,1.0,0.0,2.0,0.0,1.0,0.0,0.0,0.0,0.0,0.0,0.0,0.0,0.0,0.0,1.0,0.0,1.0,0.0,1.0,1.0,0.0,1.0,0.0,1.0,1.0,0.0
0,10.0,( min-index (( logistic-dist (( _add (( _mean (( empty-list  ) )  ) ) (( truncate (( _pga  ) )  ) )  ) ) (( _mlt (( _greater (( _real-invest  ) ) (( _mean (( dist-to-num-list (( normal-dist (( _exppg  ) ) (( _greater (( _div (( _last (( _probinvest  ) )  ) ) (( _add (( _exp (( _income  ) )  ) ) (( _real-invest  ) )  ) )  ) ) (( _min (( dist-to-num-list (( normal-dist (( downstream-neighbors-last-investment  ) ) (( _incomeothers  ) )  ) )  ) )  ) )  ) )  ) )  ) )  ) )  ) ) (( _pga  ) )  ) )  ) )  ) ,0.012592660032397283,2.0,1.0,0.0,1.0,0.0,1.0,0.0,0.0,2.0,1.0,1.0,1.0,0.0,0.0,0.0,0.0,2.0,1.0,1.0,0.0,2.0,1.0,2.0,0.0,0.0,0.0,0.0,0.0,0.0,0.0,0.0,0.0,2.0,1.0,1.0,0.0,0.0,1.0,0.0,1.0,2.0,0.0,1.0,0.0
0,10.0,( min-index (( exponential-dist (( _exppg  ) )  ) )  ) ,0.012592660032397283,0.0,0.0,0.0,0.0,0.0,1.0,0.0,0.0,0.0,0.0,0.0,0.0,0.0,0.0,0.0,0.0,0.0,0.0,0.0,0.0,0.0,0.0,0.0,0.0,0.0,0.0,0.0,0.0,0.0,0.0,0.0,0.0,0.0,0.0,0.0,1.0,0.0,0.0,0.0,1.0,0.0,0.0,0.0,0.0
0,10.0,( min-index (( logistic-dist (( _exp (( _mlt (( _first (( possible-decisions  ) )  ) ) (( _sqrt (( upstream-neighbors-last-investment  ) )  ) )  ) )  ) ) (( _mlt (( _greater (( _real-invest  ) ) (( _mean (( empty-list  ) )  ) )  ) ) (( _pga  ) )  ) )  ) )  ) ,0.012592660032397283,0.0,0.0,0.0,1.0,0.0,0.0,0.0,1.0,1.0,0.0,0.0,0.0,0.0,0.0,0.0,0.0,1.0,0.0,2.0,0.0,1.0,0.0,1.0,0.0,0.0,0.0,1.0,0.0,0.0,0.0,0.0,0.0,0.0,0.0,1.0,0.0,0.0,1.0,0.0,1.0,0.0,1.0,0.0,1.0
0,10.0,( max-index (( normal-dist (( _mean (( dist-to-num-list (( normal-dist (( _expincome  ) ) (( upstream-neighbors-last-investment  ) )  ) )  ) )  ) ) (( _utiltot  ) )  ) )  ) ,0.012592660032397283,0.0,0.0,0.0,0.0,1.0,0.0,0.0,0.0,0.0,0.0,0.0,0.0,0.0,0.0,0.0,0.0,1.0,0.0,0.0,0.0,0.0,0.0,0.0,0.0,0.0,0.0,0.0,0.0,0.0,0.0,0.0,1.0,1.0,0.0,0.0,0.0,0.0,0.0,1.0,0.0,2.0,0.0,0.0,1.0
0,10.0,( max-index (( normal-dist (( _max (( _listcollect  ) )  ) ) (( _utiltot  ) )  ) )  ) ,0.012592660032397283,0.0,0.0,0.0,0.0,0.0,0.0,0.0,0.0,0.0,0.0,0.0,0.0,0.0,1.0,0.0,1.0,0.0,0.0,0.0,0.0,0.0,0.0,0.0,0.0,0.0,0.0,0.0,0.0,0.0,0.0,0.0,1.0,0.0,0.0,0.0,0.0,0.0,0.0,1.0,0.0,1.0,0.0,0.0,0.0
0,10.0,( max-index (( normal-dist (( _mean (( empty-list  ) )  ) ) (( _sub (( downstream-neighbors-last-investment  ) ) (( truncate (( _div (( downstream-neighbors-last-investment  ) ) (( _utiltot  ) )  ) )  ) )  ) )  ) )  ) ,0.012592660032397283,0.0,1.0,0.0,0.0,0.0,0.0,0.0,0.0,0.0,0.0,0.0,0.0,0.0,0.0,0.0,0.0,1.0,0.0,0.0,0.0,0.0,0.0,0.0,0.0,0.0,0.0,0.0,1.0,0.0,0.0,0.0,1.0,0.0,2.0,1.0,0.0,0.0,0.0,1.0,0.0,1.0,0.0,1.0,0.0
0,10.0,( max-index (( normal-dist (( _mean (( _probinvest  ) )  ) ) (( _utiltot  ) )  ) )  ) ,0.012592660032397283,0.0,0.0,0.0,0.0,0.0,0.0,0.0,0.0,0.0,0.0,0.0,0.0,0.0,0.0,0.0,0.0,1.0,0.0,0.0,0.0,0.0,1.0,0.0,0.0,0.0,0.0,0.0,0.0,0.0,0.0,0.0,1.0,0.0,0.0,0.0,0.0,0.0,0.0,1.0,0.0,1.0,0.0,0.0,0.0
0,10.0,( min-index (( logistic-dist (( _sqrt (( _utility  ) )  ) ) (( _utility  ) )  ) )  ) ,0.012592660032397283,0.0,0.0,0.0,0.0,0.0,0.0,0.0,0.0,0.0,0.0,0.0,0.0,0.0,0.0,0.0,0.0,0.0,0.0,0.0,0.0,0.0,0.0,0.0,0.0,0.0,0.0,1.0,0.0,0.0,2.0,0.0,0.0,0.0,0.0,0.0,0.0,0.0,1.0,0.0,1.0,0.0,0.0,0.0,0.0
0,10.0,( max-index (( normal-dist (( _last (( _listcontribute  ) )  ) ) (( _utiltot  ) )  ) )  ) ,0.012592660032397283,0.0,0.0,0.0,0.0,0.0,0.0,0.0,0.0,0.0,0.0,0.0,1.0,0.0,0.0,1.0,0.0,0.0,0.0,0.0,0.0,0.0,0.0,0.0,0.0,0.0,0.0,0.0,0.0,0.0,0.0,0.0,1.0,0.0,0.0,0.0,0.0,0.0,0.0,1.0,0.0,1.0,0.0,0.0,0.0
0,10.0,( max-index (( normal-dist (( _max (( _listcollect  ) )  ) ) (( _utiltot  ) )  ) )  ) ,0.012592660032397283,0.0,0.0,0.0,0.0,0.0,0.0,0.0,0.0,0.0,0.0,0.0,0.0,0.0,1.0,0.0,1.0,0.0,0.0,0.0,0.0,0.0,0.0,0.0,0.0,0.0,0.0,0.0,0.0,0.0,0.0,0.0,1.0,0.0,0.0,0.0,0.0,0.0,0.0,1.0,0.0,1.0,0.0,0.0,0.0
0,10.0,( max-index (( linear-dist (( _expshare  ) ) (( _sin (( _incomeothers  ) )  ) )  ) )  ) ,0.013465765058153178,0.0,0.0,0.0,0.0,0.0,0.0,1.0,0.0,0.0,0.0,1.0,0.0,0.0,0.0,0.0,0.0,0.0,0.0,0.0,0.0,0.0,0.0,0.0,0.0,1.0,0.0,0.0,0.0,0.0,0.0,0.0,0.0,0.0,0.0,0.0,0.0,1.0,0.0,1.0,0.0,0.0,0.0,0.0,0.0
0,11.0,( min-index (( logistic-dist (( _add (( _mean (( empty-list  ) )  ) ) (( truncate (( _pga  ) )  ) )  ) ) (( _mlt (( _greater (( _real-invest  ) ) (( _mean (( dist-to-num-list (( normal-dist (( _exppg  ) ) (( _greater (( _div (( _last (( _probinvest  ) )  ) ) (( _add (( _exp (( _income  ) )  ) ) (( _real-invest  ) )  ) )  ) ) (( _min (( dist-to-num-list (( normal-dist (( downstream-neighbors-last-investment  ) ) (( _incomeothers  ) )  ) )  ) )  ) )  ) )  ) )  ) )  ) )  ) ) (( _pga  ) )  ) )  ) )  ) ,0.012592660032397283,2.0,1.0,0.0,1.0,0.0,1.0,0.0,0.0,2.0,1.0,1.0,1.0,0.0,0.0,0.0,0.0,2.0,1.0,1.0,0.0,2.0,1.0,2.0,0.0,0.0,0.0,0.0,0.0,0.0,0.0,0.0,0.0,2.0,1.0,1.0,0.0,0.0,1.0,0.0,1.0,2.0,0.0,1.0,0.0
0,11.0,( max-index (( normal-dist (( _mean (( _probinvest  ) )  ) ) (( _utiltot  ) )  ) )  ) ,0.012592660032397283,0.0,0.0,0.0,0.0,0.0,0.0,0.0,0.0,0.0,0.0,0.0,0.0,0.0,0.0,0.0,0.0,1.0,0.0,0.0,0.0,0.0,1.0,0.0,0.0,0.0,0.0,0.0,0.0,0.0,0.0,0.0,1.0,0.0,0.0,0.0,0.0,0.0,0.0,1.0,0.0,1.0,0.0,0.0,0.0
0,11.0,( max-index (( normal-dist (( _max (( _listcollect  ) )  ) ) (( _utiltot  ) )  ) )  ) ,0.012592660032397283,0.0,0.0,0.0,0.0,0.0,0.0,0.0,0.0,0.0,0.0,0.0,0.0,0.0,1.0,0.0,1.0,0.0,0.0,0.0,0.0,0.0,0.0,0.0,0.0,0.0,0.0,0.0,0.0,0.0,0.0,0.0,1.0,0.0,0.0,0.0,0.0,0.0,0.0,1.0,0.0,1.0,0.0,0.0,0.0
0,11.0,( min-index (( logistic-dist (( _sqrt (( _first (( _utillist  ) )  ) )  ) ) (( _utility  ) )  ) )  ) ,0.012592660032397283,0.0,0.0,0.0,0.0,0.0,0.0,0.0,1.0,0.0,0.0,0.0,0.0,0.0,0.0,0.0,0.0,0.0,0.0,0.0,0.0,0.0,0.0,0.0,0.0,0.0,0.0,1.0,0.0,0.0,1.0,1.0,0.0,0.0,0.0,0.0,0.0,0.0,1.0,0.0,1.0,0.0,0.0,0.0,0.0
0,11.0,( max-index (( normal-dist (( _max (( _listcollect  ) )  ) ) (( _utiltot  ) )  ) )  ) ,0.012592660032397283,0.0,0.0,0.0,0.0,0.0,0.0,0.0,0.0,0.0,0.0,0.0,0.0,0.0,1.0,0.0,1.0,0.0,0.0,0.0,0.0,0.0,0.0,0.0,0.0,0.0,0.0,0.0,0.0,0.0,0.0,0.0,1.0,0.0,0.0,0.0,0.0,0.0,0.0,1.0,0.0,1.0,0.0,0.0,0.0
0,11.0,( min-index (( logistic-dist (( _add (( _mean (( empty-list  ) )  ) ) (( truncate (( _pga  ) )  ) )  ) ) (( _mlt (( _greater (( _real-invest  ) ) (( _mean (( dist-to-num-list (( normal-dist (( _exppg  ) ) (( _greater (( _div (( _last (( _probinvest  ) )  ) ) (( _add (( _exp (( _income  ) )  ) ) (( _real-invest  ) )  ) )  ) ) (( _min (( dist-to-num-list (( normal-dist (( downstream-neighbors-last-investment  ) ) (( _incomeothers  ) )  ) )  ) )  ) )  ) )  ) )  ) )  ) )  ) ) (( _pga  ) )  ) )  ) )  ) ,0.012592660032397283,2.0,1.0,0.0,1.0,0.0,1.0,0.0,0.0,2.0,1.0,1.0,1.0,0.0,0.0,0.0,0.0,2.0,1.0,1.0,0.0,2.0,1.0,2.0,0.0,0.0,0.0,0.0,0.0,0.0,0.0,0.0,0.0,2.0,1.0,1.0,0.0,0.0,1.0,0.0,1.0,2.0,0.0,1.0,0.0
0,11.0,( min-index (( exponential-dist (( _exppg  ) )  ) )  ) ,0.012592660032397283,0.0,0.0,0.0,0.0,0.0,1.0,0.0,0.0,0.0,0.0,0.0,0.0,0.0,0.0,0.0,0.0,0.0,0.0,0.0,0.0,0.0,0.0,0.0,0.0,0.0,0.0,0.0,0.0,0.0,0.0,0.0,0.0,0.0,0.0,0.0,1.0,0.0,0.0,0.0,1.0,0.0,0.0,0.0,0.0
0,11.0,( max-index (( normal-dist (( _max (( _listcollect  ) )  ) ) (( _utiltot  ) )  ) )  ) ,0.012592660032397283,0.0,0.0,0.0,0.0,0.0,0.0,0.0,0.0,0.0,0.0,0.0,0.0,0.0,1.0,0.0,1.0,0.0,0.0,0.0,0.0,0.0,0.0,0.0,0.0,0.0,0.0,0.0,0.0,0.0,0.0,0.0,1.0,0.0,0.0,0.0,0.0,0.0,0.0,1.0,0.0,1.0,0.0,0.0,0.0
0,11.0,( min-index (( logistic-dist (( _sqrt (( _utility  ) )  ) ) (( _utility  ) )  ) )  ) ,0.012592660032397283,0.0,0.0,0.0,0.0,0.0,0.0,0.0,0.0,0.0,0.0,0.0,0.0,0.0,0.0,0.0,0.0,0.0,0.0,0.0,0.0,0.0,0.0,0.0,0.0,0.0,0.0,1.0,0.0,0.0,2.0,0.0,0.0,0.0,0.0,0.0,0.0,0.0,1.0,0.0,1.0,0.0,0.0,0.0,0.0
0,11.0,( max-index (( normal-dist (( _mean (( _probinvest  ) )  ) ) (( _utiltot  ) )  ) )  ) ,0.012592660032397283,0.0,0.0,0.0,0.0,0.0,0.0,0.0,0.0,0.0,0.0,0.0,0.0,0.0,0.0,0.0,0.0,1.0,0.0,0.0,0.0,0.0,1.0,0.0,0.0,0.0,0.0,0.0,0.0,0.0,0.0,0.0,1.0,0.0,0.0,0.0,0.0,0.0,0.0,1.0,0.0,1.0,0.0,0.0,0.0
0,11.0,( max-index (( normal-dist (( _mean (( empty-list  ) )  ) ) (( _sub (( downstream-neighbors-last-investment  ) ) (( truncate (( _div (( downstream-neighbors-last-investment  ) ) (( _utiltot  ) )  ) )  ) )  ) )  ) )  ) ,0.012592660032397283,0.0,1.0,0.0,0.0,0.0,0.0,0.0,0.0,0.0,0.0,0.0,0.0,0.0,0.0,0.0,0.0,1.0,0.0,0.0,0.0,0.0,0.0,0.0,0.0,0.0,0.0,0.0,1.0,0.0,0.0,0.0,1.0,0.0,2.0,1.0,0.0,0.0,0.0,1.0,0.0,1.0,0.0,1.0,0.0
0,11.0,( min-index (( logistic-dist (( _exp (( _mlt (( _first (( possible-decisions  ) )  ) ) (( _sqrt (( upstream-neighbors-last-investment  ) )  ) )  ) )  ) ) (( _mlt (( _greater (( _real-invest  ) ) (( _mean (( empty-list  ) )  ) )  ) ) (( _pga  ) )  ) )  ) )  ) ,0.012592660032397283,0.0,0.0,0.0,1.0,0.0,0.0,0.0,1.0,1.0,0.0,0.0,0.0,0.0,0.0,0.0,0.0,1.0,0.0,2.0,0.0,1.0,0.0,1.0,0.0,0.0,0.0,1.0,0.0,0.0,0.0,0.0,0.0,0.0,0.0,1.0,0.0,0.0,1.0,0.0,1.0,0.0,1.0,0.0,1.0
0,11.0,( max-index (( normal-dist (( _mean (( _probinvest  ) )  ) ) (( _utiltot  ) )  ) )  ) ,0.012592660032397283,0.0,0.0,0.0,0.0,0.0,0.0,0.0,0.0,0.0,0.0,0.0,0.0,0.0,0.0,0.0,0.0,1.0,0.0,0.0,0.0,0.0,1.0,0.0,0.0,0.0,0.0,0.0,0.0,0.0,0.0,0.0,1.0,0.0,0.0,0.0,0.0,0.0,0.0,1.0,0.0,1.0,0.0,0.0,0.0
0,12.0,( max-index (( normal-dist (( _income  ) ) (( _pga  ) )  ) )  ) ,0.015027710177118087,0.0,0.0,0.0,0.0,0.0,0.0,0.0,0.0,0.0,1.0,0.0,0.0,0.0,0.0,0.0,0.0,0.0,0.0,0.0,0.0,1.0,0.0,0.0,0.0,0.0,0.0,0.0,0.0,0.0,0.0,0.0,0.0,0.0,0.0,0.0,0.0,0.0,0.0,1.0,0.0,1.0,0.0,0.0,0.0
0,12.0,( max-index (( normal-dist (( _mean (( _listcollect  ) )  ) ) (( _utiltot  ) )  ) )  ) ,0.012592660032397283,0.0,0.0,0.0,0.0,0.0,0.0,0.0,0.0,0.0,0.0,0.0,0.0,0.0,1.0,0.0,0.0,1.0,0.0,0.0,0.0,0.0,0.0,0.0,0.0,0.0,0.0,0.0,0.0,0.0,0.0,0.0,1.0,0.0,0.0,0.0,0.0,0.0,0.0,1.0,0.0,1.0,0.0,0.0,0.0
0,12.0,( min-index (( logistic-dist (( _add (( _mean (( empty-list  ) )  ) ) (( truncate (( _pga  ) )  ) )  ) ) (( _mlt (( _greater (( _real-invest  ) ) (( _mean (( dist-to-num-list (( normal-dist (( _exppg  ) ) (( _greater (( _div (( _last (( _probinvest  ) )  ) ) (( _add (( _exp (( _income  ) )  ) ) (( _real-invest  ) )  ) )  ) ) (( _min (( dist-to-num-list (( normal-dist (( downstream-neighbors-last-investment  ) ) (( _incomeothers  ) )  ) )  ) )  ) )  ) )  ) )  ) )  ) )  ) ) (( _pga  ) )  ) )  ) )  ) ,0.012592660032397283,2.0,1.0,0.0,1.0,0.0,1.0,0.0,0.0,2.0,1.0,1.0,1.0,0.0,0.0,0.0,0.0,2.0,1.0,1.0,0.0,2.0,1.0,2.0,0.0,0.0,0.0,0.0,0.0,0.0,0.0,0.0,0.0,2.0,1.0,1.0,0.0,0.0,1.0,0.0,1.0,2.0,0.0,1.0,0.0
0,12.0,( min-index (( logistic-dist (( _exp (( _mlt (( _first (( possible-decisions  ) )  ) ) (( _sqrt (( upstream-neighbors-last-investment  ) )  ) )  ) )  ) ) (( _mlt (( _greater (( _real-invest  ) ) (( _mean (( empty-list  ) )  ) )  ) ) (( _pga  ) )  ) )  ) )  ) ,0.012592660032397283,0.0,0.0,0.0,1.0,0.0,0.0,0.0,1.0,1.0,0.0,0.0,0.0,0.0,0.0,0.0,0.0,1.0,0.0,2.0,0.0,1.0,0.0,1.0,0.0,0.0,0.0,1.0,0.0,0.0,0.0,0.0,0.0,0.0,0.0,1.0,0.0,0.0,1.0,0.0,1.0,0.0,1.0,0.0,1.0
0,12.0,( min-index (( logistic-dist (( _sqrt (( _first (( _utillist  ) )  ) )  ) ) (( _utility  ) )  ) )  ) ,0.012592660032397283,0.0,0.0,0.0,0.0,0.0,0.0,0.0,1.0,0.0,0.0,0.0,0.0,0.0,0.0,0.0,0.0,0.0,0.0,0.0,0.0,0.0,0.0,0.0,0.0,0.0,0.0,1.0,0.0,0.0,1.0,1.0,0.0,0.0,0.0,0.0,0.0,0.0,1.0,0.0,1.0,0.0,0.0,0.0,0.0
0,12.0,( max-index (( normal-dist (( _add (( _exppg  ) ) (( downstream-neighbors-last-investment  ) )  ) ) (( _utiltot  ) )  ) )  ) ,0.012592660032397283,1.0,0.0,0.0,0.0,0.0,1.0,0.0,0.0,0.0,0.0,0.0,0.0,0.0,0.0,0.0,0.0,0.0,0.0,0.0,0.0,0.0,0.0,0.0,0.0,0.0,0.0,0.0,0.0,0.0,0.0,0.0,1.0,0.0,1.0,0.0,0.0,0.0,0.0,1.0,0.0,1.0,0.0,0.0,0.0
0,12.0,( max-index (( normal-dist (( _utiltot  ) ) (( _utiltot  ) )  ) )  ) ,0.14280978164548497,0.0,0.0,0.0,0.0,0.0,0.0,0.0,0.0,0.0,0.0,0.0,0.0,0.0,0.0,0.0,0.0,0.0,0.0,0.0,0.0,0.0,0.0,0.0,0.0,0.0,0.0,0.0,0.0,0.0,0.0,0.0,2.0,0.0,0.0,0.0,0.0,0.0,0.0,1.0,0.0,1.0,0.0,0.0,0.0
0,12.0,( max-index (( normal-dist (( _mean (( possible-decisions  ) )  ) ) (( _max (( _listcollect  ) )  ) )  ) )  ) ,0.012592660032397283,0.0,0.0,0.0,0.0,0.0,0.0,0.0,0.0,0.0,0.0,0.0,0.0,0.0,1.0,0.0,1.0,1.0,0.0,0.0,0.0,0.0,0.0,0.0,0.0,0.0,0.0,0.0,0.0,0.0,0.0,0.0,0.0,0.0,0.0,0.0,0.0,0.0,0.0,1.0,0.0,1.0,1.0,0.0,0.0
0,12.0,( max-index (( normal-dist (( _max (( _listcollect  ) )  ) ) (( _utiltot  ) )  ) )  ) ,0.012592660032397283,0.0,0.0,0.0,0.0,0.0,0.0,0.0,0.0,0.0,0.0,0.0,0.0,0.0,1.0,0.0,1.0,0.0,0.0,0.0,0.0,0.0,0.0,0.0,0.0,0.0,0.0,0.0,0.0,0.0,0.0,0.0,1.0,0.0,0.0,0.0,0.0,0.0,0.0,1.0,0.0,1.0,0.0,0.0,0.0
0,12.0,( min-index (( logistic-dist (( _sqrt (( _utility  ) )  ) ) (( _utility  ) )  ) )  ) ,0.012592660032397283,0.0,0.0,0.0,0.0,0.0,0.0,0.0,0.0,0.0,0.0,0.0,0.0,0.0,0.0,0.0,0.0,0.0,0.0,0.0,0.0,0.0,0.0,0.0,0.0,0.0,0.0,1.0,0.0,0.0,2.0,0.0,0.0,0.0,0.0,0.0,0.0,0.0,1.0,0.0,1.0,0.0,0.0,0.0,0.0
0,12.0,( max-index (( normal-dist (( _mean (( empty-list  ) )  ) ) (( _sub (( downstream-neighbors-last-investment  ) ) (( truncate (( _div (( downstream-neighbors-last-investment  ) ) (( _utiltot  ) )  ) )  ) )  ) )  ) )  ) ,0.012592660032397283,0.0,1.0,0.0,0.0,0.0,0.0,0.0,0.0,0.0,0.0,0.0,0.0,0.0,0.0,0.0,0.0,1.0,0.0,0.0,0.0,0.0,0.0,0.0,0.0,0.0,0.0,0.0,1.0,0.0,0.0,0.0,1.0,0.0,2.0,1.0,0.0,0.0,0.0,1.0,0.0,1.0,0.0,1.0,0.0
0,12.0,( max-index (( normal-dist (( _max (( _listcollect  ) )  ) ) (( _utiltot  ) )  ) )  ) ,0.012592660032397283,0.0,0.0,0.0,0.0,0.0,0.0,0.0,0.0,0.0,0.0,0.0,0.0,0.0,1.0,0.0,1.0,0.0,0.0,0.0,0.0,0.0,0.0,0.0,0.0,0.0,0.0,0.0,0.0,0.0,0.0,0.0,1.0,0.0,0.0,0.0,0.0,0.0,0.0,1.0,0.0,1.0,0.0,0.0,0.0
0,12.0,( min-index (( logistic-dist (( truncate (( truncate (( _utility  ) )  ) )  ) ) (( _exp (( downstream-neighbors-last-investment  ) )  ) )  ) )  ) ,0.012592660032397283,0.0,0.0,0.0,1.0,0.0,0.0,0.0,0.0,0.0,0.0,0.0,0.0,0.0,0.0,0.0,0.0,0.0,0.0,0.0,0.0,0.0,0.0,0.0,0.0,0.0,0.0,0.0,0.0,0.0,1.0,0.0,0.0,0.0,1.0,0.0,0.0,0.0,1.0,0.0,1.0,0.0,0.0,2.0,0.0
0,13.0,( max-index (( normal-dist (( _add (( _exppg  ) ) (( _exppg  ) )  ) ) (( _utiltot  ) )  ) )  ) ,0.012592660032397283,1.0,0.0,0.0,0.0,0.0,2.0,0.0,0.0,0.0,0.0,0.0,0.0,0.0,0.0,0.0,0.0,0.0,0.0,0.0,0.0,0.0,0.0,0.0,0.0,0.0,0.0,0.0,0.0,0.0,0.0,0.0,1.0,0.0,0.0,0.0,0.0,0.0,0.0,1.0,0.0,1.0,0.0,0.0,0.0
0,13.0,( max-index (( normal-dist (( _mean (( _listcollect  ) )  ) ) (( _utiltot  ) )  ) )  ) ,0.012592660032397283,0.0,0.0,0.0,0.0,0.0,0.0,0.0,0.0,0.0,0.0,0.0,0.0,0.0,1.0,0.0,0.0,1.0,0.0,0.0,0.0,0.0,0.0,0.0,0.0,0.0,0.0,0.0,0.0,0.0,0.0,0.0,1.0,0.0,0.0,0.0,0.0,0.0,0.0,1.0,0.0,1.0,0.0,0.0,0.0
0,13.0,( min-index (( logistic-dist (( _sqrt (( _first (( _utillist  ) )  ) )  ) ) (( _utility  ) )  ) )  ) ,0.012592660032397283,0.0,0.0,0.0,0.0,0.0,0.0,0.0,1.0,0.0,0.0,0.0,0.0,0.0,0.0,0.0,0.0,0.0,0.0,0.0,0.0,0.0,0.0,0.0,0.0,0.0,0.0,1.0,0.0,0.0,1.0,1.0,0.0,0.0,0.0,0.0,0.0,0.0,1.0,0.0,1.0,0.0,0.0,0.0,0.0
0,13.0,( max-index (( normal-dist (( _mean (( _listcollect  ) )  ) ) (( _utiltot  ) )  ) )  ) ,0.012592660032397283,0.0,0.0,0.0,0.0,0.0,0.0,0.0,0.0,0.0,0.0,0.0,0.0,0.0,1.0,0.0,0.0,1.0,0.0,0.0,0.0,0.0,0.0,0.0,0.0,0.0,0.0,0.0,0.0,0.0,0.0,0.0,1.0,0.0,0.0,0.0,0.0,0.0,0.0,1.0,0.0,1.0,0.0,0.0,0.0
0,13.0,( min-index (( logistic-dist (( _sqrt (( _first (( _utillist  ) )  ) )  ) ) (( _utility  ) )  ) )  ) ,0.012592660032397283,0.0,0.0,0.0,0.0,0.0,0.0,0.0,1.0,0.0,0.0,0.0,0.0,0.0,0.0,0.0,0.0,0.0,0.0,0.0,0.0,0.0,0.0,0.0,0.0,0.0,0.0,1.0,0.0,0.0,1.0,1.0,0.0,0.0,0.0,0.0,0.0,0.0,1.0,0.0,1.0,0.0,0.0,0.0,0.0
0,13.0,( max-index (( normal-dist (( _add (( _exppg  ) ) (( downstream-neighbors-last-investment  ) )  ) ) (( _utiltot  ) )  ) )  ) ,0.012592660032397283,1.0,0.0,0.0,0.0,0.0,1.0,0.0,0.0,0.0,0.0,0.0,0.0,0.0,0.0,0.0,0.0,0.0,0.0,0.0,0.0,0.0,0.0,0.0,0.0,0.0,0.0,0.0,0.0,0.0,0.0,0.0,1.0,0.0,1.0,0.0,0.0,0.0,0.0,1.0,0.0,1.0,0.0,0.0,0.0
0,13.0,( min-index (( logistic-dist (( _add (( _mean (( empty-list  ) )  ) ) (( truncate (( _pga  ) )  ) )  ) ) (( _mlt (( _greater (( _real-invest  ) ) (( _exppg  ) )  ) ) (( _pga  ) )  ) )  ) )  ) ,0.012592660032397283,1.0,0.0,0.0,0.0,0.0,1.0,0.0,0.0,1.0,0.0,0.0,0.0,0.0,0.0,0.0,0.0,1.0,0.0,1.0,0.0,2.0,0.0,1.0,0.0,0.0,0.0,0.0,0.0,0.0,0.0,0.0,0.0,0.0,0.0,1.0,0.0,0.0,1.0,0.0,1.0,0.0,0.0,1.0,0.0
0,13.0,( max-index (( normal-dist (( _mean (( _listcollect  ) )  ) ) (( _max (( _listcollect  ) )  ) )  ) )  ) ,0.012592660032397283,0.0,0.0,0.0,0.0,0.0,0.0,0.0,0.0,0.0,0.0,0.0,0.0,0.0,2.0,0.0,1.0,1.0,0.0,0.0,0.0,0.0,0.0,0.0,0.0,0.0,0.0,0.0,0.0,0.0,0.0,0.0,0.0,0.0,0.0,0.0,0.0,0.0,0.0,1.0,0.0,1.0,0.0,0.0,0.0
0,13.0,( min-index (( logistic-dist (( _sqrt (( _first (( _utillist  ) )  ) )  ) ) (( _utility  ) )  ) )  ) ,0.012592660032397283,0.0,0.0,0.0,0.0,0.0,0.0,0.0,1.0,0.0,0.0,0.0,0.0,0.0,0.0,0.0,0.0,0.0,0.0,0.0,0.0,0.0,0.0,0.0,0.0,0.0,0.0,1.0,0.0,0.0,1.0,1.0,0.0,0.0,0.0,0.0,0.0,0.0,1.0,0.0,1.0,0.0,0.0,0.0,0.0
0,13.0,( max-index (( normal-dist (( _mean (( dist-to-num-list (( linear-dist (( downstream-neighbors-last-investment  ) ) (( _real-invest  ) )  ) )  ) )  ) ) (( _max (( _listcollect  ) )  ) )  ) )  ) ,0.012592660032397283,0.0,0.0,0.0,0.0,0.0,0.0,0.0,0.0,0.0,0.0,0.0,0.0,0.0,1.0,0.0,1.0,1.0,0.0,0.0,0.0,0.0,0.0,1.0,0.0,0.0,0.0,0.0,0.0,0.0,0.0,0.0,0.0,1.0,1.0,0.0,0.0,1.0,0.0,1.0,0.0,1.0,0.0,0.0,0.0
0,13.0,( max-index (( normal-dist (( upstream-neighbors-last-investment  ) ) (( _greater (( _max (( _probinvest  ) )  ) ) (( _last (( possible-decisions  ) )  ) )  ) )  ) )  ) ,0.012592660032397283,0.0,0.0,0.0,0.0,0.0,0.0,0.0,0.0,1.0,0.0,0.0,1.0,0.0,0.0,0.0,1.0,0.0,0.0,0.0,0.0,0.0,1.0,0.0,0.0,0.0,0.0,0.0,0.0,0.0,0.0,0.0,0.0,0.0,0.0,0.0,0.0,0.0,0.0,1.0,0.0,1.0,1.0,0.0,1.0
0,13.0,( max-index (( normal-dist (( _mean (( _utillist  ) )  ) ) (( _mean (( possible-decisions  ) )  ) )  ) )  ) ,0.17043254909000077,0.0,0.0,0.0,0.0,0.0,0.0,0.0,0.0,0.0,0.0,0.0,0.0,0.0,0.0,0.0,0.0,2.0,0.0,0.0,0.0,0.0,0.0,0.0,0.0,0.0,0.0,0.0,0.0,0.0,0.0,1.0,0.0,0.0,0.0,0.0,0.0,0.0,0.0,1.0,0.0,1.0,1.0,0.0,0.0
0,13.0,( min-index (( logistic-dist (( _add (( _mean (( empty-list  ) )  ) ) (( truncate (( _pga  ) )  ) )  ) ) (( _mlt (( _greater (( _real-invest  ) ) (( _mean (( dist-to-num-list (( normal-dist (( _exppg  ) ) (( _greater (( _div (( _last (( _probinvest  ) )  ) ) (( _add (( _exp (( _income  ) )  ) ) (( _real-invest  ) )  ) )  ) ) (( _min (( dist-to-num-list (( normal-dist (( downstream-neighbors-last-investment  ) ) (( _incomeothers  ) )  ) )  ) )  ) )  ) )  ) )  ) )  ) )  ) ) (( _pga  ) )  ) )  ) )  ) ,0.012592660032397283,2.0,1.0,0.0,1.0,0.0,1.0,0.0,0.0,2.0,1.0,1.0,1.0,0.0,0.0,0.0,0.0,2.0,1.0,1.0,0.0,2.0,1.0,2.0,0.0,0.0,0.0,0.0,0.0,0.0,0.0,0.0,0.0,2.0,1.0,1.0,0.0,0.0,1.0,0.0,1.0,2.0,0.0,1.0,0.0
0,14.0,( max-index (( normal-dist (( _mean (( _listcollect  ) )  ) ) (( _utiltot  ) )  ) )  ) ,0.012592660032397283,0.0,0.0,0.0,0.0,0.0,0.0,0.0,0.0,0.0,0.0,0.0,0.0,0.0,1.0,0.0,0.0,1.0,0.0,0.0,0.0,0.0,0.0,0.0,0.0,0.0,0.0,0.0,0.0,0.0,0.0,0.0,1.0,0.0,0.0,0.0,0.0,0.0,0.0,1.0,0.0,1.0,0.0,0.0,0.0
0,14.0,( min-index (( logistic-dist (( _sqrt (( _sqr (( _sqrt (( _pga  ) )  ) )  ) )  ) ) (( _utility  ) )  ) )  ) ,0.012592660032397283,0.0,0.0,0.0,0.0,0.0,0.0,0.0,0.0,0.0,0.0,0.0,0.0,0.0,0.0,0.0,0.0,0.0,0.0,0.0,0.0,1.0,0.0,0.0,0.0,0.0,1.0,2.0,0.0,0.0,1.0,0.0,0.0,0.0,0.0,0.0,0.0,0.0,1.0,0.0,1.0,0.0,0.0,0.0,0.0
0,14.0,( max-index (( normal-dist (( _mean (( dist-to-num-list (( linear-dist (( downstream-neighbors-last-investment  ) ) (( _real-invest  ) )  ) )  ) )  ) ) (( _max (( _listcollect  ) )  ) )  ) )  ) ,0.012592660032397283,0.0,0.0,0.0,0.0,0.0,0.0,0.0,0.0,0.0,0.0,0.0,0.0,0.0,1.0,0.0,1.0,1.0,0.0,0.0,0.0,0.0,0.0,1.0,0.0,0.0,0.0,0.0,0.0,0.0,0.0,0.0,0.0,1.0,1.0,0.0,0.0,1.0,0.0,1.0,0.0,1.0,0.0,0.0,0.0
0,14.0,( max-index (( normal-dist (( _add (( _exppg  ) ) (( _exppg  ) )  ) ) (( _utiltot  ) )  ) )  ) ,0.012592660032397283,1.0,0.0,0.0,0.0,0.0,2.0,0.0,0.0,0.0,0.0,0.0,0.0,0.0,0.0,0.0,0.0,0.0,0.0,0.0,0.0,0.0,0.0,0.0,0.0,0.0,0.0,0.0,0.0,0.0,0.0,0.0,1.0,0.0,0.0,0.0,0.0,0.0,0.0,1.0,0.0,1.0,0.0,0.0,0.0
0,14.0,( min-index (( logistic-dist (( _add (( _mean (( empty-list  ) )  ) ) (( truncate (( _pga  ) )  ) )  ) ) (( _mlt (( _greater (( _real-invest  ) ) (( _exppg  ) )  ) ) (( _pga  ) )  ) )  ) )  ) ,0.012592660032397283,1.0,0.0,0.0,0.0,0.0,1.0,0.0,0.0,1.0,0.0,0.0,0.0,0.0,0.0,0.0,0.0,1.0,0.0,1.0,0.0,2.0,0.0,1.0,0.0,0.0,0.0,0.0,0.0,0.0,0.0,0.0,0.0,0.0,0.0,1.0,0.0,0.0,1.0,0.0,1.0,0.0,0.0,1.0,0.0
0,14.0,( max-index (( normal-dist (( upstream-neighbors-last-investment  ) ) (( _greater (( _max (( _probinvest  ) )  ) ) (( _last (( possible-decisions  ) )  ) )  ) )  ) )  ) ,0.012592660032397283,0.0,0.0,0.0,0.0,0.0,0.0,0.0,0.0,1.0,0.0,0.0,1.0,0.0,0.0,0.0,1.0,0.0,0.0,0.0,0.0,0.0,1.0,0.0,0.0,0.0,0.0,0.0,0.0,0.0,0.0,0.0,0.0,0.0,0.0,0.0,0.0,0.0,0.0,1.0,0.0,1.0,1.0,0.0,1.0
0,14.0,( min-index (( logistic-dist (( _sqrt (( _first (( _utillist  ) )  ) )  ) ) (( _utility  ) )  ) )  ) ,0.012592660032397283,0.0,0.0,0.0,0.0,0.0,0.0,0.0,1.0,0.0,0.0,0.0,0.0,0.0,0.0,0.0,0.0,0.0,0.0,0.0,0.0,0.0,0.0,0.0,0.0,0.0,0.0,1.0,0.0,0.0,1.0,1.0,0.0,0.0,0.0,0.0,0.0,0.0,1.0,0.0,1.0,0.0,0.0,0.0,0.0
0,14.0,( max-index (( normal-dist (( _div (( _mean (( _utillist  ) )  ) ) (( _income  ) )  ) ) (( _utiltot  ) )  ) )  ) ,0.1462751512062299,0.0,1.0,0.0,0.0,0.0,0.0,0.0,0.0,0.0,1.0,0.0,0.0,0.0,0.0,0.0,0.0,1.0,0.0,0.0,0.0,0.0,0.0,0.0,0.0,0.0,0.0,0.0,0.0,0.0,0.0,1.0,1.0,0.0,0.0,0.0,0.0,0.0,0.0,1.0,0.0,1.0,0.0,0.0,0.0
0,14.0,( max-index (( normal-dist (( _mean (( _listcollect  ) )  ) ) (( _max (( _listcollect  ) )  ) )  ) )  ) ,0.012592660032397283,0.0,0.0,0.0,0.0,0.0,0.0,0.0,0.0,0.0,0.0,0.0,0.0,0.0,2.0,0.0,1.0,1.0,0.0,0.0,0.0,0.0,0.0,0.0,0.0,0.0,0.0,0.0,0.0,0.0,0.0,0.0,0.0,0.0,0.0,0.0,0.0,0.0,0.0,1.0,0.0,1.0,0.0,0.0,0.0
0,14.0,( max-index (( normal-dist (( _add (( _exppg  ) ) (( _exppg  ) )  ) ) (( _utiltot  ) )  ) )  ) ,0.012592660032397283,1.0,0.0,0.0,0.0,0.0,2.0,0.0,0.0,0.0,0.0,0.0,0.0,0.0,0.0,0.0,0.0,0.0,0.0,0.0,0.0,0.0,0.0,0.0,0.0,0.0,0.0,0.0,0.0,0.0,0.0,0.0,1.0,0.0,0.0,0.0,0.0,0.0,0.0,1.0,0.0,1.0,0.0,0.0,0.0
0,14.0,( max-index (( normal-dist (( _add (( _exppg  ) ) (( downstream-neighbors-last-investment  ) )  ) ) (( _utiltot  ) )  ) )  ) ,0.012592660032397283,1.0,0.0,0.0,0.0,0.0,1.0,0.0,0.0,0.0,0.0,0.0,0.0,0.0,0.0,0.0,0.0,0.0,0.0,0.0,0.0,0.0,0.0,0.0,0.0,0.0,0.0,0.0,0.0,0.0,0.0,0.0,1.0,0.0,1.0,0.0,0.0,0.0,0.0,1.0,0.0,1.0,0.0,0.0,0.0
0,14.0,( max-index (( normal-dist (( _mean (( _listcollect  ) )  ) ) (( _utiltot  ) )  ) )  ) ,0.012592660032397283,0.0,0.0,0.0,0.0,0.0,0.0,0.0,0.0,0.0,0.0,0.0,0.0,0.0,1.0,0.0,0.0,1.0,0.0,0.0,0.0,0.0,0.0,0.0,0.0,0.0,0.0,0.0,0.0,0.0,0.0,0.0,1.0,0.0,0.0,0.0,0.0,0.0,0.0,1.0,0.0,1.0,0.0,0.0,0.0
0,14.0,( min-index (( logistic-dist (( _sqrt (( _first (( _utillist  ) )  ) )  ) ) (( _utility  ) )  ) )  ) ,0.012592660032397283,0.0,0.0,0.0,0.0,0.0,0.0,0.0,1.0,0.0,0.0,0.0,0.0,0.0,0.0,0.0,0.0,0.0,0.0,0.0,0.0,0.0,0.0,0.0,0.0,0.0,0.0,1.0,0.0,0.0,1.0,1.0,0.0,0.0,0.0,0.0,0.0,0.0,1.0,0.0,1.0,0.0,0.0,0.0,0.0
0,15.0,( min-index (( logistic-dist (( _expincome  ) ) (( _mlt (( _roi  ) ) (( _expshare  ) )  ) )  ) )  ) ,0.012592660032397283,0.0,0.0,0.0,0.0,1.0,0.0,1.0,0.0,0.0,0.0,0.0,0.0,0.0,0.0,0.0,0.0,0.0,0.0,1.0,0.0,0.0,0.0,0.0,1.0,0.0,0.0,0.0,0.0,0.0,0.0,0.0,0.0,0.0,0.0,0.0,0.0,0.0,1.0,0.0,1.0,0.0,0.0,0.0,0.0
0,15.0,( min-index (( logistic-dist (( _sqrt (( _first (( _utillist  ) )  ) )  ) ) (( _utility  ) )  ) )  ) ,0.012592660032397283,0.0,0.0,0.0,0.0,0.0,0.0,0.0,1.0,0.0,0.0,0.0,0.0,0.0,0.0,0.0,0.0,0.0,0.0,0.0,0.0,0.0,0.0,0.0,0.0,0.0,0.0,1.0,0.0,0.0,1.0,1.0,0.0,0.0,0.0,0.0,0.0,0.0,1.0,0.0,1.0,0.0,0.0,0.0,0.0
0,15.0,( max-index (( normal-dist (( _add (( _mean (( dist-to-num-list (( logistic-dist (( _pg  ) ) (( _incomeothers  ) )  ) )  ) )  ) ) (( _exppg  ) )  ) ) (( _utiltot  ) )  ) )  ) ,0.019337794785558353,1.0,0.0,0.0,0.0,0.0,1.0,0.0,0.0,0.0,0.0,1.0,0.0,0.0,0.0,0.0,0.0,1.0,0.0,0.0,1.0,0.0,0.0,0.0,0.0,0.0,0.0,0.0,0.0,0.0,0.0,0.0,1.0,1.0,0.0,0.0,0.0,0.0,1.0,1.0,0.0,1.0,0.0,0.0,0.0
0,15.0,( max-index (( normal-dist (( _exppg  ) ) (( _utiltot  ) )  ) )  ) ,0.012592660032397283,0.0,0.0,0.0,0.0,0.0,1.0,0.0,0.0,0.0,0.0,0.0,0.0,0.0,0.0,0.0,0.0,0.0,0.0,0.0,0.0,0.0,0.0,0.0,0.0,0.0,0.0,0.0,0.0,0.0,0.0,0.0,1.0,0.0,0.0,0.0,0.0,0.0,0.0,1.0,0.0,1.0,0.0,0.0,0.0
0,15.0,( max-index (( normal-dist (( _mean (( _listcollect  ) )  ) ) (( _max (( _listcollect  ) )  ) )  ) )  ) ,0.012592660032397283,0.0,0.0,0.0,0.0,0.0,0.0,0.0,0.0,0.0,0.0,0.0,0.0,0.0,2.0,0.0,1.0,1.0,0.0,0.0,0.0,0.0,0.0,0.0,0.0,0.0,0.0,0.0,0.0,0.0,0.0,0.0,0.0,0.0,0.0,0.0,0.0,0.0,0.0,1.0,0.0,1.0,0.0,0.0,0.0
0,15.0,( max-index (( normal-dist (( _mean (( _probinvest  ) )  ) ) (( _max (( _listcollect  ) )  ) )  ) )  ) ,0.012592660032397283,0.0,0.0,0.0,0.0,0.0,0.0,0.0,0.0,0.0,0.0,0.0,0.0,0.0,1.0,0.0,1.0,1.0,0.0,0.0,0.0,0.0,1.0,0.0,0.0,0.0,0.0,0.0,0.0,0.0,0.0,0.0,0.0,0.0,0.0,0.0,0.0,0.0,0.0,1.0,0.0,1.0,0.0,0.0,0.0
0,15.0,( max-index (( normal-dist (( _add (( _exppg  ) ) (( _exppg  ) )  ) ) (( _utiltot  ) )  ) )  ) ,0.012592660032397283,1.0,0.0,0.0,0.0,0.0,2.0,0.0,0.0,0.0,0.0,0.0,0.0,0.0,0.0,0.0,0.0,0.0,0.0,0.0,0.0,0.0,0.0,0.0,0.0,0.0,0.0,0.0,0.0,0.0,0.0,0.0,1.0,0.0,0.0,0.0,0.0,0.0,0.0,1.0,0.0,1.0,0.0,0.0,0.0
0,15.0,( min-index (( logistic-dist (( _add (( _mean (( empty-list  ) )  ) ) (( truncate (( _pga  ) )  ) )  ) ) (( _mlt (( _greater (( _real-invest  ) ) (( _exppg  ) )  ) ) (( _pga  ) )  ) )  ) )  ) ,0.012592660032397283,1.0,0.0,0.0,0.0,0.0,1.0,0.0,0.0,1.0,0.0,0.0,0.0,0.0,0.0,0.0,0.0,1.0,0.0,1.0,0.0,2.0,0.0,1.0,0.0,0.0,0.0,0.0,0.0,0.0,0.0,0.0,0.0,0.0,0.0,1.0,0.0,0.0,1.0,0.0,1.0,0.0,0.0,1.0,0.0
0,15.0,( max-index (( normal-dist (( _mean (( _listcollect  ) )  ) ) (( _add (( _exppg  ) ) (( _exppg  ) )  ) )  ) )  ) ,0.012592660032397283,1.0,0.0,0.0,0.0,0.0,2.0,0.0,0.0,0.0,0.0,0.0,0.0,0.0,1.0,0.0,0.0,1.0,0.0,0.0,0.0,0.0,0.0,0.0,0.0,0.0,0.0,0.0,0.0,0.0,0.0,0.0,0.0,0.0,0.0,0.0,0.0,0.0,0.0,1.0,0.0,1.0,0.0,0.0,0.0
0,15.0,( max-index (( normal-dist (( _utiltot  ) ) (( _utiltot  ) )  ) )  ) ,0.14284171008471144,0.0,0.0,0.0,0.0,0.0,0.0,0.0,0.0,0.0,0.0,0.0,0.0,0.0,0.0,0.0,0.0,0.0,0.0,0.0,0.0,0.0,0.0,0.0,0.0,0.0,0.0,0.0,0.0,0.0,0.0,0.0,2.0,0.0,0.0,0.0,0.0,0.0,0.0,1.0,0.0,1.0,0.0,0.0,0.0
0,15.0,( max-index (( normal-dist (( _pga  ) ) (( _sqrt (( _roi  ) )  ) )  ) )  ) ,0.012592660032397283,0.0,0.0,0.0,0.0,0.0,0.0,0.0,0.0,0.0,0.0,0.0,0.0,0.0,0.0,0.0,0.0,0.0,0.0,0.0,0.0,1.0,0.0,0.0,1.0,0.0,0.0,1.0,0.0,0.0,0.0,0.0,0.0,0.0,0.0,0.0,0.0,0.0,0.0,1.0,0.0,1.0,0.0,0.0,0.0
0,15.0,( min-index (( logistic-dist (( _add (( _mean (( empty-list  ) )  ) ) (( truncate (( upstream-neighbors-last-investment  ) )  ) )  ) ) (( _mlt (( _greater (( _real-invest  ) ) (( _exppg  ) )  ) ) (( _pga  ) )  ) )  ) )  ) ,0.012592660032397283,1.0,0.0,0.0,0.0,0.0,1.0,0.0,0.0,1.0,0.0,0.0,0.0,0.0,0.0,0.0,0.0,1.0,0.0,1.0,0.0,1.0,0.0,1.0,0.0,0.0,0.0,0.0,0.0,0.0,0.0,0.0,0.0,0.0,0.0,1.0,0.0,0.0,1.0,0.0,1.0,0.0,0.0,1.0,1.0
0,15.0,( max-index (( normal-dist (( _mean (( _listcollect  ) )  ) ) (( _max (( _listcollect  ) )  ) )  ) )  ) ,0.012592660032397283,0.0,0.0,0.0,0.0,0.0,0.0,0.0,0.0,0.0,0.0,0.0,0.0,0.0,2.0,0.0,1.0,1.0,0.0,0.0,0.0,0.0,0.0,0.0,0.0,0.0,0.0,0.0,0.0,0.0,0.0,0.0,0.0,0.0,0.0,0.0,0.0,0.0,0.0,1.0,0.0,1.0,0.0,0.0,0.0
