Run,Gen,Rule,Fitness,combine,consider_altruism,consider_heuristic,consider_pseudorandom,consider_random,consider_relative_income,consider_selfishness,consider_utilitarian,downstream_homophily,get_max_one_of,get_min_one_of,multiply,possible_decisions,subtract,upstream_homophily
0,0.0,( get-min-one-of (( possible-decisions  ) ) (( subtract (( subtract (( combine (( consider-utilitarian  ) ) (( multiply (( consider-altruism  ) ) (( consider-pseudorandom  ) )  ) )  ) ) (( combine (( multiply (( consider-pseudorandom  ) ) (( combine (( consider-utilitarian  ) ) (( consider-utilitarian  ) )  ) )  ) ) (( upstream-homophily  ) )  ) )  ) ) (( consider-random  ) )  ) )  ) ,0.013398844978861605,3.0,1.0,0.0,2.0,1.0,0.0,0.0,3.0,0.0,0.0,1.0,2.0,1.0,2.0,1.0
0,0.0,( get-min-one-of (( possible-decisions  ) ) (( consider-relative-income  ) )  ) ,0.0892079371036745,0.0,0.0,0.0,0.0,0.0,1.0,0.0,0.0,0.0,0.0,1.0,0.0,1.0,0.0,0.0
0,0.0,( get-min-one-of (( possible-decisions  ) ) (( consider-utilitarian  ) )  ) ,0.42150418036301857,0.0,0.0,0.0,0.0,0.0,0.0,0.0,1.0,0.0,0.0,1.0,0.0,1.0,0.0,0.0
0,0.0,( get-max-one-of (( possible-decisions  ) ) (( consider-utilitarian  ) )  ) ,0.4377109763038624,0.0,0.0,0.0,0.0,0.0,0.0,0.0,1.0,0.0,1.0,0.0,0.0,1.0,0.0,0.0
0,0.0,( get-max-one-of (( possible-decisions  ) ) (( consider-random  ) )  ) ,0.4973441181074717,0.0,0.0,0.0,0.0,1.0,0.0,0.0,0.0,0.0,1.0,0.0,0.0,1.0,0.0,0.0
0,1.0,( get-min-one-of (( possible-decisions  ) ) (( consider-relative-income  ) )  ) ,0.08926467767902202,0.0,0.0,0.0,0.0,0.0,1.0,0.0,0.0,0.0,0.0,1.0,0.0,1.0,0.0,0.0
0,1.0,( get-min-one-of (( possible-decisions  ) ) (( consider-relative-income  ) )  ) ,0.08926131629680863,0.0,0.0,0.0,0.0,0.0,1.0,0.0,0.0,0.0,0.0,1.0,0.0,1.0,0.0,0.0
0,1.0,( get-min-one-of (( possible-decisions  ) ) (( subtract (( subtract (( combine (( consider-utilitarian  ) ) (( multiply (( consider-altruism  ) ) (( consider-pseudorandom  ) )  ) )  ) ) (( combine (( multiply (( consider-pseudorandom  ) ) (( combine (( consider-utilitarian  ) ) (( consider-utilitarian  ) )  ) )  ) ) (( upstream-homophily  ) )  ) )  ) ) (( consider-random  ) )  ) )  ) ,0.013424796110909664,3.0,1.0,0.0,2.0,1.0,0.0,0.0,3.0,0.0,0.0,1.0,2.0,1.0,2.0,1.0
0,1.0,( get-min-one-of (( possible-decisions  ) ) (( consider-relative-income  ) )  ) ,0.08924612905291633,0.0,0.0,0.0,0.0,0.0,1.0,0.0,0.0,0.0,0.0,1.0,0.0,1.0,0.0,0.0
0,1.0,( get-min-one-of (( possible-decisions  ) ) (( consider-relative-income  ) )  ) ,0.08918908761899738,0.0,0.0,0.0,0.0,0.0,1.0,0.0,0.0,0.0,0.0,1.0,0.0,1.0,0.0,0.0
0,2.0,( get-min-one-of (( possible-decisions  ) ) (( consider-relative-income  ) )  ) ,0.08923356915228098,0.0,0.0,0.0,0.0,0.0,1.0,0.0,0.0,0.0,0.0,1.0,0.0,1.0,0.0,0.0
0,2.0,( get-min-one-of (( possible-decisions  ) ) (( consider-relative-income  ) )  ) ,0.08920553894566549,0.0,0.0,0.0,0.0,0.0,1.0,0.0,0.0,0.0,0.0,1.0,0.0,1.0,0.0,0.0
0,2.0,( get-min-one-of (( possible-decisions  ) ) (( subtract (( subtract (( combine (( consider-utilitarian  ) ) (( multiply (( consider-altruism  ) ) (( consider-pseudorandom  ) )  ) )  ) ) (( combine (( multiply (( consider-pseudorandom  ) ) (( combine (( consider-utilitarian  ) ) (( consider-utilitarian  ) )  ) )  ) ) (( upstream-homophily  ) )  ) )  ) ) (( consider-random  ) )  ) )  ) ,0.01337516643643522,3.0,1.0,0.0,2.0,1.0,0.0,0.0,3.0,0.0,0.0,1.0,2.0,1.0,2.0,1.0
0,2.0,( get-min-one-of (( possible-decisions  ) ) (( consider-relative-income  ) )  ) ,0.08925342012922137,0.0,0.0,0.0,0.0,0.0,1.0,0.0,0.0,0.0,0.0,1.0,0.0,1.0,0.0,0.0
0,2.0,( get-min-one-of (( possible-decisions  ) ) (( subtract (( subtract (( combine (( consider-utilitarian  ) ) (( multiply (( consider-altruism  ) ) (( consider-pseudorandom  ) )  ) )  ) ) (( combine (( multiply (( consider-pseudorandom  ) ) (( combine (( consider-utilitarian  ) ) (( consider-utilitarian  ) )  ) )  ) ) (( upstream-homophily  ) )  ) )  ) ) (( consider-random  ) )  ) )  ) ,0.013377408403741744,3.0,1.0,0.0,2.0,1.0,0.0,0.0,3.0,0.0,0.0,1.0,2.0,1.0,2.0,1.0
0,3.0,( get-min-one-of (( possible-decisions  ) ) (( consider-relative-income  ) )  ) ,0.08927324238073647,0.0,0.0,0.0,0.0,0.0,1.0,0.0,0.0,0.0,0.0,1.0,0.0,1.0,0.0,0.0
0,3.0,( get-min-one-of (( possible-decisions  ) ) (( subtract (( subtract (( combine (( consider-utilitarian  ) ) (( multiply (( consider-altruism  ) ) (( consider-pseudorandom  ) )  ) )  ) ) (( combine (( multiply (( consider-pseudorandom  ) ) (( combine (( consider-utilitarian  ) ) (( consider-utilitarian  ) )  ) )  ) ) (( upstream-homophily  ) )  ) )  ) ) (( consider-random  ) )  ) )  ) ,0.013351265282588952,3.0,1.0,0.0,2.0,1.0,0.0,0.0,3.0,0.0,0.0,1.0,2.0,1.0,2.0,1.0
0,3.0,( get-min-one-of (( possible-decisions  ) ) (( consider-relative-income  ) )  ) ,0.08918366671152575,0.0,0.0,0.0,0.0,0.0,1.0,0.0,0.0,0.0,0.0,1.0,0.0,1.0,0.0,0.0
0,3.0,( get-min-one-of (( possible-decisions  ) ) (( subtract (( subtract (( combine (( consider-utilitarian  ) ) (( multiply (( consider-altruism  ) ) (( consider-pseudorandom  ) )  ) )  ) ) (( combine (( multiply (( consider-pseudorandom  ) ) (( combine (( consider-utilitarian  ) ) (( consider-utilitarian  ) )  ) )  ) ) (( upstream-homophily  ) )  ) )  ) ) (( consider-random  ) )  ) )  ) ,0.013356325574929705,3.0,1.0,0.0,2.0,1.0,0.0,0.0,3.0,0.0,0.0,1.0,2.0,1.0,2.0,1.0
0,3.0,( get-min-one-of (( possible-decisions  ) ) (( consider-relative-income  ) )  ) ,0.08922753745951896,0.0,0.0,0.0,0.0,0.0,1.0,0.0,0.0,0.0,0.0,1.0,0.0,1.0,0.0,0.0
0,4.0,( get-min-one-of (( possible-decisions  ) ) (( subtract (( subtract (( subtract (( upstream-homophily  ) ) (( consider-utilitarian  ) )  ) ) (( combine (( multiply (( consider-pseudorandom  ) ) (( combine (( consider-utilitarian  ) ) (( consider-utilitarian  ) )  ) )  ) ) (( upstream-homophily  ) )  ) )  ) ) (( consider-random  ) )  ) )  ) ,0.561810559715319,2.0,0.0,0.0,1.0,1.0,0.0,0.0,3.0,0.0,0.0,1.0,1.0,1.0,3.0,2.0
0,4.0,( get-min-one-of (( possible-decisions  ) ) (( subtract (( subtract (( combine (( consider-utilitarian  ) ) (( multiply (( consider-altruism  ) ) (( consider-pseudorandom  ) )  ) )  ) ) (( combine (( multiply (( consider-pseudorandom  ) ) (( combine (( consider-utilitarian  ) ) (( consider-utilitarian  ) )  ) )  ) ) (( upstream-homophily  ) )  ) )  ) ) (( consider-random  ) )  ) )  ) ,0.01337419874552208,3.0,1.0,0.0,2.0,1.0,0.0,0.0,3.0,0.0,0.0,1.0,2.0,1.0,2.0,1.0
0,4.0,( get-min-one-of (( possible-decisions  ) ) (( subtract (( subtract (( combine (( consider-utilitarian  ) ) (( multiply (( consider-altruism  ) ) (( consider-pseudorandom  ) )  ) )  ) ) (( combine (( multiply (( consider-pseudorandom  ) ) (( combine (( consider-utilitarian  ) ) (( consider-utilitarian  ) )  ) )  ) ) (( upstream-homophily  ) )  ) )  ) ) (( consider-random  ) )  ) )  ) ,0.013349207475306072,3.0,1.0,0.0,2.0,1.0,0.0,0.0,3.0,0.0,0.0,1.0,2.0,1.0,2.0,1.0
0,4.0,( get-min-one-of (( possible-decisions  ) ) (( subtract (( subtract (( combine (( consider-utilitarian  ) ) (( multiply (( consider-altruism  ) ) (( consider-pseudorandom  ) )  ) )  ) ) (( combine (( multiply (( consider-pseudorandom  ) ) (( combine (( consider-utilitarian  ) ) (( consider-utilitarian  ) )  ) )  ) ) (( upstream-homophily  ) )  ) )  ) ) (( consider-random  ) )  ) )  ) ,0.013422204765722362,3.0,1.0,0.0,2.0,1.0,0.0,0.0,3.0,0.0,0.0,1.0,2.0,1.0,2.0,1.0
0,4.0,( get-min-one-of (( possible-decisions  ) ) (( subtract (( subtract (( combine (( consider-utilitarian  ) ) (( multiply (( consider-altruism  ) ) (( consider-pseudorandom  ) )  ) )  ) ) (( combine (( multiply (( consider-pseudorandom  ) ) (( combine (( consider-utilitarian  ) ) (( consider-utilitarian  ) )  ) )  ) ) (( upstream-homophily  ) )  ) )  ) ) (( consider-random  ) )  ) )  ) ,0.013419447443683369,3.0,1.0,0.0,2.0,1.0,0.0,0.0,3.0,0.0,0.0,1.0,2.0,1.0,2.0,1.0
0,5.0,( get-min-one-of (( possible-decisions  ) ) (( subtract (( subtract (( combine (( consider-utilitarian  ) ) (( multiply (( consider-altruism  ) ) (( consider-pseudorandom  ) )  ) )  ) ) (( combine (( multiply (( consider-pseudorandom  ) ) (( combine (( consider-utilitarian  ) ) (( consider-utilitarian  ) )  ) )  ) ) (( upstream-homophily  ) )  ) )  ) ) (( consider-random  ) )  ) )  ) ,0.01335180364581875,3.0,1.0,0.0,2.0,1.0,0.0,0.0,3.0,0.0,0.0,1.0,2.0,1.0,2.0,1.0
0,5.0,( get-min-one-of (( possible-decisions  ) ) (( subtract (( subtract (( combine (( consider-utilitarian  ) ) (( multiply (( consider-altruism  ) ) (( consider-pseudorandom  ) )  ) )  ) ) (( combine (( multiply (( consider-pseudorandom  ) ) (( combine (( consider-utilitarian  ) ) (( consider-utilitarian  ) )  ) )  ) ) (( upstream-homophily  ) )  ) )  ) ) (( consider-random  ) )  ) )  ) ,0.013423080293880944,3.0,1.0,0.0,2.0,1.0,0.0,0.0,3.0,0.0,0.0,1.0,2.0,1.0,2.0,1.0
0,5.0,( get-min-one-of (( possible-decisions  ) ) (( subtract (( subtract (( combine (( consider-utilitarian  ) ) (( multiply (( consider-altruism  ) ) (( consider-pseudorandom  ) )  ) )  ) ) (( combine (( multiply (( consider-pseudorandom  ) ) (( combine (( consider-utilitarian  ) ) (( consider-utilitarian  ) )  ) )  ) ) (( upstream-homophily  ) )  ) )  ) ) (( consider-random  ) )  ) )  ) ,0.013363846679943722,3.0,1.0,0.0,2.0,1.0,0.0,0.0,3.0,0.0,0.0,1.0,2.0,1.0,2.0,1.0
0,5.0,( get-min-one-of (( possible-decisions  ) ) (( subtract (( subtract (( combine (( consider-utilitarian  ) ) (( multiply (( consider-altruism  ) ) (( consider-pseudorandom  ) )  ) )  ) ) (( consider-random  ) )  ) ) (( consider-random  ) )  ) )  ) ,0.06411479889252512,1.0,1.0,0.0,1.0,2.0,0.0,0.0,1.0,0.0,0.0,1.0,1.0,1.0,2.0,0.0
0,5.0,( get-min-one-of (( possible-decisions  ) ) (( subtract (( subtract (( combine (( consider-utilitarian  ) ) (( multiply (( consider-altruism  ) ) (( subtract (( downstream-homophily  ) ) (( consider-relative-income  ) )  ) )  ) )  ) ) (( combine (( multiply (( consider-pseudorandom  ) ) (( combine (( consider-utilitarian  ) ) (( consider-utilitarian  ) )  ) )  ) ) (( upstream-homophily  ) )  ) )  ) ) (( consider-random  ) )  ) )  ) ,0.2451635122889284,3.0,1.0,0.0,1.0,1.0,1.0,0.0,3.0,1.0,0.0,1.0,2.0,1.0,3.0,1.0
1,0.0,( get-min-one-of (( possible-decisions  ) ) (( upstream-homophily  ) )  ) ,0.14113564043804094,0.0,0.0,0.0,0.0,0.0,0.0,0.0,0.0,0.0,0.0,1.0,0.0,1.0,0.0,1.0
1,0.0,( get-min-one-of (( possible-decisions  ) ) (( multiply (( consider-relative-income  ) ) (( combine (( consider-pseudorandom  ) ) (( downstream-homophily  ) )  ) )  ) )  ) ,0.2719473645273789,1.0,0.0,0.0,1.0,0.0,1.0,0.0,0.0,1.0,0.0,1.0,1.0,1.0,0.0,0.0
1,0.0,( get-min-one-of (( possible-decisions  ) ) (( downstream-homophily  ) )  ) ,0.1410292906769018,0.0,0.0,0.0,0.0,0.0,0.0,0.0,0.0,1.0,0.0,1.0,0.0,1.0,0.0,0.0
1,0.0,( get-min-one-of (( possible-decisions  ) ) (( multiply (( consider-heuristic  ) ) (( upstream-homophily  ) )  ) )  ) ,0.2346056632584111,0.0,0.0,1.0,0.0,0.0,0.0,0.0,0.0,0.0,0.0,1.0,1.0,1.0,0.0,1.0
1,0.0,( get-min-one-of (( possible-decisions  ) ) (( downstream-homophily  ) )  ) ,0.1409316414444855,0.0,0.0,0.0,0.0,0.0,0.0,0.0,0.0,1.0,0.0,1.0,0.0,1.0,0.0,0.0
1,1.0,( get-min-one-of (( possible-decisions  ) ) (( downstream-homophily  ) )  ) ,0.14094779234061414,0.0,0.0,0.0,0.0,0.0,0.0,0.0,0.0,1.0,0.0,1.0,0.0,1.0,0.0,0.0
1,1.0,( get-min-one-of (( possible-decisions  ) ) (( downstream-homophily  ) )  ) ,0.14089961253279515,0.0,0.0,0.0,0.0,0.0,0.0,0.0,0.0,1.0,0.0,1.0,0.0,1.0,0.0,0.0
1,1.0,( get-min-one-of (( possible-decisions  ) ) (( downstream-homophily  ) )  ) ,0.14093299162441164,0.0,0.0,0.0,0.0,0.0,0.0,0.0,0.0,1.0,0.0,1.0,0.0,1.0,0.0,0.0
1,1.0,( get-min-one-of (( possible-decisions  ) ) (( downstream-homophily  ) )  ) ,0.14099750945683265,0.0,0.0,0.0,0.0,0.0,0.0,0.0,0.0,1.0,0.0,1.0,0.0,1.0,0.0,0.0
1,1.0,( get-min-one-of (( possible-decisions  ) ) (( downstream-homophily  ) )  ) ,0.14093495394004488,0.0,0.0,0.0,0.0,0.0,0.0,0.0,0.0,1.0,0.0,1.0,0.0,1.0,0.0,0.0
1,2.0,( get-min-one-of (( possible-decisions  ) ) (( downstream-homophily  ) )  ) ,0.14092455548435526,0.0,0.0,0.0,0.0,0.0,0.0,0.0,0.0,1.0,0.0,1.0,0.0,1.0,0.0,0.0
1,2.0,( get-min-one-of (( possible-decisions  ) ) (( downstream-homophily  ) )  ) ,0.14092950984272495,0.0,0.0,0.0,0.0,0.0,0.0,0.0,0.0,1.0,0.0,1.0,0.0,1.0,0.0,0.0
1,2.0,( get-min-one-of (( possible-decisions  ) ) (( downstream-homophily  ) )  ) ,0.14097480969418774,0.0,0.0,0.0,0.0,0.0,0.0,0.0,0.0,1.0,0.0,1.0,0.0,1.0,0.0,0.0
1,2.0,( get-min-one-of (( possible-decisions  ) ) (( downstream-homophily  ) )  ) ,0.14091086926637827,0.0,0.0,0.0,0.0,0.0,0.0,0.0,0.0,1.0,0.0,1.0,0.0,1.0,0.0,0.0
1,2.0,( get-min-one-of (( possible-decisions  ) ) (( downstream-homophily  ) )  ) ,0.14089596926192408,0.0,0.0,0.0,0.0,0.0,0.0,0.0,0.0,1.0,0.0,1.0,0.0,1.0,0.0,0.0
1,3.0,( get-min-one-of (( possible-decisions  ) ) (( downstream-homophily  ) )  ) ,0.14089845014312116,0.0,0.0,0.0,0.0,0.0,0.0,0.0,0.0,1.0,0.0,1.0,0.0,1.0,0.0,0.0
1,3.0,( get-min-one-of (( possible-decisions  ) ) (( downstream-homophily  ) )  ) ,0.14097662941388622,0.0,0.0,0.0,0.0,0.0,0.0,0.0,0.0,1.0,0.0,1.0,0.0,1.0,0.0,0.0
1,3.0,( get-max-one-of (( possible-decisions  ) ) (( consider-relative-income  ) )  ) ,0.012592660032397285,0.0,0.0,0.0,0.0,0.0,1.0,0.0,0.0,0.0,1.0,0.0,0.0,1.0,0.0,0.0
1,3.0,( get-min-one-of (( possible-decisions  ) ) (( downstream-homophily  ) )  ) ,0.14091511920807695,0.0,0.0,0.0,0.0,0.0,0.0,0.0,0.0,1.0,0.0,1.0,0.0,1.0,0.0,0.0
1,3.0,( get-min-one-of (( possible-decisions  ) ) (( downstream-homophily  ) )  ) ,0.1409277296868178,0.0,0.0,0.0,0.0,0.0,0.0,0.0,0.0,1.0,0.0,1.0,0.0,1.0,0.0,0.0
1,4.0,( get-max-one-of (( possible-decisions  ) ) (( consider-relative-income  ) )  ) ,0.012592660032397285,0.0,0.0,0.0,0.0,0.0,1.0,0.0,0.0,0.0,1.0,0.0,0.0,1.0,0.0,0.0
1,4.0,( get-min-one-of (( possible-decisions  ) ) (( downstream-homophily  ) )  ) ,0.14085063479996646,0.0,0.0,0.0,0.0,0.0,0.0,0.0,0.0,1.0,0.0,1.0,0.0,1.0,0.0,0.0
1,4.0,( get-max-one-of (( possible-decisions  ) ) (( consider-relative-income  ) )  ) ,0.012592660032397285,0.0,0.0,0.0,0.0,0.0,1.0,0.0,0.0,0.0,1.0,0.0,0.0,1.0,0.0,0.0
1,4.0,( get-min-one-of (( possible-decisions  ) ) (( downstream-homophily  ) )  ) ,0.14093641143693011,0.0,0.0,0.0,0.0,0.0,0.0,0.0,0.0,1.0,0.0,1.0,0.0,1.0,0.0,0.0
1,4.0,( get-max-one-of (( possible-decisions  ) ) (( consider-relative-income  ) )  ) ,0.012592660032397285,0.0,0.0,0.0,0.0,0.0,1.0,0.0,0.0,0.0,1.0,0.0,0.0,1.0,0.0,0.0
1,5.0,( get-max-one-of (( possible-decisions  ) ) (( consider-relative-income  ) )  ) ,0.012592660032397285,0.0,0.0,0.0,0.0,0.0,1.0,0.0,0.0,0.0,1.0,0.0,0.0,1.0,0.0,0.0
1,5.0,( get-max-one-of (( possible-decisions  ) ) (( consider-relative-income  ) )  ) ,0.012592660032397285,0.0,0.0,0.0,0.0,0.0,1.0,0.0,0.0,0.0,1.0,0.0,0.0,1.0,0.0,0.0
1,5.0,( get-max-one-of (( possible-decisions  ) ) (( consider-relative-income  ) )  ) ,0.012592660032397285,0.0,0.0,0.0,0.0,0.0,1.0,0.0,0.0,0.0,1.0,0.0,0.0,1.0,0.0,0.0
1,5.0,( get-max-one-of (( possible-decisions  ) ) (( consider-relative-income  ) )  ) ,0.012592660032397285,0.0,0.0,0.0,0.0,0.0,1.0,0.0,0.0,0.0,1.0,0.0,0.0,1.0,0.0,0.0
1,5.0,( get-max-one-of (( possible-decisions  ) ) (( consider-relative-income  ) )  ) ,0.012592660032397285,0.0,0.0,0.0,0.0,0.0,1.0,0.0,0.0,0.0,1.0,0.0,0.0,1.0,0.0,0.0
2,0.0,( get-max-one-of (( possible-decisions  ) ) (( consider-random  ) )  ) ,0.4965475710307067,0.0,0.0,0.0,0.0,1.0,0.0,0.0,0.0,0.0,1.0,0.0,0.0,1.0,0.0,0.0
2,0.0,( get-max-one-of (( possible-decisions  ) ) (( consider-heuristic  ) )  ) ,0.3169389222314932,0.0,0.0,1.0,0.0,0.0,0.0,0.0,0.0,0.0,1.0,0.0,0.0,1.0,0.0,0.0
2,0.0,( get-min-one-of (( possible-decisions  ) ) (( consider-heuristic  ) )  ) ,0.012592660032397285,0.0,0.0,1.0,0.0,0.0,0.0,0.0,0.0,0.0,0.0,1.0,0.0,1.0,0.0,0.0
2,0.0,( get-max-one-of (( possible-decisions  ) ) (( downstream-homophily  ) )  ) ,0.012592660032397285,0.0,0.0,0.0,0.0,0.0,0.0,0.0,0.0,1.0,1.0,0.0,0.0,1.0,0.0,0.0
2,0.0,( get-min-one-of (( possible-decisions  ) ) (( consider-selfishness  ) )  ) ,0.07629483787589532,0.0,0.0,0.0,0.0,0.0,0.0,1.0,0.0,0.0,0.0,1.0,0.0,1.0,0.0,0.0
2,1.0,( get-max-one-of (( possible-decisions  ) ) (( consider-heuristic  ) )  ) ,0.31805073692599944,0.0,0.0,1.0,0.0,0.0,0.0,0.0,0.0,0.0,1.0,0.0,0.0,1.0,0.0,0.0
2,1.0,( get-min-one-of (( possible-decisions  ) ) (( consider-heuristic  ) )  ) ,0.012592660032397285,0.0,0.0,1.0,0.0,0.0,0.0,0.0,0.0,0.0,0.0,1.0,0.0,1.0,0.0,0.0
2,1.0,( get-min-one-of (( possible-decisions  ) ) (( consider-heuristic  ) )  ) ,0.012592660032397285,0.0,0.0,1.0,0.0,0.0,0.0,0.0,0.0,0.0,0.0,1.0,0.0,1.0,0.0,0.0
2,1.0,( get-max-one-of (( possible-decisions  ) ) (( downstream-homophily  ) )  ) ,0.012592660032397285,0.0,0.0,0.0,0.0,0.0,0.0,0.0,0.0,1.0,1.0,0.0,0.0,1.0,0.0,0.0
2,1.0,( get-min-one-of (( possible-decisions  ) ) (( consider-selfishness  ) )  ) ,0.076275424759841,0.0,0.0,0.0,0.0,0.0,0.0,1.0,0.0,0.0,0.0,1.0,0.0,1.0,0.0,0.0
2,2.0,( get-max-one-of (( possible-decisions  ) ) (( consider-heuristic  ) )  ) ,0.31694812158540275,0.0,0.0,1.0,0.0,0.0,0.0,0.0,0.0,0.0,1.0,0.0,0.0,1.0,0.0,0.0
2,2.0,( get-min-one-of (( possible-decisions  ) ) (( downstream-homophily  ) )  ) ,0.14094525440330474,0.0,0.0,0.0,0.0,0.0,0.0,0.0,0.0,1.0,0.0,1.0,0.0,1.0,0.0,0.0
2,2.0,( get-min-one-of (( possible-decisions  ) ) (( consider-heuristic  ) )  ) ,0.012592660032397285,0.0,0.0,1.0,0.0,0.0,0.0,0.0,0.0,0.0,0.0,1.0,0.0,1.0,0.0,0.0
2,2.0,( get-max-one-of (( possible-decisions  ) ) (( downstream-homophily  ) )  ) ,0.012592660032397285,0.0,0.0,0.0,0.0,0.0,0.0,0.0,0.0,1.0,1.0,0.0,0.0,1.0,0.0,0.0
2,2.0,( get-max-one-of (( possible-decisions  ) ) (( downstream-homophily  ) )  ) ,0.012592660032397285,0.0,0.0,0.0,0.0,0.0,0.0,0.0,0.0,1.0,1.0,0.0,0.0,1.0,0.0,0.0
2,3.0,( get-max-one-of (( possible-decisions  ) ) (( downstream-homophily  ) )  ) ,0.012592660032397285,0.0,0.0,0.0,0.0,0.0,0.0,0.0,0.0,1.0,1.0,0.0,0.0,1.0,0.0,0.0
2,3.0,( get-min-one-of (( possible-decisions  ) ) (( subtract (( consider-random  ) ) (( consider-utilitarian  ) )  ) )  ) ,0.5573046890585425,0.0,0.0,0.0,0.0,1.0,0.0,0.0,1.0,0.0,0.0,1.0,0.0,1.0,1.0,0.0
2,3.0,( get-max-one-of (( possible-decisions  ) ) (( consider-heuristic  ) )  ) ,0.31814722003498114,0.0,0.0,1.0,0.0,0.0,0.0,0.0,0.0,0.0,1.0,0.0,0.0,1.0,0.0,0.0
2,3.0,( get-min-one-of (( possible-decisions  ) ) (( downstream-homophily  ) )  ) ,0.14093602650169412,0.0,0.0,0.0,0.0,0.0,0.0,0.0,0.0,1.0,0.0,1.0,0.0,1.0,0.0,0.0
2,3.0,( get-max-one-of (( possible-decisions  ) ) (( downstream-homophily  ) )  ) ,0.012592660032397285,0.0,0.0,0.0,0.0,0.0,0.0,0.0,0.0,1.0,1.0,0.0,0.0,1.0,0.0,0.0
2,4.0,( get-max-one-of (( possible-decisions  ) ) (( combine (( consider-random  ) ) (( consider-utilitarian  ) )  ) )  ) ,0.5565345988256466,1.0,0.0,0.0,0.0,1.0,0.0,0.0,1.0,0.0,1.0,0.0,0.0,1.0,0.0,0.0
2,4.0,( get-max-one-of (( possible-decisions  ) ) (( downstream-homophily  ) )  ) ,0.012592660032397285,0.0,0.0,0.0,0.0,0.0,0.0,0.0,0.0,1.0,1.0,0.0,0.0,1.0,0.0,0.0
2,4.0,( get-max-one-of (( possible-decisions  ) ) (( downstream-homophily  ) )  ) ,0.012592660032397285,0.0,0.0,0.0,0.0,0.0,0.0,0.0,0.0,1.0,1.0,0.0,0.0,1.0,0.0,0.0
2,4.0,( get-min-one-of (( possible-decisions  ) ) (( downstream-homophily  ) )  ) ,0.14090306179745438,0.0,0.0,0.0,0.0,0.0,0.0,0.0,0.0,1.0,0.0,1.0,0.0,1.0,0.0,0.0
2,4.0,( get-max-one-of (( possible-decisions  ) ) (( downstream-homophily  ) )  ) ,0.012592660032397285,0.0,0.0,0.0,0.0,0.0,0.0,0.0,0.0,1.0,1.0,0.0,0.0,1.0,0.0,0.0
2,5.0,( get-max-one-of (( possible-decisions  ) ) (( downstream-homophily  ) )  ) ,0.012592660032397285,0.0,0.0,0.0,0.0,0.0,0.0,0.0,0.0,1.0,1.0,0.0,0.0,1.0,0.0,0.0
2,5.0,( get-min-one-of (( possible-decisions  ) ) (( downstream-homophily  ) )  ) ,0.14096780916417154,0.0,0.0,0.0,0.0,0.0,0.0,0.0,0.0,1.0,0.0,1.0,0.0,1.0,0.0,0.0
2,5.0,( get-max-one-of (( possible-decisions  ) ) (( downstream-homophily  ) )  ) ,0.012592660032397285,0.0,0.0,0.0,0.0,0.0,0.0,0.0,0.0,1.0,1.0,0.0,0.0,1.0,0.0,0.0
2,5.0,( get-max-one-of (( possible-decisions  ) ) (( downstream-homophily  ) )  ) ,0.012592660032397285,0.0,0.0,0.0,0.0,0.0,0.0,0.0,0.0,1.0,1.0,0.0,0.0,1.0,0.0,0.0
2,5.0,( get-max-one-of (( possible-decisions  ) ) (( downstream-homophily  ) )  ) ,0.012592660032397285,0.0,0.0,0.0,0.0,0.0,0.0,0.0,0.0,1.0,1.0,0.0,0.0,1.0,0.0,0.0
3,0.0,( get-max-one-of (( possible-decisions  ) ) (( consider-altruism  ) )  ) ,0.07633019349623818,0.0,1.0,0.0,0.0,0.0,0.0,0.0,0.0,0.0,1.0,0.0,0.0,1.0,0.0,0.0
3,0.0,( get-max-one-of (( possible-decisions  ) ) (( upstream-homophily  ) )  ) ,0.012592660032397285,0.0,0.0,0.0,0.0,0.0,0.0,0.0,0.0,0.0,1.0,0.0,0.0,1.0,0.0,1.0
3,0.0,( get-max-one-of (( possible-decisions  ) ) (( consider-pseudorandom  ) )  ) ,0.012592660032397285,0.0,0.0,0.0,1.0,0.0,0.0,0.0,0.0,0.0,1.0,0.0,0.0,1.0,0.0,0.0
3,0.0,( get-min-one-of (( possible-decisions  ) ) (( consider-altruism  ) )  ) ,0.012592660032397285,0.0,1.0,0.0,0.0,0.0,0.0,0.0,0.0,0.0,0.0,1.0,0.0,1.0,0.0,0.0
3,0.0,( get-min-one-of (( possible-decisions  ) ) (( consider-selfishness  ) )  ) ,0.07631352980894215,0.0,0.0,0.0,0.0,0.0,0.0,1.0,0.0,0.0,0.0,1.0,0.0,1.0,0.0,0.0
3,1.0,( get-min-one-of (( possible-decisions  ) ) (( consider-selfishness  ) )  ) ,0.07634195733585711,0.0,0.0,0.0,0.0,0.0,0.0,1.0,0.0,0.0,0.0,1.0,0.0,1.0,0.0,0.0
3,1.0,( get-max-one-of (( possible-decisions  ) ) (( upstream-homophily  ) )  ) ,0.012592660032397285,0.0,0.0,0.0,0.0,0.0,0.0,0.0,0.0,0.0,1.0,0.0,0.0,1.0,0.0,1.0
3,1.0,( get-max-one-of (( possible-decisions  ) ) (( combine (( downstream-homophily  ) ) (( consider-relative-income  ) )  ) )  ) ,0.012592660032397285,1.0,0.0,0.0,0.0,0.0,1.0,0.0,0.0,1.0,1.0,0.0,0.0,1.0,0.0,0.0
3,1.0,( get-max-one-of (( possible-decisions  ) ) (( upstream-homophily  ) )  ) ,0.012592660032397285,0.0,0.0,0.0,0.0,0.0,0.0,0.0,0.0,0.0,1.0,0.0,0.0,1.0,0.0,1.0
3,1.0,( get-max-one-of (( possible-decisions  ) ) (( consider-pseudorandom  ) )  ) ,0.012592660032397285,0.0,0.0,0.0,1.0,0.0,0.0,0.0,0.0,0.0,1.0,0.0,0.0,1.0,0.0,0.0
3,2.0,( get-min-one-of (( possible-decisions  ) ) (( consider-altruism  ) )  ) ,0.012592660032397285,0.0,1.0,0.0,0.0,0.0,0.0,0.0,0.0,0.0,0.0,1.0,0.0,1.0,0.0,0.0
3,2.0,( get-max-one-of (( possible-decisions  ) ) (( upstream-homophily  ) )  ) ,0.012592660032397285,0.0,0.0,0.0,0.0,0.0,0.0,0.0,0.0,0.0,1.0,0.0,0.0,1.0,0.0,1.0
3,2.0,( get-max-one-of (( possible-decisions  ) ) (( combine (( downstream-homophily  ) ) (( consider-relative-income  ) )  ) )  ) ,0.012592660032397285,1.0,0.0,0.0,0.0,0.0,1.0,0.0,0.0,1.0,1.0,0.0,0.0,1.0,0.0,0.0
3,2.0,( get-max-one-of (( possible-decisions  ) ) (( combine (( downstream-homophily  ) ) (( consider-relative-income  ) )  ) )  ) ,0.012592660032397285,1.0,0.0,0.0,0.0,0.0,1.0,0.0,0.0,1.0,1.0,0.0,0.0,1.0,0.0,0.0
3,2.0,( get-max-one-of (( possible-decisions  ) ) (( upstream-homophily  ) )  ) ,0.012592660032397285,0.0,0.0,0.0,0.0,0.0,0.0,0.0,0.0,0.0,1.0,0.0,0.0,1.0,0.0,1.0
3,3.0,( get-max-one-of (( possible-decisions  ) ) (( upstream-homophily  ) )  ) ,0.012592660032397285,0.0,0.0,0.0,0.0,0.0,0.0,0.0,0.0,0.0,1.0,0.0,0.0,1.0,0.0,1.0
3,3.0,( get-max-one-of (( possible-decisions  ) ) (( subtract (( upstream-homophily  ) ) (( consider-utilitarian  ) )  ) )  ) ,0.4333352990020744,0.0,0.0,0.0,0.0,0.0,0.0,0.0,1.0,0.0,1.0,0.0,0.0,1.0,1.0,1.0
3,3.0,( get-max-one-of (( possible-decisions  ) ) (( combine (( downstream-homophily  ) ) (( consider-relative-income  ) )  ) )  ) ,0.012592660032397285,1.0,0.0,0.0,0.0,0.0,1.0,0.0,0.0,1.0,1.0,0.0,0.0,1.0,0.0,0.0
3,3.0,( get-max-one-of (( possible-decisions  ) ) (( combine (( downstream-homophily  ) ) (( consider-relative-income  ) )  ) )  ) ,0.012592660032397285,1.0,0.0,0.0,0.0,0.0,1.0,0.0,0.0,1.0,1.0,0.0,0.0,1.0,0.0,0.0
3,3.0,( get-max-one-of (( possible-decisions  ) ) (( combine (( downstream-homophily  ) ) (( consider-relative-income  ) )  ) )  ) ,0.012592660032397285,1.0,0.0,0.0,0.0,0.0,1.0,0.0,0.0,1.0,1.0,0.0,0.0,1.0,0.0,0.0
3,4.0,( get-max-one-of (( possible-decisions  ) ) (( combine (( downstream-homophily  ) ) (( consider-relative-income  ) )  ) )  ) ,0.012592660032397285,1.0,0.0,0.0,0.0,0.0,1.0,0.0,0.0,1.0,1.0,0.0,0.0,1.0,0.0,0.0
3,4.0,( get-max-one-of (( possible-decisions  ) ) (( combine (( downstream-homophily  ) ) (( consider-relative-income  ) )  ) )  ) ,0.012592660032397285,1.0,0.0,0.0,0.0,0.0,1.0,0.0,0.0,1.0,1.0,0.0,0.0,1.0,0.0,0.0
3,4.0,( get-max-one-of (( possible-decisions  ) ) (( combine (( downstream-homophily  ) ) (( consider-relative-income  ) )  ) )  ) ,0.012592660032397285,1.0,0.0,0.0,0.0,0.0,1.0,0.0,0.0,1.0,1.0,0.0,0.0,1.0,0.0,0.0
3,4.0,( get-max-one-of (( possible-decisions  ) ) (( combine (( downstream-homophily  ) ) (( consider-relative-income  ) )  ) )  ) ,0.012592660032397285,1.0,0.0,0.0,0.0,0.0,1.0,0.0,0.0,1.0,1.0,0.0,0.0,1.0,0.0,0.0
3,4.0,( get-max-one-of (( possible-decisions  ) ) (( combine (( downstream-homophily  ) ) (( consider-relative-income  ) )  ) )  ) ,0.012592660032397285,1.0,0.0,0.0,0.0,0.0,1.0,0.0,0.0,1.0,1.0,0.0,0.0,1.0,0.0,0.0
3,5.0,( get-max-one-of (( possible-decisions  ) ) (( combine (( downstream-homophily  ) ) (( combine (( downstream-homophily  ) ) (( consider-relative-income  ) )  ) )  ) )  ) ,0.012592660032397285,2.0,0.0,0.0,0.0,0.0,1.0,0.0,0.0,2.0,1.0,0.0,0.0,1.0,0.0,0.0
3,5.0,( get-max-one-of (( possible-decisions  ) ) (( consider-relative-income  ) )  ) ,0.012592660032397285,0.0,0.0,0.0,0.0,0.0,1.0,0.0,0.0,0.0,1.0,0.0,0.0,1.0,0.0,0.0
3,5.0,( get-max-one-of (( possible-decisions  ) ) (( combine (( downstream-homophily  ) ) (( consider-relative-income  ) )  ) )  ) ,0.012592660032397285,1.0,0.0,0.0,0.0,0.0,1.0,0.0,0.0,1.0,1.0,0.0,0.0,1.0,0.0,0.0
3,5.0,( get-max-one-of (( possible-decisions  ) ) (( combine (( downstream-homophily  ) ) (( consider-relative-income  ) )  ) )  ) ,0.012592660032397285,1.0,0.0,0.0,0.0,0.0,1.0,0.0,0.0,1.0,1.0,0.0,0.0,1.0,0.0,0.0
3,5.0,( get-max-one-of (( possible-decisions  ) ) (( combine (( downstream-homophily  ) ) (( consider-relative-income  ) )  ) )  ) ,0.012592660032397285,1.0,0.0,0.0,0.0,0.0,1.0,0.0,0.0,1.0,1.0,0.0,0.0,1.0,0.0,0.0
4,0.0,( get-max-one-of (( possible-decisions  ) ) (( consider-relative-income  ) )  ) ,0.012592660032397285,0.0,0.0,0.0,0.0,0.0,1.0,0.0,0.0,0.0,1.0,0.0,0.0,1.0,0.0,0.0
4,0.0,( get-min-one-of (( possible-decisions  ) ) (( consider-pseudorandom  ) )  ) ,0.07631039994125291,0.0,0.0,0.0,1.0,0.0,0.0,0.0,0.0,0.0,0.0,1.0,0.0,1.0,0.0,0.0
4,0.0,( get-min-one-of (( possible-decisions  ) ) (( consider-random  ) )  ) ,0.4971974561138651,0.0,0.0,0.0,0.0,1.0,0.0,0.0,0.0,0.0,0.0,1.0,0.0,1.0,0.0,0.0
4,0.0,( get-max-one-of (( possible-decisions  ) ) (( combine (( consider-altruism  ) ) (( consider-utilitarian  ) )  ) )  ) ,0.0867727631746015,1.0,1.0,0.0,0.0,0.0,0.0,0.0,1.0,0.0,1.0,0.0,0.0,1.0,0.0,0.0
4,0.0,( get-min-one-of (( possible-decisions  ) ) (( upstream-homophily  ) )  ) ,0.14113167454329906,0.0,0.0,0.0,0.0,0.0,0.0,0.0,0.0,0.0,0.0,1.0,0.0,1.0,0.0,1.0
4,1.0,( get-max-one-of (( possible-decisions  ) ) (( consider-relative-income  ) )  ) ,0.012592660032397285,0.0,0.0,0.0,0.0,0.0,1.0,0.0,0.0,0.0,1.0,0.0,0.0,1.0,0.0,0.0
4,1.0,( get-max-one-of (( possible-decisions  ) ) (( consider-relative-income  ) )  ) ,0.012592660032397285,0.0,0.0,0.0,0.0,0.0,1.0,0.0,0.0,0.0,1.0,0.0,0.0,1.0,0.0,0.0
4,1.0,( get-max-one-of (( possible-decisions  ) ) (( consider-relative-income  ) )  ) ,0.012592660032397285,0.0,0.0,0.0,0.0,0.0,1.0,0.0,0.0,0.0,1.0,0.0,0.0,1.0,0.0,0.0
4,1.0,( get-min-one-of (( possible-decisions  ) ) (( consider-pseudorandom  ) )  ) ,0.0763230729719641,0.0,0.0,0.0,1.0,0.0,0.0,0.0,0.0,0.0,0.0,1.0,0.0,1.0,0.0,0.0
4,1.0,( get-max-one-of (( possible-decisions  ) ) (( combine (( consider-altruism  ) ) (( consider-utilitarian  ) )  ) )  ) ,0.08675043259919459,1.0,1.0,0.0,0.0,0.0,0.0,0.0,1.0,0.0,1.0,0.0,0.0,1.0,0.0,0.0
4,2.0,( get-max-one-of (( possible-decisions  ) ) (( consider-relative-income  ) )  ) ,0.012592660032397285,0.0,0.0,0.0,0.0,0.0,1.0,0.0,0.0,0.0,1.0,0.0,0.0,1.0,0.0,0.0
4,2.0,( get-max-one-of (( possible-decisions  ) ) (( consider-relative-income  ) )  ) ,0.012592660032397285,0.0,0.0,0.0,0.0,0.0,1.0,0.0,0.0,0.0,1.0,0.0,0.0,1.0,0.0,0.0
4,2.0,( get-max-one-of (( possible-decisions  ) ) (( consider-relative-income  ) )  ) ,0.012592660032397285,0.0,0.0,0.0,0.0,0.0,1.0,0.0,0.0,0.0,1.0,0.0,0.0,1.0,0.0,0.0
4,2.0,( get-max-one-of (( possible-decisions  ) ) (( consider-relative-income  ) )  ) ,0.012592660032397285,0.0,0.0,0.0,0.0,0.0,1.0,0.0,0.0,0.0,1.0,0.0,0.0,1.0,0.0,0.0
4,2.0,( get-max-one-of (( possible-decisions  ) ) (( consider-relative-income  ) )  ) ,0.012592660032397285,0.0,0.0,0.0,0.0,0.0,1.0,0.0,0.0,0.0,1.0,0.0,0.0,1.0,0.0,0.0
4,3.0,( get-max-one-of (( possible-decisions  ) ) (( consider-relative-income  ) )  ) ,0.012592660032397285,0.0,0.0,0.0,0.0,0.0,1.0,0.0,0.0,0.0,1.0,0.0,0.0,1.0,0.0,0.0
4,3.0,( get-max-one-of (( possible-decisions  ) ) (( consider-relative-income  ) )  ) ,0.012592660032397285,0.0,0.0,0.0,0.0,0.0,1.0,0.0,0.0,0.0,1.0,0.0,0.0,1.0,0.0,0.0
4,3.0,( get-max-one-of (( possible-decisions  ) ) (( consider-relative-income  ) )  ) ,0.012592660032397285,0.0,0.0,0.0,0.0,0.0,1.0,0.0,0.0,0.0,1.0,0.0,0.0,1.0,0.0,0.0
4,3.0,( get-max-one-of (( possible-decisions  ) ) (( consider-relative-income  ) )  ) ,0.012592660032397285,0.0,0.0,0.0,0.0,0.0,1.0,0.0,0.0,0.0,1.0,0.0,0.0,1.0,0.0,0.0
4,3.0,( get-max-one-of (( possible-decisions  ) ) (( consider-relative-income  ) )  ) ,0.012592660032397285,0.0,0.0,0.0,0.0,0.0,1.0,0.0,0.0,0.0,1.0,0.0,0.0,1.0,0.0,0.0
4,4.0,( get-max-one-of (( possible-decisions  ) ) (( consider-relative-income  ) )  ) ,0.012592660032397285,0.0,0.0,0.0,0.0,0.0,1.0,0.0,0.0,0.0,1.0,0.0,0.0,1.0,0.0,0.0
4,4.0,( get-max-one-of (( possible-decisions  ) ) (( consider-relative-income  ) )  ) ,0.012592660032397285,0.0,0.0,0.0,0.0,0.0,1.0,0.0,0.0,0.0,1.0,0.0,0.0,1.0,0.0,0.0
4,4.0,( get-max-one-of (( possible-decisions  ) ) (( multiply (( downstream-homophily  ) ) (( multiply (( consider-utilitarian  ) ) (( consider-relative-income  ) )  ) )  ) )  ) ,0.3494706475039793,0.0,0.0,0.0,0.0,0.0,1.0,0.0,1.0,1.0,1.0,0.0,2.0,1.0,0.0,0.0
4,4.0,( get-max-one-of (( possible-decisions  ) ) (( consider-relative-income  ) )  ) ,0.012592660032397285,0.0,0.0,0.0,0.0,0.0,1.0,0.0,0.0,0.0,1.0,0.0,0.0,1.0,0.0,0.0
4,4.0,( get-max-one-of (( possible-decisions  ) ) (( consider-relative-income  ) )  ) ,0.012592660032397285,0.0,0.0,0.0,0.0,0.0,1.0,0.0,0.0,0.0,1.0,0.0,0.0,1.0,0.0,0.0
4,5.0,( get-max-one-of (( possible-decisions  ) ) (( consider-relative-income  ) )  ) ,0.012592660032397285,0.0,0.0,0.0,0.0,0.0,1.0,0.0,0.0,0.0,1.0,0.0,0.0,1.0,0.0,0.0
4,5.0,( get-max-one-of (( possible-decisions  ) ) (( upstream-homophily  ) )  ) ,0.012592660032397285,0.0,0.0,0.0,0.0,0.0,0.0,0.0,0.0,0.0,1.0,0.0,0.0,1.0,0.0,1.0
4,5.0,( get-max-one-of (( possible-decisions  ) ) (( subtract (( consider-utilitarian  ) ) (( downstream-homophily  ) )  ) )  ) ,0.30245198543292856,0.0,0.0,0.0,0.0,0.0,0.0,0.0,1.0,1.0,1.0,0.0,0.0,1.0,1.0,0.0
4,5.0,( get-max-one-of (( possible-decisions  ) ) (( consider-relative-income  ) )  ) ,0.012592660032397285,0.0,0.0,0.0,0.0,0.0,1.0,0.0,0.0,0.0,1.0,0.0,0.0,1.0,0.0,0.0
4,5.0,( get-max-one-of (( possible-decisions  ) ) (( consider-relative-income  ) )  ) ,0.012592660032397285,0.0,0.0,0.0,0.0,0.0,1.0,0.0,0.0,0.0,1.0,0.0,0.0,1.0,0.0,0.0
5,0.0,( get-min-one-of (( possible-decisions  ) ) (( consider-altruism  ) )  ) ,0.012592660032397285,0.0,1.0,0.0,0.0,0.0,0.0,0.0,0.0,0.0,0.0,1.0,0.0,1.0,0.0,0.0
5,0.0,( get-min-one-of (( possible-decisions  ) ) (( consider-selfishness  ) )  ) ,0.07633724567903097,0.0,0.0,0.0,0.0,0.0,0.0,1.0,0.0,0.0,0.0,1.0,0.0,1.0,0.0,0.0
5,0.0,( get-max-one-of (( possible-decisions  ) ) (( consider-utilitarian  ) )  ) ,0.43775197174525604,0.0,0.0,0.0,0.0,0.0,0.0,0.0,1.0,0.0,1.0,0.0,0.0,1.0,0.0,0.0
5,0.0,( get-min-one-of (( possible-decisions  ) ) (( consider-pseudorandom  ) )  ) ,0.07636487505229267,0.0,0.0,0.0,1.0,0.0,0.0,0.0,0.0,0.0,0.0,1.0,0.0,1.0,0.0,0.0
5,0.0,( get-min-one-of (( possible-decisions  ) ) (( multiply (( consider-heuristic  ) ) (( consider-pseudorandom  ) )  ) )  ) ,0.012592660032397285,0.0,0.0,1.0,1.0,0.0,0.0,0.0,0.0,0.0,0.0,1.0,1.0,1.0,0.0,0.0
5,1.0,( get-min-one-of (( possible-decisions  ) ) (( multiply (( consider-selfishness  ) ) (( consider-pseudorandom  ) )  ) )  ) ,0.4137107878354821,0.0,0.0,0.0,1.0,0.0,0.0,1.0,0.0,0.0,0.0,1.0,1.0,1.0,0.0,0.0
5,1.0,( get-min-one-of (( possible-decisions  ) ) (( consider-relative-income  ) )  ) ,0.08924135960882436,0.0,0.0,0.0,0.0,0.0,1.0,0.0,0.0,0.0,0.0,1.0,0.0,1.0,0.0,0.0
5,1.0,( get-min-one-of (( possible-decisions  ) ) (( consider-altruism  ) )  ) ,0.012592660032397285,0.0,1.0,0.0,0.0,0.0,0.0,0.0,0.0,0.0,0.0,1.0,0.0,1.0,0.0,0.0
5,1.0,( get-min-one-of (( possible-decisions  ) ) (( multiply (( consider-heuristic  ) ) (( consider-pseudorandom  ) )  ) )  ) ,0.012592660032397285,0.0,0.0,1.0,1.0,0.0,0.0,0.0,0.0,0.0,0.0,1.0,1.0,1.0,0.0,0.0
5,1.0,( get-min-one-of (( possible-decisions  ) ) (( consider-altruism  ) )  ) ,0.012592660032397285,0.0,1.0,0.0,0.0,0.0,0.0,0.0,0.0,0.0,0.0,1.0,0.0,1.0,0.0,0.0
5,2.0,( get-min-one-of (( possible-decisions  ) ) (( multiply (( consider-heuristic  ) ) (( consider-pseudorandom  ) )  ) )  ) ,0.012592660032397285,0.0,0.0,1.0,1.0,0.0,0.0,0.0,0.0,0.0,0.0,1.0,1.0,1.0,0.0,0.0
5,2.0,( get-min-one-of (( possible-decisions  ) ) (( consider-altruism  ) )  ) ,0.012592660032397285,0.0,1.0,0.0,0.0,0.0,0.0,0.0,0.0,0.0,0.0,1.0,0.0,1.0,0.0,0.0
5,2.0,( get-min-one-of (( possible-decisions  ) ) (( multiply (( consider-heuristic  ) ) (( consider-pseudorandom  ) )  ) )  ) ,0.012592660032397285,0.0,0.0,1.0,1.0,0.0,0.0,0.0,0.0,0.0,0.0,1.0,1.0,1.0,0.0,0.0
5,2.0,( get-min-one-of (( possible-decisions  ) ) (( consider-altruism  ) )  ) ,0.012592660032397285,0.0,1.0,0.0,0.0,0.0,0.0,0.0,0.0,0.0,0.0,1.0,0.0,1.0,0.0,0.0
5,2.0,( get-min-one-of (( possible-decisions  ) ) (( multiply (( consider-heuristic  ) ) (( consider-pseudorandom  ) )  ) )  ) ,0.012592660032397285,0.0,0.0,1.0,1.0,0.0,0.0,0.0,0.0,0.0,0.0,1.0,1.0,1.0,0.0,0.0
5,3.0,( get-min-one-of (( possible-decisions  ) ) (( multiply (( consider-heuristic  ) ) (( consider-pseudorandom  ) )  ) )  ) ,0.012592660032397285,0.0,0.0,1.0,1.0,0.0,0.0,0.0,0.0,0.0,0.0,1.0,1.0,1.0,0.0,0.0
5,3.0,( get-min-one-of (( possible-decisions  ) ) (( consider-altruism  ) )  ) ,0.012592660032397285,0.0,1.0,0.0,0.0,0.0,0.0,0.0,0.0,0.0,0.0,1.0,0.0,1.0,0.0,0.0
5,3.0,( get-min-one-of (( possible-decisions  ) ) (( multiply (( consider-heuristic  ) ) (( combine (( upstream-homophily  ) ) (( consider-selfishness  ) )  ) )  ) )  ) ,0.328415401576166,1.0,0.0,1.0,0.0,0.0,0.0,1.0,0.0,0.0,0.0,1.0,1.0,1.0,0.0,1.0
5,3.0,( get-min-one-of (( possible-decisions  ) ) (( multiply (( consider-heuristic  ) ) (( consider-pseudorandom  ) )  ) )  ) ,0.012592660032397285,0.0,0.0,1.0,1.0,0.0,0.0,0.0,0.0,0.0,0.0,1.0,1.0,1.0,0.0,0.0
5,3.0,( get-min-one-of (( possible-decisions  ) ) (( consider-altruism  ) )  ) ,0.012592660032397285,0.0,1.0,0.0,0.0,0.0,0.0,0.0,0.0,0.0,0.0,1.0,0.0,1.0,0.0,0.0
5,4.0,( get-min-one-of (( possible-decisions  ) ) (( consider-altruism  ) )  ) ,0.012592660032397285,0.0,1.0,0.0,0.0,0.0,0.0,0.0,0.0,0.0,0.0,1.0,0.0,1.0,0.0,0.0
5,4.0,( get-min-one-of (( possible-decisions  ) ) (( multiply (( consider-heuristic  ) ) (( subtract (( consider-pseudorandom  ) ) (( multiply (( consider-relative-income  ) ) (( consider-selfishness  ) )  ) )  ) )  ) )  ) ,0.37542560585203744,0.0,0.0,1.0,1.0,0.0,1.0,1.0,0.0,0.0,0.0,1.0,2.0,1.0,1.0,0.0
5,4.0,( get-min-one-of (( possible-decisions  ) ) (( multiply (( consider-heuristic  ) ) (( consider-pseudorandom  ) )  ) )  ) ,0.012592660032397285,0.0,0.0,1.0,1.0,0.0,0.0,0.0,0.0,0.0,0.0,1.0,1.0,1.0,0.0,0.0
5,4.0,( get-min-one-of (( possible-decisions  ) ) (( consider-altruism  ) )  ) ,0.012592660032397285,0.0,1.0,0.0,0.0,0.0,0.0,0.0,0.0,0.0,0.0,1.0,0.0,1.0,0.0,0.0
5,4.0,( get-min-one-of (( possible-decisions  ) ) (( multiply (( consider-heuristic  ) ) (( consider-pseudorandom  ) )  ) )  ) ,0.012592660032397285,0.0,0.0,1.0,1.0,0.0,0.0,0.0,0.0,0.0,0.0,1.0,1.0,1.0,0.0,0.0
5,5.0,( get-min-one-of (( possible-decisions  ) ) (( consider-altruism  ) )  ) ,0.012592660032397285,0.0,1.0,0.0,0.0,0.0,0.0,0.0,0.0,0.0,0.0,1.0,0.0,1.0,0.0,0.0
5,5.0,( get-min-one-of (( possible-decisions  ) ) (( consider-altruism  ) )  ) ,0.012592660032397285,0.0,1.0,0.0,0.0,0.0,0.0,0.0,0.0,0.0,0.0,1.0,0.0,1.0,0.0,0.0
5,5.0,( get-min-one-of (( possible-decisions  ) ) (( multiply (( consider-heuristic  ) ) (( consider-pseudorandom  ) )  ) )  ) ,0.012592660032397285,0.0,0.0,1.0,1.0,0.0,0.0,0.0,0.0,0.0,0.0,1.0,1.0,1.0,0.0,0.0
5,5.0,( get-min-one-of (( possible-decisions  ) ) (( multiply (( consider-heuristic  ) ) (( consider-pseudorandom  ) )  ) )  ) ,0.012592660032397285,0.0,0.0,1.0,1.0,0.0,0.0,0.0,0.0,0.0,0.0,1.0,1.0,1.0,0.0,0.0
5,5.0,( get-min-one-of (( possible-decisions  ) ) (( consider-altruism  ) )  ) ,0.012592660032397285,0.0,1.0,0.0,0.0,0.0,0.0,0.0,0.0,0.0,0.0,1.0,0.0,1.0,0.0,0.0
6,0.0,( get-min-one-of (( possible-decisions  ) ) (( consider-altruism  ) )  ) ,0.012592660032397285,0.0,1.0,0.0,0.0,0.0,0.0,0.0,0.0,0.0,0.0,1.0,0.0,1.0,0.0,0.0
6,0.0,( get-max-one-of (( possible-decisions  ) ) (( consider-selfishness  ) )  ) ,0.012592660032397285,0.0,0.0,0.0,0.0,0.0,0.0,1.0,0.0,0.0,1.0,0.0,0.0,1.0,0.0,0.0
6,0.0,( get-max-one-of (( possible-decisions  ) ) (( consider-heuristic  ) )  ) ,0.3173756390429154,0.0,0.0,1.0,0.0,0.0,0.0,0.0,0.0,0.0,1.0,0.0,0.0,1.0,0.0,0.0
6,0.0,( get-min-one-of (( possible-decisions  ) ) (( consider-random  ) )  ) ,0.4967530165946563,0.0,0.0,0.0,0.0,1.0,0.0,0.0,0.0,0.0,0.0,1.0,0.0,1.0,0.0,0.0
6,0.0,( get-max-one-of (( possible-decisions  ) ) (( consider-pseudorandom  ) )  ) ,0.012592660032397285,0.0,0.0,0.0,1.0,0.0,0.0,0.0,0.0,0.0,1.0,0.0,0.0,1.0,0.0,0.0
6,1.0,( get-min-one-of (( possible-decisions  ) ) (( consider-altruism  ) )  ) ,0.012592660032397285,0.0,1.0,0.0,0.0,0.0,0.0,0.0,0.0,0.0,0.0,1.0,0.0,1.0,0.0,0.0
6,1.0,( get-max-one-of (( possible-decisions  ) ) (( consider-selfishness  ) )  ) ,0.012592660032397285,0.0,0.0,0.0,0.0,0.0,0.0,1.0,0.0,0.0,1.0,0.0,0.0,1.0,0.0,0.0
6,1.0,( get-min-one-of (( possible-decisions  ) ) (( consider-altruism  ) )  ) ,0.012592660032397285,0.0,1.0,0.0,0.0,0.0,0.0,0.0,0.0,0.0,0.0,1.0,0.0,1.0,0.0,0.0
6,1.0,( get-max-one-of (( possible-decisions  ) ) (( consider-utilitarian  ) )  ) ,0.437443331456469,0.0,0.0,0.0,0.0,0.0,0.0,0.0,1.0,0.0,1.0,0.0,0.0,1.0,0.0,0.0
6,1.0,( get-max-one-of (( possible-decisions  ) ) (( consider-selfishness  ) )  ) ,0.012592660032397285,0.0,0.0,0.0,0.0,0.0,0.0,1.0,0.0,0.0,1.0,0.0,0.0,1.0,0.0,0.0
6,2.0,( get-min-one-of (( possible-decisions  ) ) (( consider-altruism  ) )  ) ,0.012592660032397285,0.0,1.0,0.0,0.0,0.0,0.0,0.0,0.0,0.0,0.0,1.0,0.0,1.0,0.0,0.0
6,2.0,( get-max-one-of (( possible-decisions  ) ) (( consider-selfishness  ) )  ) ,0.012592660032397285,0.0,0.0,0.0,0.0,0.0,0.0,1.0,0.0,0.0,1.0,0.0,0.0,1.0,0.0,0.0
6,2.0,( get-min-one-of (( possible-decisions  ) ) (( consider-altruism  ) )  ) ,0.012592660032397285,0.0,1.0,0.0,0.0,0.0,0.0,0.0,0.0,0.0,0.0,1.0,0.0,1.0,0.0,0.0
6,2.0,( get-min-one-of (( possible-decisions  ) ) (( consider-altruism  ) )  ) ,0.012592660032397285,0.0,1.0,0.0,0.0,0.0,0.0,0.0,0.0,0.0,0.0,1.0,0.0,1.0,0.0,0.0
6,2.0,( get-max-one-of (( possible-decisions  ) ) (( consider-selfishness  ) )  ) ,0.012592660032397285,0.0,0.0,0.0,0.0,0.0,0.0,1.0,0.0,0.0,1.0,0.0,0.0,1.0,0.0,0.0
6,3.0,( get-max-one-of (( possible-decisions  ) ) (( consider-selfishness  ) )  ) ,0.012592660032397285,0.0,0.0,0.0,0.0,0.0,0.0,1.0,0.0,0.0,1.0,0.0,0.0,1.0,0.0,0.0
6,3.0,( get-min-one-of (( possible-decisions  ) ) (( consider-altruism  ) )  ) ,0.012592660032397285,0.0,1.0,0.0,0.0,0.0,0.0,0.0,0.0,0.0,0.0,1.0,0.0,1.0,0.0,0.0
6,3.0,( get-max-one-of (( possible-decisions  ) ) (( consider-selfishness  ) )  ) ,0.012592660032397285,0.0,0.0,0.0,0.0,0.0,0.0,1.0,0.0,0.0,1.0,0.0,0.0,1.0,0.0,0.0
6,3.0,( get-min-one-of (( possible-decisions  ) ) (( consider-altruism  ) )  ) ,0.012592660032397285,0.0,1.0,0.0,0.0,0.0,0.0,0.0,0.0,0.0,0.0,1.0,0.0,1.0,0.0,0.0
6,3.0,( get-min-one-of (( possible-decisions  ) ) (( consider-altruism  ) )  ) ,0.012592660032397285,0.0,1.0,0.0,0.0,0.0,0.0,0.0,0.0,0.0,0.0,1.0,0.0,1.0,0.0,0.0
6,4.0,( get-min-one-of (( possible-decisions  ) ) (( consider-altruism  ) )  ) ,0.012592660032397285,0.0,1.0,0.0,0.0,0.0,0.0,0.0,0.0,0.0,0.0,1.0,0.0,1.0,0.0,0.0
6,4.0,( get-min-one-of (( possible-decisions  ) ) (( consider-altruism  ) )  ) ,0.012592660032397285,0.0,1.0,0.0,0.0,0.0,0.0,0.0,0.0,0.0,0.0,1.0,0.0,1.0,0.0,0.0
6,4.0,( get-min-one-of (( possible-decisions  ) ) (( consider-altruism  ) )  ) ,0.012592660032397285,0.0,1.0,0.0,0.0,0.0,0.0,0.0,0.0,0.0,0.0,1.0,0.0,1.0,0.0,0.0
6,4.0,( get-min-one-of (( possible-decisions  ) ) (( consider-altruism  ) )  ) ,0.012592660032397285,0.0,1.0,0.0,0.0,0.0,0.0,0.0,0.0,0.0,0.0,1.0,0.0,1.0,0.0,0.0
6,4.0,( get-max-one-of (( possible-decisions  ) ) (( consider-selfishness  ) )  ) ,0.012592660032397285,0.0,0.0,0.0,0.0,0.0,0.0,1.0,0.0,0.0,1.0,0.0,0.0,1.0,0.0,0.0
6,5.0,( get-min-one-of (( possible-decisions  ) ) (( consider-altruism  ) )  ) ,0.012592660032397285,0.0,1.0,0.0,0.0,0.0,0.0,0.0,0.0,0.0,0.0,1.0,0.0,1.0,0.0,0.0
6,5.0,( get-min-one-of (( possible-decisions  ) ) (( consider-altruism  ) )  ) ,0.012592660032397285,0.0,1.0,0.0,0.0,0.0,0.0,0.0,0.0,0.0,0.0,1.0,0.0,1.0,0.0,0.0
6,5.0,( get-min-one-of (( possible-decisions  ) ) (( consider-altruism  ) )  ) ,0.012592660032397285,0.0,1.0,0.0,0.0,0.0,0.0,0.0,0.0,0.0,0.0,1.0,0.0,1.0,0.0,0.0
6,5.0,( get-min-one-of (( possible-decisions  ) ) (( consider-altruism  ) )  ) ,0.012592660032397285,0.0,1.0,0.0,0.0,0.0,0.0,0.0,0.0,0.0,0.0,1.0,0.0,1.0,0.0,0.0
6,5.0,( get-min-one-of (( possible-decisions  ) ) (( consider-altruism  ) )  ) ,0.012592660032397285,0.0,1.0,0.0,0.0,0.0,0.0,0.0,0.0,0.0,0.0,1.0,0.0,1.0,0.0,0.0
7,0.0,( get-min-one-of (( possible-decisions  ) ) (( consider-relative-income  ) )  ) ,0.08922550666101789,0.0,0.0,0.0,0.0,0.0,1.0,0.0,0.0,0.0,0.0,1.0,0.0,1.0,0.0,0.0
7,0.0,( get-max-one-of (( possible-decisions  ) ) (( consider-pseudorandom  ) )  ) ,0.012592660032397285,0.0,0.0,0.0,1.0,0.0,0.0,0.0,0.0,0.0,1.0,0.0,0.0,1.0,0.0,0.0
7,0.0,( get-min-one-of (( possible-decisions  ) ) (( consider-selfishness  ) )  ) ,0.07628473809768714,0.0,0.0,0.0,0.0,0.0,0.0,1.0,0.0,0.0,0.0,1.0,0.0,1.0,0.0,0.0
7,0.0,( get-min-one-of (( possible-decisions  ) ) (( consider-random  ) )  ) ,0.4976042192794357,0.0,0.0,0.0,0.0,1.0,0.0,0.0,0.0,0.0,0.0,1.0,0.0,1.0,0.0,0.0
7,0.0,( get-min-one-of (( possible-decisions  ) ) (( consider-utilitarian  ) )  ) ,0.4223212480569369,0.0,0.0,0.0,0.0,0.0,0.0,0.0,1.0,0.0,0.0,1.0,0.0,1.0,0.0,0.0
7,1.0,( get-max-one-of (( possible-decisions  ) ) (( consider-pseudorandom  ) )  ) ,0.012592660032397285,0.0,0.0,0.0,1.0,0.0,0.0,0.0,0.0,0.0,1.0,0.0,0.0,1.0,0.0,0.0
7,1.0,( get-min-one-of (( possible-decisions  ) ) (( consider-selfishness  ) )  ) ,0.07631085417951168,0.0,0.0,0.0,0.0,0.0,0.0,1.0,0.0,0.0,0.0,1.0,0.0,1.0,0.0,0.0
7,1.0,( get-max-one-of (( possible-decisions  ) ) (( consider-pseudorandom  ) )  ) ,0.012592660032397285,0.0,0.0,0.0,1.0,0.0,0.0,0.0,0.0,0.0,1.0,0.0,0.0,1.0,0.0,0.0
7,1.0,( get-min-one-of (( possible-decisions  ) ) (( multiply (( consider-pseudorandom  ) ) (( downstream-homophily  ) )  ) )  ) ,0.09366000465190907,0.0,0.0,0.0,1.0,0.0,0.0,0.0,0.0,1.0,0.0,1.0,1.0,1.0,0.0,0.0
7,1.0,( get-min-one-of (( possible-decisions  ) ) (( consider-selfishness  ) )  ) ,0.07630516156785556,0.0,0.0,0.0,0.0,0.0,0.0,1.0,0.0,0.0,0.0,1.0,0.0,1.0,0.0,0.0
7,2.0,( get-max-one-of (( possible-decisions  ) ) (( consider-pseudorandom  ) )  ) ,0.012592660032397285,0.0,0.0,0.0,1.0,0.0,0.0,0.0,0.0,0.0,1.0,0.0,0.0,1.0,0.0,0.0
7,2.0,( get-max-one-of (( possible-decisions  ) ) (( consider-pseudorandom  ) )  ) ,0.012592660032397285,0.0,0.0,0.0,1.0,0.0,0.0,0.0,0.0,0.0,1.0,0.0,0.0,1.0,0.0,0.0
7,2.0,( get-max-one-of (( possible-decisions  ) ) (( consider-pseudorandom  ) )  ) ,0.012592660032397285,0.0,0.0,0.0,1.0,0.0,0.0,0.0,0.0,0.0,1.0,0.0,0.0,1.0,0.0,0.0
7,2.0,( get-max-one-of (( possible-decisions  ) ) (( combine (( combine (( upstream-homophily  ) ) (( consider-utilitarian  ) )  ) ) (( consider-pseudorandom  ) )  ) )  ) ,0.017605345535859674,2.0,0.0,0.0,1.0,0.0,0.0,0.0,1.0,0.0,1.0,0.0,0.0,1.0,0.0,1.0
7,2.0,( get-max-one-of (( possible-decisions  ) ) (( consider-pseudorandom  ) )  ) ,0.012592660032397285,0.0,0.0,0.0,1.0,0.0,0.0,0.0,0.0,0.0,1.0,0.0,0.0,1.0,0.0,0.0
7,3.0,( get-max-one-of (( possible-decisions  ) ) (( consider-pseudorandom  ) )  ) ,0.012592660032397285,0.0,0.0,0.0,1.0,0.0,0.0,0.0,0.0,0.0,1.0,0.0,0.0,1.0,0.0,0.0
7,3.0,( get-max-one-of (( possible-decisions  ) ) (( consider-pseudorandom  ) )  ) ,0.012592660032397285,0.0,0.0,0.0,1.0,0.0,0.0,0.0,0.0,0.0,1.0,0.0,0.0,1.0,0.0,0.0
7,3.0,( get-max-one-of (( possible-decisions  ) ) (( consider-pseudorandom  ) )  ) ,0.012592660032397285,0.0,0.0,0.0,1.0,0.0,0.0,0.0,0.0,0.0,1.0,0.0,0.0,1.0,0.0,0.0
7,3.0,( get-max-one-of (( possible-decisions  ) ) (( consider-pseudorandom  ) )  ) ,0.012592660032397285,0.0,0.0,0.0,1.0,0.0,0.0,0.0,0.0,0.0,1.0,0.0,0.0,1.0,0.0,0.0
7,3.0,( get-max-one-of (( possible-decisions  ) ) (( consider-pseudorandom  ) )  ) ,0.012592660032397285,0.0,0.0,0.0,1.0,0.0,0.0,0.0,0.0,0.0,1.0,0.0,0.0,1.0,0.0,0.0
7,4.0,( get-max-one-of (( possible-decisions  ) ) (( consider-pseudorandom  ) )  ) ,0.012592660032397285,0.0,0.0,0.0,1.0,0.0,0.0,0.0,0.0,0.0,1.0,0.0,0.0,1.0,0.0,0.0
7,4.0,( get-max-one-of (( possible-decisions  ) ) (( consider-pseudorandom  ) )  ) ,0.012592660032397285,0.0,0.0,0.0,1.0,0.0,0.0,0.0,0.0,0.0,1.0,0.0,0.0,1.0,0.0,0.0
7,4.0,( get-max-one-of (( possible-decisions  ) ) (( consider-pseudorandom  ) )  ) ,0.012592660032397285,0.0,0.0,0.0,1.0,0.0,0.0,0.0,0.0,0.0,1.0,0.0,0.0,1.0,0.0,0.0
7,4.0,( get-max-one-of (( possible-decisions  ) ) (( consider-pseudorandom  ) )  ) ,0.012592660032397285,0.0,0.0,0.0,1.0,0.0,0.0,0.0,0.0,0.0,1.0,0.0,0.0,1.0,0.0,0.0
7,4.0,( get-max-one-of (( possible-decisions  ) ) (( consider-pseudorandom  ) )  ) ,0.012592660032397285,0.0,0.0,0.0,1.0,0.0,0.0,0.0,0.0,0.0,1.0,0.0,0.0,1.0,0.0,0.0
7,5.0,( get-max-one-of (( possible-decisions  ) ) (( consider-pseudorandom  ) )  ) ,0.012592660032397285,0.0,0.0,0.0,1.0,0.0,0.0,0.0,0.0,0.0,1.0,0.0,0.0,1.0,0.0,0.0
7,5.0,( get-max-one-of (( possible-decisions  ) ) (( consider-pseudorandom  ) )  ) ,0.012592660032397285,0.0,0.0,0.0,1.0,0.0,0.0,0.0,0.0,0.0,1.0,0.0,0.0,1.0,0.0,0.0
7,5.0,( get-max-one-of (( possible-decisions  ) ) (( downstream-homophily  ) )  ) ,0.012592660032397285,0.0,0.0,0.0,0.0,0.0,0.0,0.0,0.0,1.0,1.0,0.0,0.0,1.0,0.0,0.0
7,5.0,( get-max-one-of (( possible-decisions  ) ) (( consider-pseudorandom  ) )  ) ,0.012592660032397285,0.0,0.0,0.0,1.0,0.0,0.0,0.0,0.0,0.0,1.0,0.0,0.0,1.0,0.0,0.0
7,5.0,( get-max-one-of (( possible-decisions  ) ) (( consider-pseudorandom  ) )  ) ,0.012592660032397285,0.0,0.0,0.0,1.0,0.0,0.0,0.0,0.0,0.0,1.0,0.0,0.0,1.0,0.0,0.0
8,0.0,( get-max-one-of (( possible-decisions  ) ) (( consider-selfishness  ) )  ) ,0.012592660032397285,0.0,0.0,0.0,0.0,0.0,0.0,1.0,0.0,0.0,1.0,0.0,0.0,1.0,0.0,0.0
8,0.0,( get-max-one-of (( possible-decisions  ) ) (( downstream-homophily  ) )  ) ,0.012592660032397285,0.0,0.0,0.0,0.0,0.0,0.0,0.0,0.0,1.0,1.0,0.0,0.0,1.0,0.0,0.0
8,0.0,( get-min-one-of (( possible-decisions  ) ) (( consider-selfishness  ) )  ) ,0.07630188553984185,0.0,0.0,0.0,0.0,0.0,0.0,1.0,0.0,0.0,0.0,1.0,0.0,1.0,0.0,0.0
8,0.0,( get-min-one-of (( possible-decisions  ) ) (( consider-utilitarian  ) )  ) ,0.42168078449415225,0.0,0.0,0.0,0.0,0.0,0.0,0.0,1.0,0.0,0.0,1.0,0.0,1.0,0.0,0.0
8,0.0,( get-min-one-of (( possible-decisions  ) ) (( consider-selfishness  ) )  ) ,0.07634711834131283,0.0,0.0,0.0,0.0,0.0,0.0,1.0,0.0,0.0,0.0,1.0,0.0,1.0,0.0,0.0
8,1.0,( get-max-one-of (( possible-decisions  ) ) (( downstream-homophily  ) )  ) ,0.012592660032397285,0.0,0.0,0.0,0.0,0.0,0.0,0.0,0.0,1.0,1.0,0.0,0.0,1.0,0.0,0.0
8,1.0,( get-min-one-of (( possible-decisions  ) ) (( consider-selfishness  ) )  ) ,0.07631717306061425,0.0,0.0,0.0,0.0,0.0,0.0,1.0,0.0,0.0,0.0,1.0,0.0,1.0,0.0,0.0
8,1.0,( get-max-one-of (( possible-decisions  ) ) (( consider-selfishness  ) )  ) ,0.012592660032397285,0.0,0.0,0.0,0.0,0.0,0.0,1.0,0.0,0.0,1.0,0.0,0.0,1.0,0.0,0.0
8,1.0,( get-min-one-of (( possible-decisions  ) ) (( consider-selfishness  ) )  ) ,0.076326846319931,0.0,0.0,0.0,0.0,0.0,0.0,1.0,0.0,0.0,0.0,1.0,0.0,1.0,0.0,0.0
8,1.0,( get-max-one-of (( possible-decisions  ) ) (( downstream-homophily  ) )  ) ,0.012592660032397285,0.0,0.0,0.0,0.0,0.0,0.0,0.0,0.0,1.0,1.0,0.0,0.0,1.0,0.0,0.0
8,2.0,( get-max-one-of (( possible-decisions  ) ) (( consider-selfishness  ) )  ) ,0.012592660032397285,0.0,0.0,0.0,0.0,0.0,0.0,1.0,0.0,0.0,1.0,0.0,0.0,1.0,0.0,0.0
8,2.0,( get-max-one-of (( possible-decisions  ) ) (( downstream-homophily  ) )  ) ,0.012592660032397285,0.0,0.0,0.0,0.0,0.0,0.0,0.0,0.0,1.0,1.0,0.0,0.0,1.0,0.0,0.0
8,2.0,( get-max-one-of (( possible-decisions  ) ) (( consider-selfishness  ) )  ) ,0.012592660032397285,0.0,0.0,0.0,0.0,0.0,0.0,1.0,0.0,0.0,1.0,0.0,0.0,1.0,0.0,0.0
8,2.0,( get-max-one-of (( possible-decisions  ) ) (( downstream-homophily  ) )  ) ,0.012592660032397285,0.0,0.0,0.0,0.0,0.0,0.0,0.0,0.0,1.0,1.0,0.0,0.0,1.0,0.0,0.0
8,2.0,( get-max-one-of (( possible-decisions  ) ) (( downstream-homophily  ) )  ) ,0.012592660032397285,0.0,0.0,0.0,0.0,0.0,0.0,0.0,0.0,1.0,1.0,0.0,0.0,1.0,0.0,0.0
8,3.0,( get-max-one-of (( possible-decisions  ) ) (( downstream-homophily  ) )  ) ,0.012592660032397285,0.0,0.0,0.0,0.0,0.0,0.0,0.0,0.0,1.0,1.0,0.0,0.0,1.0,0.0,0.0
8,3.0,( get-max-one-of (( possible-decisions  ) ) (( downstream-homophily  ) )  ) ,0.012592660032397285,0.0,0.0,0.0,0.0,0.0,0.0,0.0,0.0,1.0,1.0,0.0,0.0,1.0,0.0,0.0
8,3.0,( get-max-one-of (( possible-decisions  ) ) (( downstream-homophily  ) )  ) ,0.012592660032397285,0.0,0.0,0.0,0.0,0.0,0.0,0.0,0.0,1.0,1.0,0.0,0.0,1.0,0.0,0.0
8,3.0,( get-max-one-of (( possible-decisions  ) ) (( downstream-homophily  ) )  ) ,0.012592660032397285,0.0,0.0,0.0,0.0,0.0,0.0,0.0,0.0,1.0,1.0,0.0,0.0,1.0,0.0,0.0
8,3.0,( get-min-one-of (( possible-decisions  ) ) (( consider-pseudorandom  ) )  ) ,0.07631345821076034,0.0,0.0,0.0,1.0,0.0,0.0,0.0,0.0,0.0,0.0,1.0,0.0,1.0,0.0,0.0
8,4.0,( get-max-one-of (( possible-decisions  ) ) (( downstream-homophily  ) )  ) ,0.012592660032397285,0.0,0.0,0.0,0.0,0.0,0.0,0.0,0.0,1.0,1.0,0.0,0.0,1.0,0.0,0.0
8,4.0,( get-max-one-of (( possible-decisions  ) ) (( downstream-homophily  ) )  ) ,0.012592660032397285,0.0,0.0,0.0,0.0,0.0,0.0,0.0,0.0,1.0,1.0,0.0,0.0,1.0,0.0,0.0
8,4.0,( get-max-one-of (( possible-decisions  ) ) (( downstream-homophily  ) )  ) ,0.012592660032397285,0.0,0.0,0.0,0.0,0.0,0.0,0.0,0.0,1.0,1.0,0.0,0.0,1.0,0.0,0.0
8,4.0,( get-max-one-of (( possible-decisions  ) ) (( downstream-homophily  ) )  ) ,0.012592660032397285,0.0,0.0,0.0,0.0,0.0,0.0,0.0,0.0,1.0,1.0,0.0,0.0,1.0,0.0,0.0
8,4.0,( get-max-one-of (( possible-decisions  ) ) (( downstream-homophily  ) )  ) ,0.012592660032397285,0.0,0.0,0.0,0.0,0.0,0.0,0.0,0.0,1.0,1.0,0.0,0.0,1.0,0.0,0.0
8,5.0,( get-max-one-of (( possible-decisions  ) ) (( downstream-homophily  ) )  ) ,0.012592660032397285,0.0,0.0,0.0,0.0,0.0,0.0,0.0,0.0,1.0,1.0,0.0,0.0,1.0,0.0,0.0
8,5.0,( get-max-one-of (( possible-decisions  ) ) (( downstream-homophily  ) )  ) ,0.012592660032397285,0.0,0.0,0.0,0.0,0.0,0.0,0.0,0.0,1.0,1.0,0.0,0.0,1.0,0.0,0.0
8,5.0,( get-max-one-of (( possible-decisions  ) ) (( downstream-homophily  ) )  ) ,0.012592660032397285,0.0,0.0,0.0,0.0,0.0,0.0,0.0,0.0,1.0,1.0,0.0,0.0,1.0,0.0,0.0
8,5.0,( get-max-one-of (( possible-decisions  ) ) (( downstream-homophily  ) )  ) ,0.012592660032397285,0.0,0.0,0.0,0.0,0.0,0.0,0.0,0.0,1.0,1.0,0.0,0.0,1.0,0.0,0.0
8,5.0,( get-min-one-of (( possible-decisions  ) ) (( consider-pseudorandom  ) )  ) ,0.07634092350051011,0.0,0.0,0.0,1.0,0.0,0.0,0.0,0.0,0.0,0.0,1.0,0.0,1.0,0.0,0.0
9,0.0,( get-min-one-of (( possible-decisions  ) ) (( downstream-homophily  ) )  ) ,0.14086972023373,0.0,0.0,0.0,0.0,0.0,0.0,0.0,0.0,1.0,0.0,1.0,0.0,1.0,0.0,0.0
9,0.0,( get-max-one-of (( possible-decisions  ) ) (( consider-altruism  ) )  ) ,0.07629008985464075,0.0,1.0,0.0,0.0,0.0,0.0,0.0,0.0,0.0,1.0,0.0,0.0,1.0,0.0,0.0
9,0.0,( get-max-one-of (( possible-decisions  ) ) (( multiply (( consider-heuristic  ) ) (( subtract (( consider-pseudorandom  ) ) (( downstream-homophily  ) )  ) )  ) )  ) ,0.348518397093373,0.0,0.0,1.0,1.0,0.0,0.0,0.0,0.0,1.0,1.0,0.0,1.0,1.0,1.0,0.0
9,0.0,( get-min-one-of (( possible-decisions  ) ) (( consider-pseudorandom  ) )  ) ,0.07632080347131044,0.0,0.0,0.0,1.0,0.0,0.0,0.0,0.0,0.0,0.0,1.0,0.0,1.0,0.0,0.0
9,0.0,( get-max-one-of (( possible-decisions  ) ) (( consider-random  ) )  ) ,0.4976620305250194,0.0,0.0,0.0,0.0,1.0,0.0,0.0,0.0,0.0,1.0,0.0,0.0,1.0,0.0,0.0
9,1.0,( get-max-one-of (( possible-decisions  ) ) (( consider-altruism  ) )  ) ,0.07631752213641653,0.0,1.0,0.0,0.0,0.0,0.0,0.0,0.0,0.0,1.0,0.0,0.0,1.0,0.0,0.0
9,1.0,( get-min-one-of (( possible-decisions  ) ) (( downstream-homophily  ) )  ) ,0.1409627666741492,0.0,0.0,0.0,0.0,0.0,0.0,0.0,0.0,1.0,0.0,1.0,0.0,1.0,0.0,0.0
9,1.0,( get-max-one-of (( possible-decisions  ) ) (( consider-altruism  ) )  ) ,0.07632184737226977,0.0,1.0,0.0,0.0,0.0,0.0,0.0,0.0,0.0,1.0,0.0,0.0,1.0,0.0,0.0
9,1.0,( get-max-one-of (( possible-decisions  ) ) (( multiply (( consider-heuristic  ) ) (( consider-selfishness  ) )  ) )  ) ,0.10724511056658127,0.0,0.0,1.0,0.0,0.0,0.0,1.0,0.0,0.0,1.0,0.0,1.0,1.0,0.0,0.0
9,1.0,( get-max-one-of (( possible-decisions  ) ) (( consider-altruism  ) )  ) ,0.07628918934928781,0.0,1.0,0.0,0.0,0.0,0.0,0.0,0.0,0.0,1.0,0.0,0.0,1.0,0.0,0.0
9,2.0,( get-max-one-of (( possible-decisions  ) ) (( consider-altruism  ) )  ) ,0.07632287234819274,0.0,1.0,0.0,0.0,0.0,0.0,0.0,0.0,0.0,1.0,0.0,0.0,1.0,0.0,0.0
9,2.0,( get-max-one-of (( possible-decisions  ) ) (( consider-altruism  ) )  ) ,0.07631109580287478,0.0,1.0,0.0,0.0,0.0,0.0,0.0,0.0,0.0,1.0,0.0,0.0,1.0,0.0,0.0
9,2.0,( get-max-one-of (( possible-decisions  ) ) (( consider-altruism  ) )  ) ,0.07632759623627304,0.0,1.0,0.0,0.0,0.0,0.0,0.0,0.0,0.0,1.0,0.0,0.0,1.0,0.0,0.0
9,2.0,( get-max-one-of (( possible-decisions  ) ) (( consider-altruism  ) )  ) ,0.07632820805009656,0.0,1.0,0.0,0.0,0.0,0.0,0.0,0.0,0.0,1.0,0.0,0.0,1.0,0.0,0.0
9,2.0,( get-max-one-of (( possible-decisions  ) ) (( consider-altruism  ) )  ) ,0.07632477292004282,0.0,1.0,0.0,0.0,0.0,0.0,0.0,0.0,0.0,1.0,0.0,0.0,1.0,0.0,0.0
9,3.0,( get-max-one-of (( possible-decisions  ) ) (( consider-altruism  ) )  ) ,0.07634434959771133,0.0,1.0,0.0,0.0,0.0,0.0,0.0,0.0,0.0,1.0,0.0,0.0,1.0,0.0,0.0
9,3.0,( get-max-one-of (( possible-decisions  ) ) (( consider-altruism  ) )  ) ,0.076324123460124,0.0,1.0,0.0,0.0,0.0,0.0,0.0,0.0,0.0,1.0,0.0,0.0,1.0,0.0,0.0
9,3.0,( get-max-one-of (( possible-decisions  ) ) (( consider-altruism  ) )  ) ,0.07629881141812482,0.0,1.0,0.0,0.0,0.0,0.0,0.0,0.0,0.0,1.0,0.0,0.0,1.0,0.0,0.0
9,3.0,( get-max-one-of (( possible-decisions  ) ) (( consider-altruism  ) )  ) ,0.07633330087704286,0.0,1.0,0.0,0.0,0.0,0.0,0.0,0.0,0.0,1.0,0.0,0.0,1.0,0.0,0.0
9,3.0,( get-max-one-of (( possible-decisions  ) ) (( consider-altruism  ) )  ) ,0.07631466414686333,0.0,1.0,0.0,0.0,0.0,0.0,0.0,0.0,0.0,1.0,0.0,0.0,1.0,0.0,0.0
9,4.0,( get-max-one-of (( possible-decisions  ) ) (( consider-altruism  ) )  ) ,0.07629636155267765,0.0,1.0,0.0,0.0,0.0,0.0,0.0,0.0,0.0,1.0,0.0,0.0,1.0,0.0,0.0
9,4.0,( get-max-one-of (( possible-decisions  ) ) (( consider-altruism  ) )  ) ,0.07632712513897681,0.0,1.0,0.0,0.0,0.0,0.0,0.0,0.0,0.0,1.0,0.0,0.0,1.0,0.0,0.0
9,4.0,( get-max-one-of (( possible-decisions  ) ) (( consider-altruism  ) )  ) ,0.0762915394658591,0.0,1.0,0.0,0.0,0.0,0.0,0.0,0.0,0.0,1.0,0.0,0.0,1.0,0.0,0.0
9,4.0,( get-max-one-of (( possible-decisions  ) ) (( consider-altruism  ) )  ) ,0.07629512353558346,0.0,1.0,0.0,0.0,0.0,0.0,0.0,0.0,0.0,1.0,0.0,0.0,1.0,0.0,0.0
9,4.0,( get-max-one-of (( possible-decisions  ) ) (( consider-altruism  ) )  ) ,0.07632887506195428,0.0,1.0,0.0,0.0,0.0,0.0,0.0,0.0,0.0,1.0,0.0,0.0,1.0,0.0,0.0
9,5.0,( get-max-one-of (( possible-decisions  ) ) (( consider-altruism  ) )  ) ,0.07631992236054334,0.0,1.0,0.0,0.0,0.0,0.0,0.0,0.0,0.0,1.0,0.0,0.0,1.0,0.0,0.0
9,5.0,( get-max-one-of (( possible-decisions  ) ) (( consider-altruism  ) )  ) ,0.07632345851231301,0.0,1.0,0.0,0.0,0.0,0.0,0.0,0.0,0.0,1.0,0.0,0.0,1.0,0.0,0.0
9,5.0,( get-max-one-of (( possible-decisions  ) ) (( consider-altruism  ) )  ) ,0.07634460150191091,0.0,1.0,0.0,0.0,0.0,0.0,0.0,0.0,0.0,1.0,0.0,0.0,1.0,0.0,0.0
9,5.0,( get-max-one-of (( possible-decisions  ) ) (( consider-altruism  ) )  ) ,0.07633587136835633,0.0,1.0,0.0,0.0,0.0,0.0,0.0,0.0,0.0,1.0,0.0,0.0,1.0,0.0,0.0
9,5.0,( get-max-one-of (( possible-decisions  ) ) (( consider-altruism  ) )  ) ,0.07633689000863719,0.0,1.0,0.0,0.0,0.0,0.0,0.0,0.0,0.0,1.0,0.0,0.0,1.0,0.0,0.0
10,0.0,( get-min-one-of (( possible-decisions  ) ) (( consider-pseudorandom  ) )  ) ,0.0763530692944719,0.0,0.0,0.0,1.0,0.0,0.0,0.0,0.0,0.0,0.0,1.0,0.0,1.0,0.0,0.0
10,0.0,( get-min-one-of (( possible-decisions  ) ) (( subtract (( consider-heuristic  ) ) (( subtract (( consider-utilitarian  ) ) (( downstream-homophily  ) )  ) )  ) )  ) ,0.3069193497912308,0.0,0.0,1.0,0.0,0.0,0.0,0.0,1.0,1.0,0.0,1.0,0.0,1.0,2.0,0.0
10,0.0,( get-max-one-of (( possible-decisions  ) ) (( downstream-homophily  ) )  ) ,0.012592660032397285,0.0,0.0,0.0,0.0,0.0,0.0,0.0,0.0,1.0,1.0,0.0,0.0,1.0,0.0,0.0
10,0.0,( get-max-one-of (( possible-decisions  ) ) (( consider-altruism  ) )  ) ,0.07629554863953268,0.0,1.0,0.0,0.0,0.0,0.0,0.0,0.0,0.0,1.0,0.0,0.0,1.0,0.0,0.0
10,0.0,( get-min-one-of (( possible-decisions  ) ) (( consider-relative-income  ) )  ) ,0.08922678532602096,0.0,0.0,0.0,0.0,0.0,1.0,0.0,0.0,0.0,0.0,1.0,0.0,1.0,0.0,0.0
10,1.0,( get-max-one-of (( possible-decisions  ) ) (( consider-random  ) )  ) ,0.4969439150870377,0.0,0.0,0.0,0.0,1.0,0.0,0.0,0.0,0.0,1.0,0.0,0.0,1.0,0.0,0.0
10,1.0,( get-max-one-of (( possible-decisions  ) ) (( consider-altruism  ) )  ) ,0.07626876906029142,0.0,1.0,0.0,0.0,0.0,0.0,0.0,0.0,0.0,1.0,0.0,0.0,1.0,0.0,0.0
10,1.0,( get-max-one-of (( possible-decisions  ) ) (( downstream-homophily  ) )  ) ,0.012592660032397285,0.0,0.0,0.0,0.0,0.0,0.0,0.0,0.0,1.0,1.0,0.0,0.0,1.0,0.0,0.0
10,1.0,( get-max-one-of (( possible-decisions  ) ) (( downstream-homophily  ) )  ) ,0.012592660032397285,0.0,0.0,0.0,0.0,0.0,0.0,0.0,0.0,1.0,1.0,0.0,0.0,1.0,0.0,0.0
10,1.0,( get-max-one-of (( possible-decisions  ) ) (( consider-selfishness  ) )  ) ,0.012592660032397285,0.0,0.0,0.0,0.0,0.0,0.0,1.0,0.0,0.0,1.0,0.0,0.0,1.0,0.0,0.0
10,2.0,( get-max-one-of (( possible-decisions  ) ) (( downstream-homophily  ) )  ) ,0.012592660032397285,0.0,0.0,0.0,0.0,0.0,0.0,0.0,0.0,1.0,1.0,0.0,0.0,1.0,0.0,0.0
10,2.0,( get-max-one-of (( possible-decisions  ) ) (( downstream-homophily  ) )  ) ,0.012592660032397285,0.0,0.0,0.0,0.0,0.0,0.0,0.0,0.0,1.0,1.0,0.0,0.0,1.0,0.0,0.0
10,2.0,( get-max-one-of (( possible-decisions  ) ) (( downstream-homophily  ) )  ) ,0.012592660032397285,0.0,0.0,0.0,0.0,0.0,0.0,0.0,0.0,1.0,1.0,0.0,0.0,1.0,0.0,0.0
10,2.0,( get-max-one-of (( possible-decisions  ) ) (( consider-altruism  ) )  ) ,0.07629538033763637,0.0,1.0,0.0,0.0,0.0,0.0,0.0,0.0,0.0,1.0,0.0,0.0,1.0,0.0,0.0
10,2.0,( get-max-one-of (( possible-decisions  ) ) (( downstream-homophily  ) )  ) ,0.012592660032397285,0.0,0.0,0.0,0.0,0.0,0.0,0.0,0.0,1.0,1.0,0.0,0.0,1.0,0.0,0.0
10,3.0,( get-max-one-of (( possible-decisions  ) ) (( downstream-homophily  ) )  ) ,0.012592660032397285,0.0,0.0,0.0,0.0,0.0,0.0,0.0,0.0,1.0,1.0,0.0,0.0,1.0,0.0,0.0
10,3.0,( get-max-one-of (( possible-decisions  ) ) (( downstream-homophily  ) )  ) ,0.012592660032397285,0.0,0.0,0.0,0.0,0.0,0.0,0.0,0.0,1.0,1.0,0.0,0.0,1.0,0.0,0.0
10,3.0,( get-max-one-of (( possible-decisions  ) ) (( downstream-homophily  ) )  ) ,0.012592660032397285,0.0,0.0,0.0,0.0,0.0,0.0,0.0,0.0,1.0,1.0,0.0,0.0,1.0,0.0,0.0
10,3.0,( get-max-one-of (( possible-decisions  ) ) (( combine (( consider-random  ) ) (( consider-pseudorandom  ) )  ) )  ) ,0.03074655778068171,1.0,0.0,0.0,1.0,1.0,0.0,0.0,0.0,0.0,1.0,0.0,0.0,1.0,0.0,0.0
10,3.0,( get-max-one-of (( possible-decisions  ) ) (( downstream-homophily  ) )  ) ,0.012592660032397285,0.0,0.0,0.0,0.0,0.0,0.0,0.0,0.0,1.0,1.0,0.0,0.0,1.0,0.0,0.0
10,4.0,( get-max-one-of (( possible-decisions  ) ) (( downstream-homophily  ) )  ) ,0.012592660032397285,0.0,0.0,0.0,0.0,0.0,0.0,0.0,0.0,1.0,1.0,0.0,0.0,1.0,0.0,0.0
10,4.0,( get-max-one-of (( possible-decisions  ) ) (( downstream-homophily  ) )  ) ,0.012592660032397285,0.0,0.0,0.0,0.0,0.0,0.0,0.0,0.0,1.0,1.0,0.0,0.0,1.0,0.0,0.0
10,4.0,( get-max-one-of (( possible-decisions  ) ) (( downstream-homophily  ) )  ) ,0.012592660032397285,0.0,0.0,0.0,0.0,0.0,0.0,0.0,0.0,1.0,1.0,0.0,0.0,1.0,0.0,0.0
10,4.0,( get-max-one-of (( possible-decisions  ) ) (( downstream-homophily  ) )  ) ,0.012592660032397285,0.0,0.0,0.0,0.0,0.0,0.0,0.0,0.0,1.0,1.0,0.0,0.0,1.0,0.0,0.0
10,4.0,( get-max-one-of (( possible-decisions  ) ) (( downstream-homophily  ) )  ) ,0.012592660032397285,0.0,0.0,0.0,0.0,0.0,0.0,0.0,0.0,1.0,1.0,0.0,0.0,1.0,0.0,0.0
10,5.0,( get-max-one-of (( possible-decisions  ) ) (( downstream-homophily  ) )  ) ,0.012592660032397285,0.0,0.0,0.0,0.0,0.0,0.0,0.0,0.0,1.0,1.0,0.0,0.0,1.0,0.0,0.0
10,5.0,( get-max-one-of (( possible-decisions  ) ) (( downstream-homophily  ) )  ) ,0.012592660032397285,0.0,0.0,0.0,0.0,0.0,0.0,0.0,0.0,1.0,1.0,0.0,0.0,1.0,0.0,0.0
10,5.0,( get-max-one-of (( possible-decisions  ) ) (( downstream-homophily  ) )  ) ,0.012592660032397285,0.0,0.0,0.0,0.0,0.0,0.0,0.0,0.0,1.0,1.0,0.0,0.0,1.0,0.0,0.0
10,5.0,( get-max-one-of (( possible-decisions  ) ) (( consider-heuristic  ) )  ) ,0.318245375437136,0.0,0.0,1.0,0.0,0.0,0.0,0.0,0.0,0.0,1.0,0.0,0.0,1.0,0.0,0.0
10,5.0,( get-max-one-of (( possible-decisions  ) ) (( downstream-homophily  ) )  ) ,0.012592660032397285,0.0,0.0,0.0,0.0,0.0,0.0,0.0,0.0,1.0,1.0,0.0,0.0,1.0,0.0,0.0
11,0.0,( get-max-one-of (( possible-decisions  ) ) (( consider-utilitarian  ) )  ) ,0.4373819843378937,0.0,0.0,0.0,0.0,0.0,0.0,0.0,1.0,0.0,1.0,0.0,0.0,1.0,0.0,0.0
11,0.0,( get-min-one-of (( possible-decisions  ) ) (( consider-relative-income  ) )  ) ,0.08923622171351828,0.0,0.0,0.0,0.0,0.0,1.0,0.0,0.0,0.0,0.0,1.0,0.0,1.0,0.0,0.0
11,0.0,( get-min-one-of (( possible-decisions  ) ) (( consider-altruism  ) )  ) ,0.012592660032397285,0.0,1.0,0.0,0.0,0.0,0.0,0.0,0.0,0.0,0.0,1.0,0.0,1.0,0.0,0.0
11,0.0,( get-max-one-of (( possible-decisions  ) ) (( subtract (( downstream-homophily  ) ) (( combine (( consider-utilitarian  ) ) (( consider-pseudorandom  ) )  ) )  ) )  ) ,0.3977733211862337,1.0,0.0,0.0,1.0,0.0,0.0,0.0,1.0,1.0,1.0,0.0,0.0,1.0,1.0,0.0
11,0.0,( get-min-one-of (( possible-decisions  ) ) (( consider-random  ) )  ) ,0.4968755306415439,0.0,0.0,0.0,0.0,1.0,0.0,0.0,0.0,0.0,0.0,1.0,0.0,1.0,0.0,0.0
11,1.0,( get-min-one-of (( possible-decisions  ) ) (( consider-relative-income  ) )  ) ,0.08925594064006277,0.0,0.0,0.0,0.0,0.0,1.0,0.0,0.0,0.0,0.0,1.0,0.0,1.0,0.0,0.0
11,1.0,( get-min-one-of (( possible-decisions  ) ) (( consider-altruism  ) )  ) ,0.012592660032397285,0.0,1.0,0.0,0.0,0.0,0.0,0.0,0.0,0.0,0.0,1.0,0.0,1.0,0.0,0.0
11,1.0,( get-min-one-of (( possible-decisions  ) ) (( consider-relative-income  ) )  ) ,0.08922089409580435,0.0,0.0,0.0,0.0,0.0,1.0,0.0,0.0,0.0,0.0,1.0,0.0,1.0,0.0,0.0
11,1.0,( get-min-one-of (( possible-decisions  ) ) (( consider-relative-income  ) )  ) ,0.08922432090584477,0.0,0.0,0.0,0.0,0.0,1.0,0.0,0.0,0.0,0.0,1.0,0.0,1.0,0.0,0.0
11,1.0,( get-min-one-of (( possible-decisions  ) ) (( consider-relative-income  ) )  ) ,0.08924857020143863,0.0,0.0,0.0,0.0,0.0,1.0,0.0,0.0,0.0,0.0,1.0,0.0,1.0,0.0,0.0
11,2.0,( get-min-one-of (( possible-decisions  ) ) (( consider-relative-income  ) )  ) ,0.08925240151733986,0.0,0.0,0.0,0.0,0.0,1.0,0.0,0.0,0.0,0.0,1.0,0.0,1.0,0.0,0.0
11,2.0,( get-min-one-of (( possible-decisions  ) ) (( consider-relative-income  ) )  ) ,0.08925984861579843,0.0,0.0,0.0,0.0,0.0,1.0,0.0,0.0,0.0,0.0,1.0,0.0,1.0,0.0,0.0
11,2.0,( get-min-one-of (( possible-decisions  ) ) (( consider-altruism  ) )  ) ,0.012592660032397285,0.0,1.0,0.0,0.0,0.0,0.0,0.0,0.0,0.0,0.0,1.0,0.0,1.0,0.0,0.0
11,2.0,( get-min-one-of (( possible-decisions  ) ) (( consider-utilitarian  ) )  ) ,0.4219283327935714,0.0,0.0,0.0,0.0,0.0,0.0,0.0,1.0,0.0,0.0,1.0,0.0,1.0,0.0,0.0
11,2.0,( get-min-one-of (( possible-decisions  ) ) (( consider-relative-income  ) )  ) ,0.08924838120763058,0.0,0.0,0.0,0.0,0.0,1.0,0.0,0.0,0.0,0.0,1.0,0.0,1.0,0.0,0.0
11,3.0,( get-min-one-of (( possible-decisions  ) ) (( consider-relative-income  ) )  ) ,0.08918497150671018,0.0,0.0,0.0,0.0,0.0,1.0,0.0,0.0,0.0,0.0,1.0,0.0,1.0,0.0,0.0
11,3.0,( get-min-one-of (( possible-decisions  ) ) (( consider-relative-income  ) )  ) ,0.08922909473746679,0.0,0.0,0.0,0.0,0.0,1.0,0.0,0.0,0.0,0.0,1.0,0.0,1.0,0.0,0.0
11,3.0,( get-min-one-of (( possible-decisions  ) ) (( consider-relative-income  ) )  ) ,0.08924291860967558,0.0,0.0,0.0,0.0,0.0,1.0,0.0,0.0,0.0,0.0,1.0,0.0,1.0,0.0,0.0
11,3.0,( get-min-one-of (( possible-decisions  ) ) (( consider-altruism  ) )  ) ,0.012592660032397285,0.0,1.0,0.0,0.0,0.0,0.0,0.0,0.0,0.0,0.0,1.0,0.0,1.0,0.0,0.0
11,3.0,( get-min-one-of (( possible-decisions  ) ) (( consider-utilitarian  ) )  ) ,0.4226002274136349,0.0,0.0,0.0,0.0,0.0,0.0,0.0,1.0,0.0,0.0,1.0,0.0,1.0,0.0,0.0
11,4.0,( get-min-one-of (( possible-decisions  ) ) (( consider-relative-income  ) )  ) ,0.08926293130992423,0.0,0.0,0.0,0.0,0.0,1.0,0.0,0.0,0.0,0.0,1.0,0.0,1.0,0.0,0.0
11,4.0,( get-min-one-of (( possible-decisions  ) ) (( consider-relative-income  ) )  ) ,0.08923899994203383,0.0,0.0,0.0,0.0,0.0,1.0,0.0,0.0,0.0,0.0,1.0,0.0,1.0,0.0,0.0
11,4.0,( get-min-one-of (( possible-decisions  ) ) (( consider-altruism  ) )  ) ,0.012592660032397285,0.0,1.0,0.0,0.0,0.0,0.0,0.0,0.0,0.0,0.0,1.0,0.0,1.0,0.0,0.0
11,4.0,( get-min-one-of (( possible-decisions  ) ) (( consider-altruism  ) )  ) ,0.012592660032397285,0.0,1.0,0.0,0.0,0.0,0.0,0.0,0.0,0.0,0.0,1.0,0.0,1.0,0.0,0.0
11,4.0,( get-min-one-of (( possible-decisions  ) ) (( consider-altruism  ) )  ) ,0.012592660032397285,0.0,1.0,0.0,0.0,0.0,0.0,0.0,0.0,0.0,0.0,1.0,0.0,1.0,0.0,0.0
11,5.0,( get-min-one-of (( possible-decisions  ) ) (( consider-altruism  ) )  ) ,0.012592660032397285,0.0,1.0,0.0,0.0,0.0,0.0,0.0,0.0,0.0,0.0,1.0,0.0,1.0,0.0,0.0
11,5.0,( get-min-one-of (( possible-decisions  ) ) (( consider-altruism  ) )  ) ,0.012592660032397285,0.0,1.0,0.0,0.0,0.0,0.0,0.0,0.0,0.0,0.0,1.0,0.0,1.0,0.0,0.0
11,5.0,( get-min-one-of (( possible-decisions  ) ) (( combine (( consider-random  ) ) (( consider-selfishness  ) )  ) )  ) ,0.11440876040150835,1.0,0.0,0.0,0.0,1.0,0.0,1.0,0.0,0.0,0.0,1.0,0.0,1.0,0.0,0.0
11,5.0,( get-min-one-of (( possible-decisions  ) ) (( consider-altruism  ) )  ) ,0.012592660032397285,0.0,1.0,0.0,0.0,0.0,0.0,0.0,0.0,0.0,0.0,1.0,0.0,1.0,0.0,0.0
11,5.0,( get-min-one-of (( possible-decisions  ) ) (( consider-altruism  ) )  ) ,0.012592660032397285,0.0,1.0,0.0,0.0,0.0,0.0,0.0,0.0,0.0,0.0,1.0,0.0,1.0,0.0,0.0
12,0.0,( get-max-one-of (( possible-decisions  ) ) (( consider-relative-income  ) )  ) ,0.012592660032397285,0.0,0.0,0.0,0.0,0.0,1.0,0.0,0.0,0.0,1.0,0.0,0.0,1.0,0.0,0.0
12,0.0,( get-min-one-of (( possible-decisions  ) ) (( downstream-homophily  ) )  ) ,0.14098241176283566,0.0,0.0,0.0,0.0,0.0,0.0,0.0,0.0,1.0,0.0,1.0,0.0,1.0,0.0,0.0
12,0.0,( get-min-one-of (( possible-decisions  ) ) (( consider-relative-income  ) )  ) ,0.08922919262214084,0.0,0.0,0.0,0.0,0.0,1.0,0.0,0.0,0.0,0.0,1.0,0.0,1.0,0.0,0.0
12,0.0,( get-min-one-of (( possible-decisions  ) ) (( downstream-homophily  ) )  ) ,0.14092163331889074,0.0,0.0,0.0,0.0,0.0,0.0,0.0,0.0,1.0,0.0,1.0,0.0,1.0,0.0,0.0
12,0.0,( get-max-one-of (( possible-decisions  ) ) (( consider-utilitarian  ) )  ) ,0.4373648767067811,0.0,0.0,0.0,0.0,0.0,0.0,0.0,1.0,0.0,1.0,0.0,0.0,1.0,0.0,0.0
12,1.0,( get-min-one-of (( possible-decisions  ) ) (( consider-relative-income  ) )  ) ,0.08925602364898022,0.0,0.0,0.0,0.0,0.0,1.0,0.0,0.0,0.0,0.0,1.0,0.0,1.0,0.0,0.0
12,1.0,( get-max-one-of (( possible-decisions  ) ) (( consider-relative-income  ) )  ) ,0.012592660032397285,0.0,0.0,0.0,0.0,0.0,1.0,0.0,0.0,0.0,1.0,0.0,0.0,1.0,0.0,0.0
12,1.0,( get-min-one-of (( possible-decisions  ) ) (( consider-selfishness  ) )  ) ,0.07634023097155512,0.0,0.0,0.0,0.0,0.0,0.0,1.0,0.0,0.0,0.0,1.0,0.0,1.0,0.0,0.0
12,1.0,( get-min-one-of (( possible-decisions  ) ) (( downstream-homophily  ) )  ) ,0.140900595266917,0.0,0.0,0.0,0.0,0.0,0.0,0.0,0.0,1.0,0.0,1.0,0.0,1.0,0.0,0.0
12,1.0,( get-min-one-of (( possible-decisions  ) ) (( consider-relative-income  ) )  ) ,0.08922849212320183,0.0,0.0,0.0,0.0,0.0,1.0,0.0,0.0,0.0,0.0,1.0,0.0,1.0,0.0,0.0
12,2.0,( get-max-one-of (( possible-decisions  ) ) (( consider-relative-income  ) )  ) ,0.012592660032397285,0.0,0.0,0.0,0.0,0.0,1.0,0.0,0.0,0.0,1.0,0.0,0.0,1.0,0.0,0.0
12,2.0,( get-min-one-of (( possible-decisions  ) ) (( consider-selfishness  ) )  ) ,0.07631313150753569,0.0,0.0,0.0,0.0,0.0,0.0,1.0,0.0,0.0,0.0,1.0,0.0,1.0,0.0,0.0
12,2.0,( get-max-one-of (( possible-decisions  ) ) (( consider-relative-income  ) )  ) ,0.012592660032397285,0.0,0.0,0.0,0.0,0.0,1.0,0.0,0.0,0.0,1.0,0.0,0.0,1.0,0.0,0.0
12,2.0,( get-max-one-of (( possible-decisions  ) ) (( consider-relative-income  ) )  ) ,0.012592660032397285,0.0,0.0,0.0,0.0,0.0,1.0,0.0,0.0,0.0,1.0,0.0,0.0,1.0,0.0,0.0
12,2.0,( get-max-one-of (( possible-decisions  ) ) (( consider-relative-income  ) )  ) ,0.012592660032397285,0.0,0.0,0.0,0.0,0.0,1.0,0.0,0.0,0.0,1.0,0.0,0.0,1.0,0.0,0.0
12,3.0,( get-max-one-of (( possible-decisions  ) ) (( consider-relative-income  ) )  ) ,0.012592660032397285,0.0,0.0,0.0,0.0,0.0,1.0,0.0,0.0,0.0,1.0,0.0,0.0,1.0,0.0,0.0
12,3.0,( get-max-one-of (( possible-decisions  ) ) (( consider-relative-income  ) )  ) ,0.012592660032397285,0.0,0.0,0.0,0.0,0.0,1.0,0.0,0.0,0.0,1.0,0.0,0.0,1.0,0.0,0.0
12,3.0,( get-max-one-of (( possible-decisions  ) ) (( consider-relative-income  ) )  ) ,0.012592660032397285,0.0,0.0,0.0,0.0,0.0,1.0,0.0,0.0,0.0,1.0,0.0,0.0,1.0,0.0,0.0
12,3.0,( get-max-one-of (( possible-decisions  ) ) (( consider-relative-income  ) )  ) ,0.012592660032397285,0.0,0.0,0.0,0.0,0.0,1.0,0.0,0.0,0.0,1.0,0.0,0.0,1.0,0.0,0.0
12,3.0,( get-max-one-of (( possible-decisions  ) ) (( consider-relative-income  ) )  ) ,0.012592660032397285,0.0,0.0,0.0,0.0,0.0,1.0,0.0,0.0,0.0,1.0,0.0,0.0,1.0,0.0,0.0
12,4.0,( get-max-one-of (( possible-decisions  ) ) (( consider-relative-income  ) )  ) ,0.012592660032397285,0.0,0.0,0.0,0.0,0.0,1.0,0.0,0.0,0.0,1.0,0.0,0.0,1.0,0.0,0.0
12,4.0,( get-max-one-of (( possible-decisions  ) ) (( consider-relative-income  ) )  ) ,0.012592660032397285,0.0,0.0,0.0,0.0,0.0,1.0,0.0,0.0,0.0,1.0,0.0,0.0,1.0,0.0,0.0
12,4.0,( get-max-one-of (( possible-decisions  ) ) (( consider-relative-income  ) )  ) ,0.012592660032397285,0.0,0.0,0.0,0.0,0.0,1.0,0.0,0.0,0.0,1.0,0.0,0.0,1.0,0.0,0.0
12,4.0,( get-max-one-of (( possible-decisions  ) ) (( consider-relative-income  ) )  ) ,0.012592660032397285,0.0,0.0,0.0,0.0,0.0,1.0,0.0,0.0,0.0,1.0,0.0,0.0,1.0,0.0,0.0
12,4.0,( get-max-one-of (( possible-decisions  ) ) (( consider-relative-income  ) )  ) ,0.012592660032397285,0.0,0.0,0.0,0.0,0.0,1.0,0.0,0.0,0.0,1.0,0.0,0.0,1.0,0.0,0.0
12,5.0,( get-max-one-of (( possible-decisions  ) ) (( consider-relative-income  ) )  ) ,0.012592660032397285,0.0,0.0,0.0,0.0,0.0,1.0,0.0,0.0,0.0,1.0,0.0,0.0,1.0,0.0,0.0
12,5.0,( get-max-one-of (( possible-decisions  ) ) (( consider-relative-income  ) )  ) ,0.012592660032397285,0.0,0.0,0.0,0.0,0.0,1.0,0.0,0.0,0.0,1.0,0.0,0.0,1.0,0.0,0.0
12,5.0,( get-max-one-of (( possible-decisions  ) ) (( consider-relative-income  ) )  ) ,0.012592660032397285,0.0,0.0,0.0,0.0,0.0,1.0,0.0,0.0,0.0,1.0,0.0,0.0,1.0,0.0,0.0
12,5.0,( get-max-one-of (( possible-decisions  ) ) (( consider-relative-income  ) )  ) ,0.012592660032397285,0.0,0.0,0.0,0.0,0.0,1.0,0.0,0.0,0.0,1.0,0.0,0.0,1.0,0.0,0.0
12,5.0,( get-max-one-of (( possible-decisions  ) ) (( consider-relative-income  ) )  ) ,0.012592660032397285,0.0,0.0,0.0,0.0,0.0,1.0,0.0,0.0,0.0,1.0,0.0,0.0,1.0,0.0,0.0
13,0.0,( get-max-one-of (( possible-decisions  ) ) (( multiply (( combine (( consider-heuristic  ) ) (( upstream-homophily  ) )  ) ) (( consider-heuristic  ) )  ) )  ) ,0.2604200174226464,1.0,0.0,2.0,0.0,0.0,0.0,0.0,0.0,0.0,1.0,0.0,1.0,1.0,0.0,1.0
13,0.0,( get-max-one-of (( possible-decisions  ) ) (( consider-relative-income  ) )  ) ,0.012592660032397285,0.0,0.0,0.0,0.0,0.0,1.0,0.0,0.0,0.0,1.0,0.0,0.0,1.0,0.0,0.0
13,0.0,( get-max-one-of (( possible-decisions  ) ) (( upstream-homophily  ) )  ) ,0.012592660032397285,0.0,0.0,0.0,0.0,0.0,0.0,0.0,0.0,0.0,1.0,0.0,0.0,1.0,0.0,1.0
13,0.0,( get-min-one-of (( possible-decisions  ) ) (( consider-pseudorandom  ) )  ) ,0.07631719633299161,0.0,0.0,0.0,1.0,0.0,0.0,0.0,0.0,0.0,0.0,1.0,0.0,1.0,0.0,0.0
13,0.0,( get-max-one-of (( possible-decisions  ) ) (( consider-selfishness  ) )  ) ,0.012592660032397285,0.0,0.0,0.0,0.0,0.0,0.0,1.0,0.0,0.0,1.0,0.0,0.0,1.0,0.0,0.0
13,1.0,( get-max-one-of (( possible-decisions  ) ) (( consider-relative-income  ) )  ) ,0.012592660032397285,0.0,0.0,0.0,0.0,0.0,1.0,0.0,0.0,0.0,1.0,0.0,0.0,1.0,0.0,0.0
13,1.0,( get-max-one-of (( possible-decisions  ) ) (( upstream-homophily  ) )  ) ,0.012592660032397285,0.0,0.0,0.0,0.0,0.0,0.0,0.0,0.0,0.0,1.0,0.0,0.0,1.0,0.0,1.0
13,1.0,( get-max-one-of (( possible-decisions  ) ) (( consider-relative-income  ) )  ) ,0.012592660032397285,0.0,0.0,0.0,0.0,0.0,1.0,0.0,0.0,0.0,1.0,0.0,0.0,1.0,0.0,0.0
13,1.0,( get-max-one-of (( possible-decisions  ) ) (( consider-altruism  ) )  ) ,0.07631161220618785,0.0,1.0,0.0,0.0,0.0,0.0,0.0,0.0,0.0,1.0,0.0,0.0,1.0,0.0,0.0
13,1.0,( get-max-one-of (( possible-decisions  ) ) (( upstream-homophily  ) )  ) ,0.012592660032397285,0.0,0.0,0.0,0.0,0.0,0.0,0.0,0.0,0.0,1.0,0.0,0.0,1.0,0.0,1.0
13,2.0,( get-max-one-of (( possible-decisions  ) ) (( multiply (( consider-utilitarian  ) ) (( consider-selfishness  ) )  ) )  ) ,0.04572909451473193,0.0,0.0,0.0,0.0,0.0,0.0,1.0,1.0,0.0,1.0,0.0,1.0,1.0,0.0,0.0
13,2.0,( get-max-one-of (( possible-decisions  ) ) (( combine (( consider-pseudorandom  ) ) (( upstream-homophily  ) )  ) )  ) ,0.012592660032397285,1.0,0.0,0.0,1.0,0.0,0.0,0.0,0.0,0.0,1.0,0.0,0.0,1.0,0.0,1.0
13,2.0,( get-max-one-of (( possible-decisions  ) ) (( consider-relative-income  ) )  ) ,0.012592660032397285,0.0,0.0,0.0,0.0,0.0,1.0,0.0,0.0,0.0,1.0,0.0,0.0,1.0,0.0,0.0
13,2.0,( get-max-one-of (( possible-decisions  ) ) (( consider-relative-income  ) )  ) ,0.012592660032397285,0.0,0.0,0.0,0.0,0.0,1.0,0.0,0.0,0.0,1.0,0.0,0.0,1.0,0.0,0.0
13,2.0,( get-max-one-of (( possible-decisions  ) ) (( upstream-homophily  ) )  ) ,0.012592660032397285,0.0,0.0,0.0,0.0,0.0,0.0,0.0,0.0,0.0,1.0,0.0,0.0,1.0,0.0,1.0
13,3.0,( get-max-one-of (( possible-decisions  ) ) (( combine (( consider-pseudorandom  ) ) (( upstream-homophily  ) )  ) )  ) ,0.012592660032397285,1.0,0.0,0.0,1.0,0.0,0.0,0.0,0.0,0.0,1.0,0.0,0.0,1.0,0.0,1.0
13,3.0,( get-max-one-of (( possible-decisions  ) ) (( combine (( consider-pseudorandom  ) ) (( upstream-homophily  ) )  ) )  ) ,0.012592660032397285,1.0,0.0,0.0,1.0,0.0,0.0,0.0,0.0,0.0,1.0,0.0,0.0,1.0,0.0,1.0
13,3.0,( get-min-one-of (( possible-decisions  ) ) (( subtract (( consider-relative-income  ) ) (( consider-relative-income  ) )  ) )  ) ,0.012592660032397285,0.0,0.0,0.0,0.0,0.0,2.0,0.0,0.0,0.0,0.0,1.0,0.0,1.0,1.0,0.0
13,3.0,( get-max-one-of (( possible-decisions  ) ) (( combine (( consider-pseudorandom  ) ) (( upstream-homophily  ) )  ) )  ) ,0.012592660032397285,1.0,0.0,0.0,1.0,0.0,0.0,0.0,0.0,0.0,1.0,0.0,0.0,1.0,0.0,1.0
13,3.0,( get-max-one-of (( possible-decisions  ) ) (( consider-utilitarian  ) )  ) ,0.4377933341700581,0.0,0.0,0.0,0.0,0.0,0.0,0.0,1.0,0.0,1.0,0.0,0.0,1.0,0.0,0.0
13,4.0,( get-max-one-of (( possible-decisions  ) ) (( combine (( consider-pseudorandom  ) ) (( upstream-homophily  ) )  ) )  ) ,0.012592660032397285,1.0,0.0,0.0,1.0,0.0,0.0,0.0,0.0,0.0,1.0,0.0,0.0,1.0,0.0,1.0
13,4.0,( get-max-one-of (( possible-decisions  ) ) (( combine (( consider-pseudorandom  ) ) (( upstream-homophily  ) )  ) )  ) ,0.012592660032397285,1.0,0.0,0.0,1.0,0.0,0.0,0.0,0.0,0.0,1.0,0.0,0.0,1.0,0.0,1.0
13,4.0,( get-max-one-of (( possible-decisions  ) ) (( combine (( consider-pseudorandom  ) ) (( upstream-homophily  ) )  ) )  ) ,0.012592660032397285,1.0,0.0,0.0,1.0,0.0,0.0,0.0,0.0,0.0,1.0,0.0,0.0,1.0,0.0,1.0
13,4.0,( get-max-one-of (( possible-decisions  ) ) (( combine (( consider-pseudorandom  ) ) (( upstream-homophily  ) )  ) )  ) ,0.012592660032397285,1.0,0.0,0.0,1.0,0.0,0.0,0.0,0.0,0.0,1.0,0.0,0.0,1.0,0.0,1.0
13,4.0,( get-max-one-of (( possible-decisions  ) ) (( combine (( consider-pseudorandom  ) ) (( upstream-homophily  ) )  ) )  ) ,0.012592660032397285,1.0,0.0,0.0,1.0,0.0,0.0,0.0,0.0,0.0,1.0,0.0,0.0,1.0,0.0,1.0
13,5.0,( get-max-one-of (( possible-decisions  ) ) (( combine (( consider-pseudorandom  ) ) (( upstream-homophily  ) )  ) )  ) ,0.012592660032397285,1.0,0.0,0.0,1.0,0.0,0.0,0.0,0.0,0.0,1.0,0.0,0.0,1.0,0.0,1.0
13,5.0,( get-max-one-of (( possible-decisions  ) ) (( combine (( consider-pseudorandom  ) ) (( upstream-homophily  ) )  ) )  ) ,0.012592660032397285,1.0,0.0,0.0,1.0,0.0,0.0,0.0,0.0,0.0,1.0,0.0,0.0,1.0,0.0,1.0
13,5.0,( get-max-one-of (( possible-decisions  ) ) (( combine (( consider-pseudorandom  ) ) (( upstream-homophily  ) )  ) )  ) ,0.012592660032397285,1.0,0.0,0.0,1.0,0.0,0.0,0.0,0.0,0.0,1.0,0.0,0.0,1.0,0.0,1.0
13,5.0,( get-max-one-of (( possible-decisions  ) ) (( combine (( consider-pseudorandom  ) ) (( upstream-homophily  ) )  ) )  ) ,0.012592660032397285,1.0,0.0,0.0,1.0,0.0,0.0,0.0,0.0,0.0,1.0,0.0,0.0,1.0,0.0,1.0
13,5.0,( get-max-one-of (( possible-decisions  ) ) (( combine (( consider-pseudorandom  ) ) (( upstream-homophily  ) )  ) )  ) ,0.012592660032397285,1.0,0.0,0.0,1.0,0.0,0.0,0.0,0.0,0.0,1.0,0.0,0.0,1.0,0.0,1.0
14,0.0,( get-max-one-of (( possible-decisions  ) ) (( upstream-homophily  ) )  ) ,0.012592660032397285,0.0,0.0,0.0,0.0,0.0,0.0,0.0,0.0,0.0,1.0,0.0,0.0,1.0,0.0,1.0
14,0.0,( get-min-one-of (( possible-decisions  ) ) (( consider-heuristic  ) )  ) ,0.012592660032397285,0.0,0.0,1.0,0.0,0.0,0.0,0.0,0.0,0.0,0.0,1.0,0.0,1.0,0.0,0.0
14,0.0,( get-min-one-of (( possible-decisions  ) ) (( consider-relative-income  ) )  ) ,0.08921611147102568,0.0,0.0,0.0,0.0,0.0,1.0,0.0,0.0,0.0,0.0,1.0,0.0,1.0,0.0,0.0
14,0.0,( get-min-one-of (( possible-decisions  ) ) (( downstream-homophily  ) )  ) ,0.14093650444426006,0.0,0.0,0.0,0.0,0.0,0.0,0.0,0.0,1.0,0.0,1.0,0.0,1.0,0.0,0.0
14,0.0,( get-min-one-of (( possible-decisions  ) ) (( consider-selfishness  ) )  ) ,0.07631219335233877,0.0,0.0,0.0,0.0,0.0,0.0,1.0,0.0,0.0,0.0,1.0,0.0,1.0,0.0,0.0
14,1.0,( get-min-one-of (( possible-decisions  ) ) (( consider-relative-income  ) )  ) ,0.0892716068396761,0.0,0.0,0.0,0.0,0.0,1.0,0.0,0.0,0.0,0.0,1.0,0.0,1.0,0.0,0.0
14,1.0,( get-max-one-of (( possible-decisions  ) ) (( upstream-homophily  ) )  ) ,0.012592660032397285,0.0,0.0,0.0,0.0,0.0,0.0,0.0,0.0,0.0,1.0,0.0,0.0,1.0,0.0,1.0
14,1.0,( get-min-one-of (( possible-decisions  ) ) (( consider-heuristic  ) )  ) ,0.012592660032397285,0.0,0.0,1.0,0.0,0.0,0.0,0.0,0.0,0.0,0.0,1.0,0.0,1.0,0.0,0.0
14,1.0,( get-min-one-of (( possible-decisions  ) ) (( consider-selfishness  ) )  ) ,0.07634060105310958,0.0,0.0,0.0,0.0,0.0,0.0,1.0,0.0,0.0,0.0,1.0,0.0,1.0,0.0,0.0
14,1.0,( get-min-one-of (( possible-decisions  ) ) (( consider-selfishness  ) )  ) ,0.07635278298273261,0.0,0.0,0.0,0.0,0.0,0.0,1.0,0.0,0.0,0.0,1.0,0.0,1.0,0.0,0.0
14,2.0,( get-max-one-of (( possible-decisions  ) ) (( consider-heuristic  ) )  ) ,0.3179169799933807,0.0,0.0,1.0,0.0,0.0,0.0,0.0,0.0,0.0,1.0,0.0,0.0,1.0,0.0,0.0
14,2.0,( get-min-one-of (( possible-decisions  ) ) (( upstream-homophily  ) )  ) ,0.14112876575630914,0.0,0.0,0.0,0.0,0.0,0.0,0.0,0.0,0.0,0.0,1.0,0.0,1.0,0.0,1.0
14,2.0,( get-min-one-of (( possible-decisions  ) ) (( consider-heuristic  ) )  ) ,0.012592660032397285,0.0,0.0,1.0,0.0,0.0,0.0,0.0,0.0,0.0,0.0,1.0,0.0,1.0,0.0,0.0
14,2.0,( get-min-one-of (( possible-decisions  ) ) (( consider-heuristic  ) )  ) ,0.012592660032397285,0.0,0.0,1.0,0.0,0.0,0.0,0.0,0.0,0.0,0.0,1.0,0.0,1.0,0.0,0.0
14,2.0,( get-min-one-of (( possible-decisions  ) ) (( consider-heuristic  ) )  ) ,0.012592660032397285,0.0,0.0,1.0,0.0,0.0,0.0,0.0,0.0,0.0,0.0,1.0,0.0,1.0,0.0,0.0
14,3.0,( get-min-one-of (( possible-decisions  ) ) (( consider-heuristic  ) )  ) ,0.012592660032397285,0.0,0.0,1.0,0.0,0.0,0.0,0.0,0.0,0.0,0.0,1.0,0.0,1.0,0.0,0.0
14,3.0,( get-min-one-of (( possible-decisions  ) ) (( upstream-homophily  ) )  ) ,0.14114105807781607,0.0,0.0,0.0,0.0,0.0,0.0,0.0,0.0,0.0,0.0,1.0,0.0,1.0,0.0,1.0
14,3.0,( get-max-one-of (( possible-decisions  ) ) (( downstream-homophily  ) )  ) ,0.012592660032397285,0.0,0.0,0.0,0.0,0.0,0.0,0.0,0.0,1.0,1.0,0.0,0.0,1.0,0.0,0.0
14,3.0,( get-min-one-of (( possible-decisions  ) ) (( consider-heuristic  ) )  ) ,0.012592660032397285,0.0,0.0,1.0,0.0,0.0,0.0,0.0,0.0,0.0,0.0,1.0,0.0,1.0,0.0,0.0
14,3.0,( get-min-one-of (( possible-decisions  ) ) (( consider-heuristic  ) )  ) ,0.012592660032397285,0.0,0.0,1.0,0.0,0.0,0.0,0.0,0.0,0.0,0.0,1.0,0.0,1.0,0.0,0.0
14,4.0,( get-min-one-of (( possible-decisions  ) ) (( consider-heuristic  ) )  ) ,0.012592660032397285,0.0,0.0,1.0,0.0,0.0,0.0,0.0,0.0,0.0,0.0,1.0,0.0,1.0,0.0,0.0
14,4.0,( get-min-one-of (( possible-decisions  ) ) (( consider-heuristic  ) )  ) ,0.012592660032397285,0.0,0.0,1.0,0.0,0.0,0.0,0.0,0.0,0.0,0.0,1.0,0.0,1.0,0.0,0.0
14,4.0,( get-max-one-of (( possible-decisions  ) ) (( downstream-homophily  ) )  ) ,0.012592660032397285,0.0,0.0,0.0,0.0,0.0,0.0,0.0,0.0,1.0,1.0,0.0,0.0,1.0,0.0,0.0
14,4.0,( get-min-one-of (( possible-decisions  ) ) (( consider-random  ) )  ) ,0.4977256376158504,0.0,0.0,0.0,0.0,1.0,0.0,0.0,0.0,0.0,0.0,1.0,0.0,1.0,0.0,0.0
14,4.0,( get-min-one-of (( possible-decisions  ) ) (( consider-heuristic  ) )  ) ,0.012592660032397285,0.0,0.0,1.0,0.0,0.0,0.0,0.0,0.0,0.0,0.0,1.0,0.0,1.0,0.0,0.0
14,5.0,( get-max-one-of (( possible-decisions  ) ) (( downstream-homophily  ) )  ) ,0.012592660032397285,0.0,0.0,0.0,0.0,0.0,0.0,0.0,0.0,1.0,1.0,0.0,0.0,1.0,0.0,0.0
14,5.0,( get-min-one-of (( possible-decisions  ) ) (( consider-heuristic  ) )  ) ,0.012592660032397285,0.0,0.0,1.0,0.0,0.0,0.0,0.0,0.0,0.0,0.0,1.0,0.0,1.0,0.0,0.0
14,5.0,( get-min-one-of (( possible-decisions  ) ) (( consider-heuristic  ) )  ) ,0.012592660032397285,0.0,0.0,1.0,0.0,0.0,0.0,0.0,0.0,0.0,0.0,1.0,0.0,1.0,0.0,0.0
14,5.0,( get-min-one-of (( possible-decisions  ) ) (( consider-heuristic  ) )  ) ,0.012592660032397285,0.0,0.0,1.0,0.0,0.0,0.0,0.0,0.0,0.0,0.0,1.0,0.0,1.0,0.0,0.0
14,5.0,( get-min-one-of (( possible-decisions  ) ) (( consider-heuristic  ) )  ) ,0.012592660032397285,0.0,0.0,1.0,0.0,0.0,0.0,0.0,0.0,0.0,0.0,1.0,0.0,1.0,0.0,0.0
15,0.0,( get-max-one-of (( possible-decisions  ) ) (( consider-utilitarian  ) )  ) ,0.43745779255123673,0.0,0.0,0.0,0.0,0.0,0.0,0.0,1.0,0.0,1.0,0.0,0.0,1.0,0.0,0.0
15,0.0,( get-min-one-of (( possible-decisions  ) ) (( consider-altruism  ) )  ) ,0.012592660032397283,0.0,1.0,0.0,0.0,0.0,0.0,0.0,0.0,0.0,0.0,1.0,0.0,1.0,0.0,0.0
15,0.0,( get-min-one-of (( possible-decisions  ) ) (( consider-random  ) )  ) ,0.4969977623501475,0.0,0.0,0.0,0.0,1.0,0.0,0.0,0.0,0.0,0.0,1.0,0.0,1.0,0.0,0.0
15,0.0,( get-max-one-of (( possible-decisions  ) ) (( consider-pseudorandom  ) )  ) ,0.012592660032397283,0.0,0.0,0.0,1.0,0.0,0.0,0.0,0.0,0.0,1.0,0.0,0.0,1.0,0.0,0.0
15,0.0,( get-max-one-of (( possible-decisions  ) ) (( upstream-homophily  ) )  ) ,0.012592660032397283,0.0,0.0,0.0,0.0,0.0,0.0,0.0,0.0,0.0,1.0,0.0,0.0,1.0,0.0,1.0
15,1.0,( get-max-one-of (( possible-decisions  ) ) (( upstream-homophily  ) )  ) ,0.012592660032397283,0.0,0.0,0.0,0.0,0.0,0.0,0.0,0.0,0.0,1.0,0.0,0.0,1.0,0.0,1.0
15,1.0,( get-min-one-of (( possible-decisions  ) ) (( consider-altruism  ) )  ) ,0.012592660032397283,0.0,1.0,0.0,0.0,0.0,0.0,0.0,0.0,0.0,0.0,1.0,0.0,1.0,0.0,0.0
15,1.0,( get-max-one-of (( possible-decisions  ) ) (( upstream-homophily  ) )  ) ,0.012592660032397283,0.0,0.0,0.0,0.0,0.0,0.0,0.0,0.0,0.0,1.0,0.0,0.0,1.0,0.0,1.0
15,1.0,( get-max-one-of (( possible-decisions  ) ) (( upstream-homophily  ) )  ) ,0.012592660032397283,0.0,0.0,0.0,0.0,0.0,0.0,0.0,0.0,0.0,1.0,0.0,0.0,1.0,0.0,1.0
15,1.0,( get-max-one-of (( possible-decisions  ) ) (( consider-heuristic  ) )  ) ,0.31766917739148537,0.0,0.0,1.0,0.0,0.0,0.0,0.0,0.0,0.0,1.0,0.0,0.0,1.0,0.0,0.0
15,2.0,( get-max-one-of (( possible-decisions  ) ) (( upstream-homophily  ) )  ) ,0.012592660032397283,0.0,0.0,0.0,0.0,0.0,0.0,0.0,0.0,0.0,1.0,0.0,0.0,1.0,0.0,1.0
15,2.0,( get-max-one-of (( possible-decisions  ) ) (( upstream-homophily  ) )  ) ,0.012592660032397283,0.0,0.0,0.0,0.0,0.0,0.0,0.0,0.0,0.0,1.0,0.0,0.0,1.0,0.0,1.0
15,2.0,( get-max-one-of (( possible-decisions  ) ) (( upstream-homophily  ) )  ) ,0.012592660032397283,0.0,0.0,0.0,0.0,0.0,0.0,0.0,0.0,0.0,1.0,0.0,0.0,1.0,0.0,1.0
15,2.0,( get-max-one-of (( possible-decisions  ) ) (( upstream-homophily  ) )  ) ,0.012592660032397283,0.0,0.0,0.0,0.0,0.0,0.0,0.0,0.0,0.0,1.0,0.0,0.0,1.0,0.0,1.0
15,2.0,( get-max-one-of (( possible-decisions  ) ) (( upstream-homophily  ) )  ) ,0.012592660032397283,0.0,0.0,0.0,0.0,0.0,0.0,0.0,0.0,0.0,1.0,0.0,0.0,1.0,0.0,1.0
15,3.0,( get-max-one-of (( possible-decisions  ) ) (( upstream-homophily  ) )  ) ,0.012592660032397283,0.0,0.0,0.0,0.0,0.0,0.0,0.0,0.0,0.0,1.0,0.0,0.0,1.0,0.0,1.0
15,3.0,( get-max-one-of (( possible-decisions  ) ) (( upstream-homophily  ) )  ) ,0.012592660032397283,0.0,0.0,0.0,0.0,0.0,0.0,0.0,0.0,0.0,1.0,0.0,0.0,1.0,0.0,1.0
15,3.0,( get-max-one-of (( possible-decisions  ) ) (( upstream-homophily  ) )  ) ,0.012592660032397283,0.0,0.0,0.0,0.0,0.0,0.0,0.0,0.0,0.0,1.0,0.0,0.0,1.0,0.0,1.0
15,3.0,( get-max-one-of (( possible-decisions  ) ) (( upstream-homophily  ) )  ) ,0.012592660032397283,0.0,0.0,0.0,0.0,0.0,0.0,0.0,0.0,0.0,1.0,0.0,0.0,1.0,0.0,1.0
15,3.0,( get-max-one-of (( possible-decisions  ) ) (( upstream-homophily  ) )  ) ,0.012592660032397283,0.0,0.0,0.0,0.0,0.0,0.0,0.0,0.0,0.0,1.0,0.0,0.0,1.0,0.0,1.0
15,4.0,( get-max-one-of (( possible-decisions  ) ) (( upstream-homophily  ) )  ) ,0.012592660032397283,0.0,0.0,0.0,0.0,0.0,0.0,0.0,0.0,0.0,1.0,0.0,0.0,1.0,0.0,1.0
15,4.0,( get-max-one-of (( possible-decisions  ) ) (( upstream-homophily  ) )  ) ,0.012592660032397283,0.0,0.0,0.0,0.0,0.0,0.0,0.0,0.0,0.0,1.0,0.0,0.0,1.0,0.0,1.0
15,4.0,( get-max-one-of (( possible-decisions  ) ) (( combine (( combine (( consider-heuristic  ) ) (( consider-utilitarian  ) )  ) ) (( consider-random  ) )  ) )  ) ,0.38904852880788143,2.0,0.0,1.0,0.0,1.0,0.0,0.0,1.0,0.0,1.0,0.0,0.0,1.0,0.0,0.0
15,4.0,( get-max-one-of (( possible-decisions  ) ) (( upstream-homophily  ) )  ) ,0.012592660032397283,0.0,0.0,0.0,0.0,0.0,0.0,0.0,0.0,0.0,1.0,0.0,0.0,1.0,0.0,1.0
15,4.0,( get-max-one-of (( possible-decisions  ) ) (( upstream-homophily  ) )  ) ,0.012592660032397283,0.0,0.0,0.0,0.0,0.0,0.0,0.0,0.0,0.0,1.0,0.0,0.0,1.0,0.0,1.0
15,5.0,( get-max-one-of (( possible-decisions  ) ) (( upstream-homophily  ) )  ) ,0.012592660032397283,0.0,0.0,0.0,0.0,0.0,0.0,0.0,0.0,0.0,1.0,0.0,0.0,1.0,0.0,1.0
15,5.0,( get-max-one-of (( possible-decisions  ) ) (( consider-utilitarian  ) )  ) ,0.4370406858075843,0.0,0.0,0.0,0.0,0.0,0.0,0.0,1.0,0.0,1.0,0.0,0.0,1.0,0.0,0.0
15,5.0,( get-max-one-of (( possible-decisions  ) ) (( upstream-homophily  ) )  ) ,0.012592660032397283,0.0,0.0,0.0,0.0,0.0,0.0,0.0,0.0,0.0,1.0,0.0,0.0,1.0,0.0,1.0
15,5.0,( get-max-one-of (( possible-decisions  ) ) (( upstream-homophily  ) )  ) ,0.012592660032397283,0.0,0.0,0.0,0.0,0.0,0.0,0.0,0.0,0.0,1.0,0.0,0.0,1.0,0.0,1.0
15,5.0,( get-max-one-of (( possible-decisions  ) ) (( upstream-homophily  ) )  ) ,0.012592660032397283,0.0,0.0,0.0,0.0,0.0,0.0,0.0,0.0,0.0,1.0,0.0,0.0,1.0,0.0,1.0
