Run,Gen,Rule,Fitness,_add,_alpha,_beta,_div,_equal,_exp,_expcoopothers,_expincome,_exppg,_expshare,_first,_gamma1,_gamma2,_greater,_impact,_income,_incomeothers,_lambda,_last,_less,_listcollect,_listcontribute,_max,_mean,_min,_mlt,_pg,_pga,_probinvest,_real_invest,_roi,_sin,_sqr,_sqrt,_sub,_sum,_ticks,_trust,_utility,_utillist,_utiltot,_wanted,append,downstream_neighbors_last_investment,empty_list,exponential_dist,linear_dist,logistic_dist,normal_dist,num_players,package,possible_decisions,prepend,truncate_extract,truncate_invest,upstream_neighbors_last_investment
0,0.0,( package (( truncate-invest (( _gamma1  ) )  ) ) (( _incomeothers  ) )  ) ,0.02714987774160866,0.0,0.0,0.0,0.0,0.0,0.0,0.0,0.0,0.0,0.0,0.0,1.0,0.0,0.0,0.0,0.0,1.0,0.0,0.0,0.0,0.0,0.0,0.0,0.0,0.0,0.0,0.0,0.0,0.0,0.0,0.0,0.0,0.0,0.0,0.0,0.0,0.0,0.0,0.0,0.0,0.0,0.0,0.0,0.0,0.0,0.0,0.0,0.0,0.0,0.0,1.0,0.0,0.0,0.0,1.0,0.0
0,0.0,( package (( _sub (( _expincome  ) ) (( _trust  ) )  ) ) (( downstream-neighbors-last-investment  ) )  ) ,0.012592660032397283,0.0,0.0,0.0,0.0,0.0,0.0,0.0,1.0,0.0,0.0,0.0,0.0,0.0,0.0,0.0,0.0,0.0,0.0,0.0,0.0,0.0,0.0,0.0,0.0,0.0,0.0,0.0,0.0,0.0,0.0,0.0,0.0,0.0,0.0,1.0,0.0,0.0,1.0,0.0,0.0,0.0,0.0,0.0,1.0,0.0,0.0,0.0,0.0,0.0,0.0,1.0,0.0,0.0,0.0,0.0,0.0
0,0.0,( package (( _gamma1  ) ) (( _gamma2  ) )  ) ,0.02714987774160866,0.0,0.0,0.0,0.0,0.0,0.0,0.0,0.0,0.0,0.0,0.0,1.0,1.0,0.0,0.0,0.0,0.0,0.0,0.0,0.0,0.0,0.0,0.0,0.0,0.0,0.0,0.0,0.0,0.0,0.0,0.0,0.0,0.0,0.0,0.0,0.0,0.0,0.0,0.0,0.0,0.0,0.0,0.0,0.0,0.0,0.0,0.0,0.0,0.0,0.0,1.0,0.0,0.0,0.0,0.0,0.0
0,0.0,( package (( _sub (( _lambda  ) ) (( _expcoopothers  ) )  ) ) (( _pga  ) )  ) ,0.017609176233998082,0.0,0.0,0.0,0.0,0.0,0.0,1.0,0.0,0.0,0.0,0.0,0.0,0.0,0.0,0.0,0.0,0.0,1.0,0.0,0.0,0.0,0.0,0.0,0.0,0.0,0.0,0.0,1.0,0.0,0.0,0.0,0.0,0.0,0.0,1.0,0.0,0.0,0.0,0.0,0.0,0.0,0.0,0.0,0.0,0.0,0.0,0.0,0.0,0.0,0.0,1.0,0.0,0.0,0.0,0.0,0.0
0,0.0,( package (( _expshare  ) ) (( downstream-neighbors-last-investment  ) )  ) ,0.013392678949395302,0.0,0.0,0.0,0.0,0.0,0.0,0.0,0.0,0.0,1.0,0.0,0.0,0.0,0.0,0.0,0.0,0.0,0.0,0.0,0.0,0.0,0.0,0.0,0.0,0.0,0.0,0.0,0.0,0.0,0.0,0.0,0.0,0.0,0.0,0.0,0.0,0.0,0.0,0.0,0.0,0.0,0.0,0.0,1.0,0.0,0.0,0.0,0.0,0.0,0.0,1.0,0.0,0.0,0.0,0.0,0.0
0,0.0,( package (( _ticks  ) ) (( _pg  ) )  ) ,0.10527953749785915,0.0,0.0,0.0,0.0,0.0,0.0,0.0,0.0,0.0,0.0,0.0,0.0,0.0,0.0,0.0,0.0,0.0,0.0,0.0,0.0,0.0,0.0,0.0,0.0,0.0,0.0,1.0,0.0,0.0,0.0,0.0,0.0,0.0,0.0,0.0,0.0,1.0,0.0,0.0,0.0,0.0,0.0,0.0,0.0,0.0,0.0,0.0,0.0,0.0,0.0,1.0,0.0,0.0,0.0,0.0,0.0
0,0.0,( package (( _gamma2  ) ) (( truncate-invest (( _pg  ) )  ) )  ) ,0.015754906277175216,0.0,0.0,0.0,0.0,0.0,0.0,0.0,0.0,0.0,0.0,0.0,0.0,1.0,0.0,0.0,0.0,0.0,0.0,0.0,0.0,0.0,0.0,0.0,0.0,0.0,0.0,1.0,0.0,0.0,0.0,0.0,0.0,0.0,0.0,0.0,0.0,0.0,0.0,0.0,0.0,0.0,0.0,0.0,0.0,0.0,0.0,0.0,0.0,0.0,0.0,1.0,0.0,0.0,0.0,1.0,0.0
0,0.0,( package (( exponential-dist (( downstream-neighbors-last-investment  ) ) (( _incomeothers  ) )  ) ) (( num-players  ) )  ) ,0.012592660032397283,0.0,0.0,0.0,0.0,0.0,0.0,0.0,0.0,0.0,0.0,0.0,0.0,0.0,0.0,0.0,0.0,1.0,0.0,0.0,0.0,0.0,0.0,0.0,0.0,0.0,0.0,0.0,0.0,0.0,0.0,0.0,0.0,0.0,0.0,0.0,0.0,0.0,0.0,0.0,0.0,0.0,0.0,0.0,1.0,0.0,1.0,0.0,0.0,0.0,1.0,1.0,0.0,0.0,0.0,0.0,0.0
0,0.0,( package (( num-players  ) ) (( _sqrt (( _gamma1  ) )  ) )  ) ,0.2142564684535025,0.0,0.0,0.0,0.0,0.0,0.0,0.0,0.0,0.0,0.0,0.0,1.0,0.0,0.0,0.0,0.0,0.0,0.0,0.0,0.0,0.0,0.0,0.0,0.0,0.0,0.0,0.0,0.0,0.0,0.0,0.0,0.0,0.0,1.0,0.0,0.0,0.0,0.0,0.0,0.0,0.0,0.0,0.0,0.0,0.0,0.0,0.0,0.0,0.0,1.0,1.0,0.0,0.0,0.0,0.0,0.0
0,0.0,( package (( _exppg  ) ) (( _div (( _alpha  ) ) (( _greater (( _expcoopothers  ) ) (( _ticks  ) )  ) )  ) )  ) ,0.012592660032397283,0.0,1.0,0.0,1.0,0.0,0.0,1.0,0.0,1.0,0.0,0.0,0.0,0.0,1.0,0.0,0.0,0.0,0.0,0.0,0.0,0.0,0.0,0.0,0.0,0.0,0.0,0.0,0.0,0.0,0.0,0.0,0.0,0.0,0.0,0.0,0.0,1.0,0.0,0.0,0.0,0.0,0.0,0.0,0.0,0.0,0.0,0.0,0.0,0.0,0.0,1.0,0.0,0.0,0.0,0.0,0.0
0,0.0,( package (( _sub (( _incomeothers  ) ) (( _lambda  ) )  ) ) (( _div (( _exppg  ) ) (( _utility  ) )  ) )  ) ,0.04747505087656015,0.0,0.0,0.0,1.0,0.0,0.0,0.0,0.0,1.0,0.0,0.0,0.0,0.0,0.0,0.0,0.0,1.0,1.0,0.0,0.0,0.0,0.0,0.0,0.0,0.0,0.0,0.0,0.0,0.0,0.0,0.0,0.0,0.0,0.0,1.0,0.0,0.0,0.0,1.0,0.0,0.0,0.0,0.0,0.0,0.0,0.0,0.0,0.0,0.0,0.0,1.0,0.0,0.0,0.0,0.0,0.0
0,0.0,( package (( _real-invest  ) ) (( _roi  ) )  ) ,0.012592660032397283,0.0,0.0,0.0,0.0,0.0,0.0,0.0,0.0,0.0,0.0,0.0,0.0,0.0,0.0,0.0,0.0,0.0,0.0,0.0,0.0,0.0,0.0,0.0,0.0,0.0,0.0,0.0,0.0,0.0,1.0,1.0,0.0,0.0,0.0,0.0,0.0,0.0,0.0,0.0,0.0,0.0,0.0,0.0,0.0,0.0,0.0,0.0,0.0,0.0,0.0,1.0,0.0,0.0,0.0,0.0,0.0
0,0.0,( package (( _utiltot  ) ) (( _ticks  ) )  ) ,0.05354939098086391,0.0,0.0,0.0,0.0,0.0,0.0,0.0,0.0,0.0,0.0,0.0,0.0,0.0,0.0,0.0,0.0,0.0,0.0,0.0,0.0,0.0,0.0,0.0,0.0,0.0,0.0,0.0,0.0,0.0,0.0,0.0,0.0,0.0,0.0,0.0,0.0,1.0,0.0,0.0,0.0,1.0,0.0,0.0,0.0,0.0,0.0,0.0,0.0,0.0,0.0,1.0,0.0,0.0,0.0,0.0,0.0
0,0.0,( package (( normal-dist (( _expincome  ) ) (( _first (( possible-decisions  ) )  ) ) (( _exppg  ) )  ) ) (( _sin (( _alpha  ) )  ) )  ) ,0.012592660032397283,0.0,1.0,0.0,0.0,0.0,0.0,0.0,1.0,1.0,0.0,1.0,0.0,0.0,0.0,0.0,0.0,0.0,0.0,0.0,0.0,0.0,0.0,0.0,0.0,0.0,0.0,0.0,0.0,0.0,0.0,0.0,1.0,0.0,0.0,0.0,0.0,0.0,0.0,0.0,0.0,0.0,0.0,0.0,0.0,0.0,0.0,0.0,0.0,1.0,0.0,1.0,1.0,0.0,0.0,0.0,0.0
0,0.0,( package (( _mlt (( _sub (( num-players  ) ) (( _sum (( empty-list  ) )  ) )  ) ) (( _first (( _listcollect  ) )  ) )  ) ) (( _incomeothers  ) )  ) ,0.012592660032397283,0.0,0.0,0.0,0.0,0.0,0.0,0.0,0.0,0.0,0.0,1.0,0.0,0.0,0.0,0.0,0.0,1.0,0.0,0.0,0.0,1.0,0.0,0.0,0.0,0.0,1.0,0.0,0.0,0.0,0.0,0.0,0.0,0.0,0.0,1.0,1.0,0.0,0.0,0.0,0.0,0.0,0.0,0.0,0.0,1.0,0.0,0.0,0.0,0.0,1.0,1.0,0.0,0.0,0.0,0.0,0.0
0,0.0,( package (( _sqrt (( _lambda  ) )  ) ) (( _last (( possible-decisions  ) )  ) )  ) ,0.023860246348440535,0.0,0.0,0.0,0.0,0.0,0.0,0.0,0.0,0.0,0.0,0.0,0.0,0.0,0.0,0.0,0.0,0.0,1.0,1.0,0.0,0.0,0.0,0.0,0.0,0.0,0.0,0.0,0.0,0.0,0.0,0.0,0.0,0.0,1.0,0.0,0.0,0.0,0.0,0.0,0.0,0.0,0.0,0.0,0.0,0.0,0.0,0.0,0.0,0.0,0.0,1.0,1.0,0.0,0.0,0.0,0.0
0,0.0,( package (( _beta  ) ) (( _gamma2  ) )  ) ,0.020202266862164968,0.0,0.0,1.0,0.0,0.0,0.0,0.0,0.0,0.0,0.0,0.0,0.0,1.0,0.0,0.0,0.0,0.0,0.0,0.0,0.0,0.0,0.0,0.0,0.0,0.0,0.0,0.0,0.0,0.0,0.0,0.0,0.0,0.0,0.0,0.0,0.0,0.0,0.0,0.0,0.0,0.0,0.0,0.0,0.0,0.0,0.0,0.0,0.0,0.0,0.0,1.0,0.0,0.0,0.0,0.0,0.0
0,0.0,( package (( _equal (( _add (( _utility  ) ) (( _sub (( _alpha  ) ) (( _roi  ) )  ) )  ) ) (( _lambda  ) )  ) ) (( upstream-neighbors-last-investment  ) )  ) ,0.012592660032397283,1.0,1.0,0.0,0.0,1.0,0.0,0.0,0.0,0.0,0.0,0.0,0.0,0.0,0.0,0.0,0.0,0.0,1.0,0.0,0.0,0.0,0.0,0.0,0.0,0.0,0.0,0.0,0.0,0.0,0.0,1.0,0.0,0.0,0.0,1.0,0.0,0.0,0.0,1.0,0.0,0.0,0.0,0.0,0.0,0.0,0.0,0.0,0.0,0.0,0.0,1.0,0.0,0.0,0.0,0.0,1.0
0,0.0,( package (( exponential-dist (( _less (( _add (( _trust  ) ) (( _real-invest  ) )  ) ) (( _gamma2  ) )  ) ) (( _expcoopothers  ) )  ) ) (( normal-dist (( logistic-dist (( _alpha  ) ) (( _lambda  ) ) (( logistic-dist (( _real-invest  ) ) (( num-players  ) ) (( _wanted  ) )  ) )  ) ) (( _sin (( _wanted  ) )  ) ) (( _last (( _probinvest  ) )  ) )  ) )  ) ,0.012592660032397283,1.0,1.0,0.0,0.0,0.0,0.0,1.0,0.0,0.0,0.0,0.0,0.0,1.0,0.0,0.0,0.0,0.0,1.0,1.0,1.0,0.0,0.0,0.0,0.0,0.0,0.0,0.0,0.0,1.0,2.0,0.0,1.0,0.0,0.0,0.0,0.0,0.0,1.0,0.0,0.0,0.0,2.0,0.0,0.0,0.0,1.0,0.0,2.0,1.0,1.0,1.0,0.0,0.0,0.0,0.0,0.0
0,0.0,( package (( _first (( _listcontribute  ) )  ) ) (( _expshare  ) )  ) ,0.012592660032397283,0.0,0.0,0.0,0.0,0.0,0.0,0.0,0.0,0.0,1.0,1.0,0.0,0.0,0.0,0.0,0.0,0.0,0.0,0.0,0.0,0.0,1.0,0.0,0.0,0.0,0.0,0.0,0.0,0.0,0.0,0.0,0.0,0.0,0.0,0.0,0.0,0.0,0.0,0.0,0.0,0.0,0.0,0.0,0.0,0.0,0.0,0.0,0.0,0.0,0.0,1.0,0.0,0.0,0.0,0.0,0.0
0,1.0,( package (( _real-invest  ) ) (( _roi  ) )  ) ,0.012592660032397283,0.0,0.0,0.0,0.0,0.0,0.0,0.0,0.0,0.0,0.0,0.0,0.0,0.0,0.0,0.0,0.0,0.0,0.0,0.0,0.0,0.0,0.0,0.0,0.0,0.0,0.0,0.0,0.0,0.0,1.0,1.0,0.0,0.0,0.0,0.0,0.0,0.0,0.0,0.0,0.0,0.0,0.0,0.0,0.0,0.0,0.0,0.0,0.0,0.0,0.0,1.0,0.0,0.0,0.0,0.0,0.0
0,1.0,( package (( _sum (( possible-decisions  ) )  ) ) (( _sin (( _alpha  ) )  ) )  ) ,0.04748575600175896,0.0,1.0,0.0,0.0,0.0,0.0,0.0,0.0,0.0,0.0,0.0,0.0,0.0,0.0,0.0,0.0,0.0,0.0,0.0,0.0,0.0,0.0,0.0,0.0,0.0,0.0,0.0,0.0,0.0,0.0,0.0,1.0,0.0,0.0,0.0,1.0,0.0,0.0,0.0,0.0,0.0,0.0,0.0,0.0,0.0,0.0,0.0,0.0,0.0,0.0,1.0,1.0,0.0,0.0,0.0,0.0
0,1.0,( package (( _real-invest  ) ) (( _gamma2  ) )  ) ,0.012592660032397283,0.0,0.0,0.0,0.0,0.0,0.0,0.0,0.0,0.0,0.0,0.0,0.0,1.0,0.0,0.0,0.0,0.0,0.0,0.0,0.0,0.0,0.0,0.0,0.0,0.0,0.0,0.0,0.0,0.0,1.0,0.0,0.0,0.0,0.0,0.0,0.0,0.0,0.0,0.0,0.0,0.0,0.0,0.0,0.0,0.0,0.0,0.0,0.0,0.0,0.0,1.0,0.0,0.0,0.0,0.0,0.0
0,1.0,( package (( exponential-dist (( _less (( _add (( _trust  ) ) (( _real-invest  ) )  ) ) (( _roi  ) )  ) ) (( _expcoopothers  ) )  ) ) (( normal-dist (( logistic-dist (( _alpha  ) ) (( _lambda  ) ) (( logistic-dist (( _real-invest  ) ) (( num-players  ) ) (( _wanted  ) )  ) )  ) ) (( _sin (( _wanted  ) )  ) ) (( _last (( _probinvest  ) )  ) )  ) )  ) ,0.012592660032397283,1.0,1.0,0.0,0.0,0.0,0.0,1.0,0.0,0.0,0.0,0.0,0.0,0.0,0.0,0.0,0.0,0.0,1.0,1.0,1.0,0.0,0.0,0.0,0.0,0.0,0.0,0.0,0.0,1.0,2.0,1.0,1.0,0.0,0.0,0.0,0.0,0.0,1.0,0.0,0.0,0.0,2.0,0.0,0.0,0.0,1.0,0.0,2.0,1.0,1.0,1.0,0.0,0.0,0.0,0.0,0.0
0,1.0,( package (( exponential-dist (( _less (( _add (( _trust  ) ) (( _real-invest  ) )  ) ) (( _gamma2  ) )  ) ) (( _expcoopothers  ) )  ) ) (( normal-dist (( logistic-dist (( _alpha  ) ) (( _lambda  ) ) (( logistic-dist (( _real-invest  ) ) (( num-players  ) ) (( _wanted  ) )  ) )  ) ) (( _sin (( _wanted  ) )  ) ) (( _last (( _listcontribute  ) )  ) )  ) )  ) ,0.012592660032397283,1.0,1.0,0.0,0.0,0.0,0.0,1.0,0.0,0.0,0.0,0.0,0.0,1.0,0.0,0.0,0.0,0.0,1.0,1.0,1.0,0.0,1.0,0.0,0.0,0.0,0.0,0.0,0.0,0.0,2.0,0.0,1.0,0.0,0.0,0.0,0.0,0.0,1.0,0.0,0.0,0.0,2.0,0.0,0.0,0.0,1.0,0.0,2.0,1.0,1.0,1.0,0.0,0.0,0.0,0.0,0.0
0,1.0,( package (( _first (( _probinvest  ) )  ) ) (( _expshare  ) )  ) ,0.01494298425965067,0.0,0.0,0.0,0.0,0.0,0.0,0.0,0.0,0.0,1.0,1.0,0.0,0.0,0.0,0.0,0.0,0.0,0.0,0.0,0.0,0.0,0.0,0.0,0.0,0.0,0.0,0.0,0.0,1.0,0.0,0.0,0.0,0.0,0.0,0.0,0.0,0.0,0.0,0.0,0.0,0.0,0.0,0.0,0.0,0.0,0.0,0.0,0.0,0.0,0.0,1.0,0.0,0.0,0.0,0.0,0.0
0,1.0,( package (( _gamma2  ) ) (( truncate-invest (( _pg  ) )  ) )  ) ,0.015754906277175216,0.0,0.0,0.0,0.0,0.0,0.0,0.0,0.0,0.0,0.0,0.0,0.0,1.0,0.0,0.0,0.0,0.0,0.0,0.0,0.0,0.0,0.0,0.0,0.0,0.0,0.0,1.0,0.0,0.0,0.0,0.0,0.0,0.0,0.0,0.0,0.0,0.0,0.0,0.0,0.0,0.0,0.0,0.0,0.0,0.0,0.0,0.0,0.0,0.0,0.0,1.0,0.0,0.0,0.0,1.0,0.0
0,1.0,( package (( _beta  ) ) (( _gamma2  ) )  ) ,0.020202266862164968,0.0,0.0,1.0,0.0,0.0,0.0,0.0,0.0,0.0,0.0,0.0,0.0,1.0,0.0,0.0,0.0,0.0,0.0,0.0,0.0,0.0,0.0,0.0,0.0,0.0,0.0,0.0,0.0,0.0,0.0,0.0,0.0,0.0,0.0,0.0,0.0,0.0,0.0,0.0,0.0,0.0,0.0,0.0,0.0,0.0,0.0,0.0,0.0,0.0,0.0,1.0,0.0,0.0,0.0,0.0,0.0
0,1.0,( package (( _gamma2  ) ) (( truncate-invest (( _pg  ) )  ) )  ) ,0.015754906277175216,0.0,0.0,0.0,0.0,0.0,0.0,0.0,0.0,0.0,0.0,0.0,0.0,1.0,0.0,0.0,0.0,0.0,0.0,0.0,0.0,0.0,0.0,0.0,0.0,0.0,0.0,1.0,0.0,0.0,0.0,0.0,0.0,0.0,0.0,0.0,0.0,0.0,0.0,0.0,0.0,0.0,0.0,0.0,0.0,0.0,0.0,0.0,0.0,0.0,0.0,1.0,0.0,0.0,0.0,1.0,0.0
0,1.0,( package (( _equal (( _add (( _utility  ) ) (( _sub (( _alpha  ) ) (( _roi  ) )  ) )  ) ) (( _lambda  ) )  ) ) (( upstream-neighbors-last-investment  ) )  ) ,0.012592660032397283,1.0,1.0,0.0,0.0,1.0,0.0,0.0,0.0,0.0,0.0,0.0,0.0,0.0,0.0,0.0,0.0,0.0,1.0,0.0,0.0,0.0,0.0,0.0,0.0,0.0,0.0,0.0,0.0,0.0,0.0,1.0,0.0,0.0,0.0,1.0,0.0,0.0,0.0,1.0,0.0,0.0,0.0,0.0,0.0,0.0,0.0,0.0,0.0,0.0,0.0,1.0,0.0,0.0,0.0,0.0,1.0
0,1.0,( package (( _mlt (( _sub (( num-players  ) ) (( _sum (( empty-list  ) )  ) )  ) ) (( _first (( _listcollect  ) )  ) )  ) ) (( _incomeothers  ) )  ) ,0.012592660032397283,0.0,0.0,0.0,0.0,0.0,0.0,0.0,0.0,0.0,0.0,1.0,0.0,0.0,0.0,0.0,0.0,1.0,0.0,0.0,0.0,1.0,0.0,0.0,0.0,0.0,1.0,0.0,0.0,0.0,0.0,0.0,0.0,0.0,0.0,1.0,1.0,0.0,0.0,0.0,0.0,0.0,0.0,0.0,0.0,1.0,0.0,0.0,0.0,0.0,1.0,1.0,0.0,0.0,0.0,0.0,0.0
0,1.0,( package (( exponential-dist (( _less (( _add (( _trust  ) ) (( _real-invest  ) )  ) ) (( _gamma2  ) )  ) ) (( _expcoopothers  ) )  ) ) (( normal-dist (( logistic-dist (( _alpha  ) ) (( _lambda  ) ) (( logistic-dist (( _real-invest  ) ) (( num-players  ) ) (( _wanted  ) )  ) )  ) ) (( _sin (( _wanted  ) )  ) ) (( _last (( _probinvest  ) )  ) )  ) )  ) ,0.012592660032397283,1.0,1.0,0.0,0.0,0.0,0.0,1.0,0.0,0.0,0.0,0.0,0.0,1.0,0.0,0.0,0.0,0.0,1.0,1.0,1.0,0.0,0.0,0.0,0.0,0.0,0.0,0.0,0.0,1.0,2.0,0.0,1.0,0.0,0.0,0.0,0.0,0.0,1.0,0.0,0.0,0.0,2.0,0.0,0.0,0.0,1.0,0.0,2.0,1.0,1.0,1.0,0.0,0.0,0.0,0.0,0.0
0,1.0,( package (( exponential-dist (( _less (( _add (( _trust  ) ) (( _real-invest  ) )  ) ) (( _gamma2  ) )  ) ) (( _expcoopothers  ) )  ) ) (( normal-dist (( logistic-dist (( _alpha  ) ) (( _lambda  ) ) (( logistic-dist (( _real-invest  ) ) (( num-players  ) ) (( _wanted  ) )  ) )  ) ) (( _sin (( _wanted  ) )  ) ) (( _last (( _probinvest  ) )  ) )  ) )  ) ,0.012592660032397283,1.0,1.0,0.0,0.0,0.0,0.0,1.0,0.0,0.0,0.0,0.0,0.0,1.0,0.0,0.0,0.0,0.0,1.0,1.0,1.0,0.0,0.0,0.0,0.0,0.0,0.0,0.0,0.0,1.0,2.0,0.0,1.0,0.0,0.0,0.0,0.0,0.0,1.0,0.0,0.0,0.0,2.0,0.0,0.0,0.0,1.0,0.0,2.0,1.0,1.0,1.0,0.0,0.0,0.0,0.0,0.0
0,1.0,( package (( _gamma2  ) ) (( truncate-invest (( _pg  ) )  ) )  ) ,0.015754906277175216,0.0,0.0,0.0,0.0,0.0,0.0,0.0,0.0,0.0,0.0,0.0,0.0,1.0,0.0,0.0,0.0,0.0,0.0,0.0,0.0,0.0,0.0,0.0,0.0,0.0,0.0,1.0,0.0,0.0,0.0,0.0,0.0,0.0,0.0,0.0,0.0,0.0,0.0,0.0,0.0,0.0,0.0,0.0,0.0,0.0,0.0,0.0,0.0,0.0,0.0,1.0,0.0,0.0,0.0,1.0,0.0
0,1.0,( package (( _sub (( _incomeothers  ) ) (( _lambda  ) )  ) ) (( _div (( _exppg  ) ) (( _utility  ) )  ) )  ) ,0.04747505087656015,0.0,0.0,0.0,1.0,0.0,0.0,0.0,0.0,1.0,0.0,0.0,0.0,0.0,0.0,0.0,0.0,1.0,1.0,0.0,0.0,0.0,0.0,0.0,0.0,0.0,0.0,0.0,0.0,0.0,0.0,0.0,0.0,0.0,0.0,1.0,0.0,0.0,0.0,1.0,0.0,0.0,0.0,0.0,0.0,0.0,0.0,0.0,0.0,0.0,0.0,1.0,0.0,0.0,0.0,0.0,0.0
0,1.0,( package (( exponential-dist (( downstream-neighbors-last-investment  ) ) (( _incomeothers  ) )  ) ) (( num-players  ) )  ) ,0.012592660032397283,0.0,0.0,0.0,0.0,0.0,0.0,0.0,0.0,0.0,0.0,0.0,0.0,0.0,0.0,0.0,0.0,1.0,0.0,0.0,0.0,0.0,0.0,0.0,0.0,0.0,0.0,0.0,0.0,0.0,0.0,0.0,0.0,0.0,0.0,0.0,0.0,0.0,0.0,0.0,0.0,0.0,0.0,0.0,1.0,0.0,1.0,0.0,0.0,0.0,1.0,1.0,0.0,0.0,0.0,0.0,0.0
0,1.0,( package (( _utility  ) ) (( _sin (( _alpha  ) )  ) )  ) ,0.04748575600175896,0.0,1.0,0.0,0.0,0.0,0.0,0.0,0.0,0.0,0.0,0.0,0.0,0.0,0.0,0.0,0.0,0.0,0.0,0.0,0.0,0.0,0.0,0.0,0.0,0.0,0.0,0.0,0.0,0.0,0.0,0.0,1.0,0.0,0.0,0.0,0.0,0.0,0.0,1.0,0.0,0.0,0.0,0.0,0.0,0.0,0.0,0.0,0.0,0.0,0.0,1.0,0.0,0.0,0.0,0.0,0.0
0,1.0,( package (( _equal (( _add (( normal-dist (( _expincome  ) ) (( _first (( possible-decisions  ) )  ) ) (( _exppg  ) )  ) ) (( _sub (( _alpha  ) ) (( _roi  ) )  ) )  ) ) (( _lambda  ) )  ) ) (( upstream-neighbors-last-investment  ) )  ) ,0.012592660032397283,1.0,1.0,0.0,0.0,1.0,0.0,0.0,1.0,1.0,0.0,1.0,0.0,0.0,0.0,0.0,0.0,0.0,1.0,0.0,0.0,0.0,0.0,0.0,0.0,0.0,0.0,0.0,0.0,0.0,0.0,1.0,0.0,0.0,0.0,1.0,0.0,0.0,0.0,0.0,0.0,0.0,0.0,0.0,0.0,0.0,0.0,0.0,0.0,1.0,0.0,1.0,1.0,0.0,0.0,0.0,1.0
0,1.0,( package (( _impact  ) ) (( downstream-neighbors-last-investment  ) )  ) ,0.03414155249339829,0.0,0.0,0.0,0.0,0.0,0.0,0.0,0.0,0.0,0.0,0.0,0.0,0.0,0.0,1.0,0.0,0.0,0.0,0.0,0.0,0.0,0.0,0.0,0.0,0.0,0.0,0.0,0.0,0.0,0.0,0.0,0.0,0.0,0.0,0.0,0.0,0.0,0.0,0.0,0.0,0.0,0.0,0.0,1.0,0.0,0.0,0.0,0.0,0.0,0.0,1.0,0.0,0.0,0.0,0.0,0.0
0,1.0,( package (( _real-invest  ) ) (( _roi  ) )  ) ,0.012592660032397283,0.0,0.0,0.0,0.0,0.0,0.0,0.0,0.0,0.0,0.0,0.0,0.0,0.0,0.0,0.0,0.0,0.0,0.0,0.0,0.0,0.0,0.0,0.0,0.0,0.0,0.0,0.0,0.0,0.0,1.0,1.0,0.0,0.0,0.0,0.0,0.0,0.0,0.0,0.0,0.0,0.0,0.0,0.0,0.0,0.0,0.0,0.0,0.0,0.0,0.0,1.0,0.0,0.0,0.0,0.0,0.0
0,2.0,( package (( _equal (( _add (( normal-dist (( _expincome  ) ) (( _first (( possible-decisions  ) )  ) ) (( _exppg  ) )  ) ) (( _sub (( _roi  ) ) (( _roi  ) )  ) )  ) ) (( _lambda  ) )  ) ) (( upstream-neighbors-last-investment  ) )  ) ,0.012592660032397283,1.0,0.0,0.0,0.0,1.0,0.0,0.0,1.0,1.0,0.0,1.0,0.0,0.0,0.0,0.0,0.0,0.0,1.0,0.0,0.0,0.0,0.0,0.0,0.0,0.0,0.0,0.0,0.0,0.0,0.0,2.0,0.0,0.0,0.0,1.0,0.0,0.0,0.0,0.0,0.0,0.0,0.0,0.0,0.0,0.0,0.0,0.0,0.0,1.0,0.0,1.0,1.0,0.0,0.0,0.0,1.0
0,2.0,( package (( _real-invest  ) ) (( _alpha  ) )  ) ,0.012592660032397283,0.0,1.0,0.0,0.0,0.0,0.0,0.0,0.0,0.0,0.0,0.0,0.0,0.0,0.0,0.0,0.0,0.0,0.0,0.0,0.0,0.0,0.0,0.0,0.0,0.0,0.0,0.0,0.0,0.0,1.0,0.0,0.0,0.0,0.0,0.0,0.0,0.0,0.0,0.0,0.0,0.0,0.0,0.0,0.0,0.0,0.0,0.0,0.0,0.0,0.0,1.0,0.0,0.0,0.0,0.0,0.0
0,2.0,( package (( exponential-dist (( _less (( _add (( _trust  ) ) (( _real-invest  ) )  ) ) (( _gamma2  ) )  ) ) (( _expcoopothers  ) )  ) ) (( normal-dist (( logistic-dist (( _alpha  ) ) (( _lambda  ) ) (( logistic-dist (( _max (( _probinvest  ) )  ) ) (( num-players  ) ) (( _wanted  ) )  ) )  ) ) (( _sin (( _wanted  ) )  ) ) (( _last (( _listcontribute  ) )  ) )  ) )  ) ,0.012592660032397283,1.0,1.0,0.0,0.0,0.0,0.0,1.0,0.0,0.0,0.0,0.0,0.0,1.0,0.0,0.0,0.0,0.0,1.0,1.0,1.0,0.0,1.0,1.0,0.0,0.0,0.0,0.0,0.0,1.0,1.0,0.0,1.0,0.0,0.0,0.0,0.0,0.0,1.0,0.0,0.0,0.0,2.0,0.0,0.0,0.0,1.0,0.0,2.0,1.0,1.0,1.0,0.0,0.0,0.0,0.0,0.0
0,2.0,( package (( _real-invest  ) ) (( _gamma2  ) )  ) ,0.012592660032397283,0.0,0.0,0.0,0.0,0.0,0.0,0.0,0.0,0.0,0.0,0.0,0.0,1.0,0.0,0.0,0.0,0.0,0.0,0.0,0.0,0.0,0.0,0.0,0.0,0.0,0.0,0.0,0.0,0.0,1.0,0.0,0.0,0.0,0.0,0.0,0.0,0.0,0.0,0.0,0.0,0.0,0.0,0.0,0.0,0.0,0.0,0.0,0.0,0.0,0.0,1.0,0.0,0.0,0.0,0.0,0.0
0,2.0,( package (( exponential-dist (( _less (( _add (( _trust  ) ) (( _real-invest  ) )  ) ) (( _gamma2  ) )  ) ) (( _expcoopothers  ) )  ) ) (( normal-dist (( logistic-dist (( _alpha  ) ) (( _lambda  ) ) (( logistic-dist (( _add (( _trust  ) ) (( _real-invest  ) )  ) ) (( num-players  ) ) (( _wanted  ) )  ) )  ) ) (( _sin (( _wanted  ) )  ) ) (( _last (( _listcontribute  ) )  ) )  ) )  ) ,0.012592660032397283,2.0,1.0,0.0,0.0,0.0,0.0,1.0,0.0,0.0,0.0,0.0,0.0,1.0,0.0,0.0,0.0,0.0,1.0,1.0,1.0,0.0,1.0,0.0,0.0,0.0,0.0,0.0,0.0,0.0,2.0,0.0,1.0,0.0,0.0,0.0,0.0,0.0,2.0,0.0,0.0,0.0,2.0,0.0,0.0,0.0,1.0,0.0,2.0,1.0,1.0,1.0,0.0,0.0,0.0,0.0,0.0
0,2.0,( package (( exponential-dist (( _less (( _real-invest  ) ) (( _roi  ) )  ) ) (( _expcoopothers  ) )  ) ) (( normal-dist (( logistic-dist (( _alpha  ) ) (( _lambda  ) ) (( logistic-dist (( _real-invest  ) ) (( num-players  ) ) (( _wanted  ) )  ) )  ) ) (( _sin (( _wanted  ) )  ) ) (( _last (( _probinvest  ) )  ) )  ) )  ) ,0.012592660032397283,0.0,1.0,0.0,0.0,0.0,0.0,1.0,0.0,0.0,0.0,0.0,0.0,0.0,0.0,0.0,0.0,0.0,1.0,1.0,1.0,0.0,0.0,0.0,0.0,0.0,0.0,0.0,0.0,1.0,2.0,1.0,1.0,0.0,0.0,0.0,0.0,0.0,0.0,0.0,0.0,0.0,2.0,0.0,0.0,0.0,1.0,0.0,2.0,1.0,1.0,1.0,0.0,0.0,0.0,0.0,0.0
0,2.0,( package (( _equal (( _add (( normal-dist (( _expincome  ) ) (( _first (( possible-decisions  ) )  ) ) (( _exppg  ) )  ) ) (( _sub (( _alpha  ) ) (( _roi  ) )  ) )  ) ) (( _lambda  ) )  ) ) (( _gamma2  ) )  ) ,0.012592660032397283,1.0,1.0,0.0,0.0,1.0,0.0,0.0,1.0,1.0,0.0,1.0,0.0,1.0,0.0,0.0,0.0,0.0,1.0,0.0,0.0,0.0,0.0,0.0,0.0,0.0,0.0,0.0,0.0,0.0,0.0,1.0,0.0,0.0,0.0,1.0,0.0,0.0,0.0,0.0,0.0,0.0,0.0,0.0,0.0,0.0,0.0,0.0,0.0,1.0,0.0,1.0,1.0,0.0,0.0,0.0,0.0
0,2.0,( package (( exponential-dist (( _less (( _add (( _trust  ) ) (( _real-invest  ) )  ) ) (( upstream-neighbors-last-investment  ) )  ) ) (( _expcoopothers  ) )  ) ) (( normal-dist (( logistic-dist (( _alpha  ) ) (( _lambda  ) ) (( logistic-dist (( _real-invest  ) ) (( num-players  ) ) (( _wanted  ) )  ) )  ) ) (( _sin (( _wanted  ) )  ) ) (( _last (( _listcontribute  ) )  ) )  ) )  ) ,0.012592660032397283,1.0,1.0,0.0,0.0,0.0,0.0,1.0,0.0,0.0,0.0,0.0,0.0,0.0,0.0,0.0,0.0,0.0,1.0,1.0,1.0,0.0,1.0,0.0,0.0,0.0,0.0,0.0,0.0,0.0,2.0,0.0,1.0,0.0,0.0,0.0,0.0,0.0,1.0,0.0,0.0,0.0,2.0,0.0,0.0,0.0,1.0,0.0,2.0,1.0,1.0,1.0,0.0,0.0,0.0,0.0,1.0
0,2.0,( package (( _real-invest  ) ) (( _gamma2  ) )  ) ,0.012592660032397283,0.0,0.0,0.0,0.0,0.0,0.0,0.0,0.0,0.0,0.0,0.0,0.0,1.0,0.0,0.0,0.0,0.0,0.0,0.0,0.0,0.0,0.0,0.0,0.0,0.0,0.0,0.0,0.0,0.0,1.0,0.0,0.0,0.0,0.0,0.0,0.0,0.0,0.0,0.0,0.0,0.0,0.0,0.0,0.0,0.0,0.0,0.0,0.0,0.0,0.0,1.0,0.0,0.0,0.0,0.0,0.0
0,2.0,( package (( _mlt (( _sub (( num-players  ) ) (( _sum (( empty-list  ) )  ) )  ) ) (( _first (( _listcollect  ) )  ) )  ) ) (( _incomeothers  ) )  ) ,0.012592660032397283,0.0,0.0,0.0,0.0,0.0,0.0,0.0,0.0,0.0,0.0,1.0,0.0,0.0,0.0,0.0,0.0,1.0,0.0,0.0,0.0,1.0,0.0,0.0,0.0,0.0,1.0,0.0,0.0,0.0,0.0,0.0,0.0,0.0,0.0,1.0,1.0,0.0,0.0,0.0,0.0,0.0,0.0,0.0,0.0,1.0,0.0,0.0,0.0,0.0,1.0,1.0,0.0,0.0,0.0,0.0,0.0
0,2.0,( package (( logistic-dist (( _alpha  ) ) (( _lambda  ) ) (( logistic-dist (( _real-invest  ) ) (( num-players  ) ) (( _wanted  ) )  ) )  ) ) (( truncate-invest (( _pg  ) )  ) )  ) ,0.015933021639676744,0.0,1.0,0.0,0.0,0.0,0.0,0.0,0.0,0.0,0.0,0.0,0.0,0.0,0.0,0.0,0.0,0.0,1.0,0.0,0.0,0.0,0.0,0.0,0.0,0.0,0.0,1.0,0.0,0.0,1.0,0.0,0.0,0.0,0.0,0.0,0.0,0.0,0.0,0.0,0.0,0.0,1.0,0.0,0.0,0.0,0.0,0.0,2.0,0.0,1.0,1.0,0.0,0.0,0.0,1.0,0.0
0,2.0,( package (( exponential-dist (( _less (( _add (( _trust  ) ) (( _real-invest  ) )  ) ) (( _roi  ) )  ) ) (( _expcoopothers  ) )  ) ) (( normal-dist (( _gamma2  ) ) (( _sin (( _wanted  ) )  ) ) (( _last (( _probinvest  ) )  ) )  ) )  ) ,0.012592660032397283,1.0,0.0,0.0,0.0,0.0,0.0,1.0,0.0,0.0,0.0,0.0,0.0,1.0,0.0,0.0,0.0,0.0,0.0,1.0,1.0,0.0,0.0,0.0,0.0,0.0,0.0,0.0,0.0,1.0,1.0,1.0,1.0,0.0,0.0,0.0,0.0,0.0,1.0,0.0,0.0,0.0,1.0,0.0,0.0,0.0,1.0,0.0,0.0,1.0,0.0,1.0,0.0,0.0,0.0,0.0,0.0
0,2.0,( package (( exponential-dist (( _less (( _add (( _trust  ) ) (( _real-invest  ) )  ) ) (( _wanted  ) )  ) ) (( _expcoopothers  ) )  ) ) (( normal-dist (( logistic-dist (( _alpha  ) ) (( _lambda  ) ) (( logistic-dist (( _real-invest  ) ) (( num-players  ) ) (( _wanted  ) )  ) )  ) ) (( _sin (( _wanted  ) )  ) ) (( _last (( _probinvest  ) )  ) )  ) )  ) ,0.012592660032397283,1.0,1.0,0.0,0.0,0.0,0.0,1.0,0.0,0.0,0.0,0.0,0.0,0.0,0.0,0.0,0.0,0.0,1.0,1.0,1.0,0.0,0.0,0.0,0.0,0.0,0.0,0.0,0.0,1.0,2.0,0.0,1.0,0.0,0.0,0.0,0.0,0.0,1.0,0.0,0.0,0.0,3.0,0.0,0.0,0.0,1.0,0.0,2.0,1.0,1.0,1.0,0.0,0.0,0.0,0.0,0.0
0,2.0,( package (( exponential-dist (( _less (( _add (( _trust  ) ) (( _real-invest  ) )  ) ) (( _gamma2  ) )  ) ) (( _expcoopothers  ) )  ) ) (( normal-dist (( logistic-dist (( _alpha  ) ) (( _lambda  ) ) (( logistic-dist (( _real-invest  ) ) (( num-players  ) ) (( _wanted  ) )  ) )  ) ) (( _sin (( _gamma2  ) )  ) ) (( _last (( _probinvest  ) )  ) )  ) )  ) ,0.012592660032397283,1.0,1.0,0.0,0.0,0.0,0.0,1.0,0.0,0.0,0.0,0.0,0.0,2.0,0.0,0.0,0.0,0.0,1.0,1.0,1.0,0.0,0.0,0.0,0.0,0.0,0.0,0.0,0.0,1.0,2.0,0.0,1.0,0.0,0.0,0.0,0.0,0.0,1.0,0.0,0.0,0.0,1.0,0.0,0.0,0.0,1.0,0.0,2.0,1.0,1.0,1.0,0.0,0.0,0.0,0.0,0.0
0,2.0,( package (( _mlt (( _sub (( num-players  ) ) (( _sum (( empty-list  ) )  ) )  ) ) (( _first (( _listcollect  ) )  ) )  ) ) (( _incomeothers  ) )  ) ,0.012592660032397283,0.0,0.0,0.0,0.0,0.0,0.0,0.0,0.0,0.0,0.0,1.0,0.0,0.0,0.0,0.0,0.0,1.0,0.0,0.0,0.0,1.0,0.0,0.0,0.0,0.0,1.0,0.0,0.0,0.0,0.0,0.0,0.0,0.0,0.0,1.0,1.0,0.0,0.0,0.0,0.0,0.0,0.0,0.0,0.0,1.0,0.0,0.0,0.0,0.0,1.0,1.0,0.0,0.0,0.0,0.0,0.0
0,2.0,( package (( exponential-dist (( _less (( _add (( _trust  ) ) (( _real-invest  ) )  ) ) (( _gamma2  ) )  ) ) (( _expcoopothers  ) )  ) ) (( normal-dist (( logistic-dist (( _alpha  ) ) (( _lambda  ) ) (( logistic-dist (( _real-invest  ) ) (( num-players  ) ) (( _wanted  ) )  ) )  ) ) (( _sin (( _wanted  ) )  ) ) (( _last (( _probinvest  ) )  ) )  ) )  ) ,0.012592660032397283,1.0,1.0,0.0,0.0,0.0,0.0,1.0,0.0,0.0,0.0,0.0,0.0,1.0,0.0,0.0,0.0,0.0,1.0,1.0,1.0,0.0,0.0,0.0,0.0,0.0,0.0,0.0,0.0,1.0,2.0,0.0,1.0,0.0,0.0,0.0,0.0,0.0,1.0,0.0,0.0,0.0,2.0,0.0,0.0,0.0,1.0,0.0,2.0,1.0,1.0,1.0,0.0,0.0,0.0,0.0,0.0
0,2.0,( package (( exponential-dist (( _less (( _add (( _trust  ) ) (( _real-invest  ) )  ) ) (( _roi  ) )  ) ) (( _expcoopothers  ) )  ) ) (( normal-dist (( logistic-dist (( _alpha  ) ) (( _lambda  ) ) (( logistic-dist (( _real-invest  ) ) (( num-players  ) ) (( _wanted  ) )  ) )  ) ) (( _sin (( _wanted  ) )  ) ) (( _last (( _probinvest  ) )  ) )  ) )  ) ,0.012592660032397283,1.0,1.0,0.0,0.0,0.0,0.0,1.0,0.0,0.0,0.0,0.0,0.0,0.0,0.0,0.0,0.0,0.0,1.0,1.0,1.0,0.0,0.0,0.0,0.0,0.0,0.0,0.0,0.0,1.0,2.0,1.0,1.0,0.0,0.0,0.0,0.0,0.0,1.0,0.0,0.0,0.0,2.0,0.0,0.0,0.0,1.0,0.0,2.0,1.0,1.0,1.0,0.0,0.0,0.0,0.0,0.0
0,2.0,( package (( _real-invest  ) ) (( _gamma2  ) )  ) ,0.012592660032397283,0.0,0.0,0.0,0.0,0.0,0.0,0.0,0.0,0.0,0.0,0.0,0.0,1.0,0.0,0.0,0.0,0.0,0.0,0.0,0.0,0.0,0.0,0.0,0.0,0.0,0.0,0.0,0.0,0.0,1.0,0.0,0.0,0.0,0.0,0.0,0.0,0.0,0.0,0.0,0.0,0.0,0.0,0.0,0.0,0.0,0.0,0.0,0.0,0.0,0.0,1.0,0.0,0.0,0.0,0.0,0.0
0,2.0,( package (( exponential-dist (( _less (( _add (( _trust  ) ) (( _real-invest  ) )  ) ) (( _gamma2  ) )  ) ) (( _expcoopothers  ) )  ) ) (( normal-dist (( logistic-dist (( _alpha  ) ) (( _lambda  ) ) (( logistic-dist (( _real-invest  ) ) (( num-players  ) ) (( _wanted  ) )  ) )  ) ) (( _sin (( _wanted  ) )  ) ) (( _last (( _probinvest  ) )  ) )  ) )  ) ,0.012592660032397283,1.0,1.0,0.0,0.0,0.0,0.0,1.0,0.0,0.0,0.0,0.0,0.0,1.0,0.0,0.0,0.0,0.0,1.0,1.0,1.0,0.0,0.0,0.0,0.0,0.0,0.0,0.0,0.0,1.0,2.0,0.0,1.0,0.0,0.0,0.0,0.0,0.0,1.0,0.0,0.0,0.0,2.0,0.0,0.0,0.0,1.0,0.0,2.0,1.0,1.0,1.0,0.0,0.0,0.0,0.0,0.0
0,2.0,( package (( _equal (( _add (( _utility  ) ) (( _sub (( _alpha  ) ) (( _roi  ) )  ) )  ) ) (( _lambda  ) )  ) ) (( upstream-neighbors-last-investment  ) )  ) ,0.012592660032397283,1.0,1.0,0.0,0.0,1.0,0.0,0.0,0.0,0.0,0.0,0.0,0.0,0.0,0.0,0.0,0.0,0.0,1.0,0.0,0.0,0.0,0.0,0.0,0.0,0.0,0.0,0.0,0.0,0.0,0.0,1.0,0.0,0.0,0.0,1.0,0.0,0.0,0.0,1.0,0.0,0.0,0.0,0.0,0.0,0.0,0.0,0.0,0.0,0.0,0.0,1.0,0.0,0.0,0.0,0.0,1.0
0,3.0,( package (( _real-invest  ) ) (( _real-invest  ) )  ) ,0.012592660032397283,0.0,0.0,0.0,0.0,0.0,0.0,0.0,0.0,0.0,0.0,0.0,0.0,0.0,0.0,0.0,0.0,0.0,0.0,0.0,0.0,0.0,0.0,0.0,0.0,0.0,0.0,0.0,0.0,0.0,2.0,0.0,0.0,0.0,0.0,0.0,0.0,0.0,0.0,0.0,0.0,0.0,0.0,0.0,0.0,0.0,0.0,0.0,0.0,0.0,0.0,1.0,0.0,0.0,0.0,0.0,0.0
0,3.0,( package (( _gamma2  ) ) (( _alpha  ) )  ) ,0.015754906277175216,0.0,1.0,0.0,0.0,0.0,0.0,0.0,0.0,0.0,0.0,0.0,0.0,1.0,0.0,0.0,0.0,0.0,0.0,0.0,0.0,0.0,0.0,0.0,0.0,0.0,0.0,0.0,0.0,0.0,0.0,0.0,0.0,0.0,0.0,0.0,0.0,0.0,0.0,0.0,0.0,0.0,0.0,0.0,0.0,0.0,0.0,0.0,0.0,0.0,0.0,1.0,0.0,0.0,0.0,0.0,0.0
0,3.0,( package (( _real-invest  ) ) (( _alpha  ) )  ) ,0.012592660032397283,0.0,1.0,0.0,0.0,0.0,0.0,0.0,0.0,0.0,0.0,0.0,0.0,0.0,0.0,0.0,0.0,0.0,0.0,0.0,0.0,0.0,0.0,0.0,0.0,0.0,0.0,0.0,0.0,0.0,1.0,0.0,0.0,0.0,0.0,0.0,0.0,0.0,0.0,0.0,0.0,0.0,0.0,0.0,0.0,0.0,0.0,0.0,0.0,0.0,0.0,1.0,0.0,0.0,0.0,0.0,0.0
0,3.0,( package (( exponential-dist (( _less (( _add (( _trust  ) ) (( _real-invest  ) )  ) ) (( upstream-neighbors-last-investment  ) )  ) ) (( _expcoopothers  ) )  ) ) (( normal-dist (( logistic-dist (( _alpha  ) ) (( _lambda  ) ) (( logistic-dist (( _real-invest  ) ) (( num-players  ) ) (( _wanted  ) )  ) )  ) ) (( _sin (( _wanted  ) )  ) ) (( _last (( _listcontribute  ) )  ) )  ) )  ) ,0.012592660032397283,1.0,1.0,0.0,0.0,0.0,0.0,1.0,0.0,0.0,0.0,0.0,0.0,0.0,0.0,0.0,0.0,0.0,1.0,1.0,1.0,0.0,1.0,0.0,0.0,0.0,0.0,0.0,0.0,0.0,2.0,0.0,1.0,0.0,0.0,0.0,0.0,0.0,1.0,0.0,0.0,0.0,2.0,0.0,0.0,0.0,1.0,0.0,2.0,1.0,1.0,1.0,0.0,0.0,0.0,0.0,1.0
0,3.0,( package (( _equal (( _add (( normal-dist (( _expincome  ) ) (( _first (( empty-list  ) )  ) ) (( _exppg  ) )  ) ) (( _sub (( _alpha  ) ) (( _roi  ) )  ) )  ) ) (( _lambda  ) )  ) ) (( _gamma2  ) )  ) ,0.012592660032397283,1.0,1.0,0.0,0.0,1.0,0.0,0.0,1.0,1.0,0.0,1.0,0.0,1.0,0.0,0.0,0.0,0.0,1.0,0.0,0.0,0.0,0.0,0.0,0.0,0.0,0.0,0.0,0.0,0.0,0.0,1.0,0.0,0.0,0.0,1.0,0.0,0.0,0.0,0.0,0.0,0.0,0.0,0.0,0.0,1.0,0.0,0.0,0.0,1.0,0.0,1.0,0.0,0.0,0.0,0.0,0.0
0,3.0,( package (( _exp (( _alpha  ) )  ) ) (( _gamma2  ) )  ) ,0.08069380193371581,0.0,1.0,0.0,0.0,0.0,1.0,0.0,0.0,0.0,0.0,0.0,0.0,1.0,0.0,0.0,0.0,0.0,0.0,0.0,0.0,0.0,0.0,0.0,0.0,0.0,0.0,0.0,0.0,0.0,0.0,0.0,0.0,0.0,0.0,0.0,0.0,0.0,0.0,0.0,0.0,0.0,0.0,0.0,0.0,0.0,0.0,0.0,0.0,0.0,0.0,1.0,0.0,0.0,0.0,0.0,0.0
0,3.0,( package (( exponential-dist (( _less (( _add (( _trust  ) ) (( _real-invest  ) )  ) ) (( _gamma2  ) )  ) ) (( _expcoopothers  ) )  ) ) (( normal-dist (( logistic-dist (( _alpha  ) ) (( _lambda  ) ) (( logistic-dist (( _real-invest  ) ) (( _trust  ) ) (( _wanted  ) )  ) )  ) ) (( _sin (( _gamma2  ) )  ) ) (( _last (( _probinvest  ) )  ) )  ) )  ) ,0.012592660032397283,1.0,1.0,0.0,0.0,0.0,0.0,1.0,0.0,0.0,0.0,0.0,0.0,2.0,0.0,0.0,0.0,0.0,1.0,1.0,1.0,0.0,0.0,0.0,0.0,0.0,0.0,0.0,0.0,1.0,2.0,0.0,1.0,0.0,0.0,0.0,0.0,0.0,2.0,0.0,0.0,0.0,1.0,0.0,0.0,0.0,1.0,0.0,2.0,1.0,0.0,1.0,0.0,0.0,0.0,0.0,0.0
0,3.0,( package (( exponential-dist (( _less (( _add (( num-players  ) ) (( _real-invest  ) )  ) ) (( _roi  ) )  ) ) (( _expcoopothers  ) )  ) ) (( normal-dist (( _gamma2  ) ) (( _sin (( _wanted  ) )  ) ) (( _last (( _probinvest  ) )  ) )  ) )  ) ,0.012592660032397283,1.0,0.0,0.0,0.0,0.0,0.0,1.0,0.0,0.0,0.0,0.0,0.0,1.0,0.0,0.0,0.0,0.0,0.0,1.0,1.0,0.0,0.0,0.0,0.0,0.0,0.0,0.0,0.0,1.0,1.0,1.0,1.0,0.0,0.0,0.0,0.0,0.0,0.0,0.0,0.0,0.0,1.0,0.0,0.0,0.0,1.0,0.0,0.0,1.0,1.0,1.0,0.0,0.0,0.0,0.0,0.0
0,3.0,( package (( exponential-dist (( _less (( _add (( _trust  ) ) (( _real-invest  ) )  ) ) (( _gamma2  ) )  ) ) (( _expcoopothers  ) )  ) ) (( normal-dist (( logistic-dist (( _sqrt (( _sum (( _probinvest  ) )  ) )  ) ) (( _lambda  ) ) (( logistic-dist (( _real-invest  ) ) (( num-players  ) ) (( _wanted  ) )  ) )  ) ) (( _sin (( _wanted  ) )  ) ) (( _last (( _probinvest  ) )  ) )  ) )  ) ,0.012592660032397283,1.0,0.0,0.0,0.0,0.0,0.0,1.0,0.0,0.0,0.0,0.0,0.0,1.0,0.0,0.0,0.0,0.0,1.0,1.0,1.0,0.0,0.0,0.0,0.0,0.0,0.0,0.0,0.0,2.0,2.0,0.0,1.0,0.0,1.0,0.0,1.0,0.0,1.0,0.0,0.0,0.0,2.0,0.0,0.0,0.0,1.0,0.0,2.0,1.0,1.0,1.0,0.0,0.0,0.0,0.0,0.0
0,3.0,( package (( _equal (( _add (( normal-dist (( _expincome  ) ) (( _first (( possible-decisions  ) )  ) ) (( _exppg  ) )  ) ) (( _sub (( _roi  ) ) (( _roi  ) )  ) )  ) ) (( _lambda  ) )  ) ) (( upstream-neighbors-last-investment  ) )  ) ,0.012592660032397283,1.0,0.0,0.0,0.0,1.0,0.0,0.0,1.0,1.0,0.0,1.0,0.0,0.0,0.0,0.0,0.0,0.0,1.0,0.0,0.0,0.0,0.0,0.0,0.0,0.0,0.0,0.0,0.0,0.0,0.0,2.0,0.0,0.0,0.0,1.0,0.0,0.0,0.0,0.0,0.0,0.0,0.0,0.0,0.0,0.0,0.0,0.0,0.0,1.0,0.0,1.0,1.0,0.0,0.0,0.0,1.0
0,3.0,( package (( exponential-dist (( _less (( _add (( _trust  ) ) (( _real-invest  ) )  ) ) (( _wanted  ) )  ) ) (( _expcoopothers  ) )  ) ) (( normal-dist (( logistic-dist (( _alpha  ) ) (( _lambda  ) ) (( logistic-dist (( _real-invest  ) ) (( num-players  ) ) (( _wanted  ) )  ) )  ) ) (( _sin (( _wanted  ) )  ) ) (( _real-invest  ) )  ) )  ) ,0.012592660032397283,1.0,1.0,0.0,0.0,0.0,0.0,1.0,0.0,0.0,0.0,0.0,0.0,0.0,0.0,0.0,0.0,0.0,1.0,0.0,1.0,0.0,0.0,0.0,0.0,0.0,0.0,0.0,0.0,0.0,3.0,0.0,1.0,0.0,0.0,0.0,0.0,0.0,1.0,0.0,0.0,0.0,3.0,0.0,0.0,0.0,1.0,0.0,2.0,1.0,1.0,1.0,0.0,0.0,0.0,0.0,0.0
0,3.0,( package (( _mlt (( _sub (( num-players  ) ) (( _sum (( empty-list  ) )  ) )  ) ) (( _first (( _listcollect  ) )  ) )  ) ) (( _mean (( empty-list  ) )  ) )  ) ,0.012592660032397283,0.0,0.0,0.0,0.0,0.0,0.0,0.0,0.0,0.0,0.0,1.0,0.0,0.0,0.0,0.0,0.0,0.0,0.0,0.0,0.0,1.0,0.0,0.0,1.0,0.0,1.0,0.0,0.0,0.0,0.0,0.0,0.0,0.0,0.0,1.0,1.0,0.0,0.0,0.0,0.0,0.0,0.0,0.0,0.0,2.0,0.0,0.0,0.0,0.0,1.0,1.0,0.0,0.0,0.0,0.0,0.0
0,3.0,( package (( logistic-dist (( _real-invest  ) ) (( num-players  ) ) (( _wanted  ) )  ) ) (( _gamma2  ) )  ) ,0.01700932183535212,0.0,0.0,0.0,0.0,0.0,0.0,0.0,0.0,0.0,0.0,0.0,0.0,1.0,0.0,0.0,0.0,0.0,0.0,0.0,0.0,0.0,0.0,0.0,0.0,0.0,0.0,0.0,0.0,0.0,1.0,0.0,0.0,0.0,0.0,0.0,0.0,0.0,0.0,0.0,0.0,0.0,1.0,0.0,0.0,0.0,0.0,0.0,1.0,0.0,1.0,1.0,0.0,0.0,0.0,0.0,0.0
0,3.0,( package (( exponential-dist (( _less (( _add (( _trust  ) ) (( _real-invest  ) )  ) ) (( upstream-neighbors-last-investment  ) )  ) ) (( _expcoopothers  ) )  ) ) (( normal-dist (( logistic-dist (( _alpha  ) ) (( _lambda  ) ) (( _real-invest  ) )  ) ) (( _sin (( _wanted  ) )  ) ) (( _last (( _listcontribute  ) )  ) )  ) )  ) ,0.012592660032397283,1.0,1.0,0.0,0.0,0.0,0.0,1.0,0.0,0.0,0.0,0.0,0.0,0.0,0.0,0.0,0.0,0.0,1.0,1.0,1.0,0.0,1.0,0.0,0.0,0.0,0.0,0.0,0.0,0.0,2.0,0.0,1.0,0.0,0.0,0.0,0.0,0.0,1.0,0.0,0.0,0.0,1.0,0.0,0.0,0.0,1.0,0.0,1.0,1.0,0.0,1.0,0.0,0.0,0.0,0.0,1.0
0,3.0,( package (( _equal (( _add (( normal-dist (( _expincome  ) ) (( _first (( possible-decisions  ) )  ) ) (( _exppg  ) )  ) ) (( _sub (( _roi  ) ) (( _roi  ) )  ) )  ) ) (( _lambda  ) )  ) ) (( upstream-neighbors-last-investment  ) )  ) ,0.012592660032397283,1.0,0.0,0.0,0.0,1.0,0.0,0.0,1.0,1.0,0.0,1.0,0.0,0.0,0.0,0.0,0.0,0.0,1.0,0.0,0.0,0.0,0.0,0.0,0.0,0.0,0.0,0.0,0.0,0.0,0.0,2.0,0.0,0.0,0.0,1.0,0.0,0.0,0.0,0.0,0.0,0.0,0.0,0.0,0.0,0.0,0.0,0.0,0.0,1.0,0.0,1.0,1.0,0.0,0.0,0.0,1.0
0,3.0,( package (( exponential-dist (( _less (( _real-invest  ) ) (( _roi  ) )  ) ) (( _expcoopothers  ) )  ) ) (( normal-dist (( logistic-dist (( _alpha  ) ) (( _lambda  ) ) (( logistic-dist (( _real-invest  ) ) (( num-players  ) ) (( _wanted  ) )  ) )  ) ) (( _sin (( _wanted  ) )  ) ) (( _last (( _probinvest  ) )  ) )  ) )  ) ,0.012592660032397283,0.0,1.0,0.0,0.0,0.0,0.0,1.0,0.0,0.0,0.0,0.0,0.0,0.0,0.0,0.0,0.0,0.0,1.0,1.0,1.0,0.0,0.0,0.0,0.0,0.0,0.0,0.0,0.0,1.0,2.0,1.0,1.0,0.0,0.0,0.0,0.0,0.0,0.0,0.0,0.0,0.0,2.0,0.0,0.0,0.0,1.0,0.0,2.0,1.0,1.0,1.0,0.0,0.0,0.0,0.0,0.0
0,3.0,( package (( _real-invest  ) ) (( _gamma2  ) )  ) ,0.012592660032397283,0.0,0.0,0.0,0.0,0.0,0.0,0.0,0.0,0.0,0.0,0.0,0.0,1.0,0.0,0.0,0.0,0.0,0.0,0.0,0.0,0.0,0.0,0.0,0.0,0.0,0.0,0.0,0.0,0.0,1.0,0.0,0.0,0.0,0.0,0.0,0.0,0.0,0.0,0.0,0.0,0.0,0.0,0.0,0.0,0.0,0.0,0.0,0.0,0.0,0.0,1.0,0.0,0.0,0.0,0.0,0.0
0,3.0,( package (( _real-invest  ) ) (( _alpha  ) )  ) ,0.012592660032397283,0.0,1.0,0.0,0.0,0.0,0.0,0.0,0.0,0.0,0.0,0.0,0.0,0.0,0.0,0.0,0.0,0.0,0.0,0.0,0.0,0.0,0.0,0.0,0.0,0.0,0.0,0.0,0.0,0.0,1.0,0.0,0.0,0.0,0.0,0.0,0.0,0.0,0.0,0.0,0.0,0.0,0.0,0.0,0.0,0.0,0.0,0.0,0.0,0.0,0.0,1.0,0.0,0.0,0.0,0.0,0.0
0,3.0,( package (( _mlt (( _sub (( num-players  ) ) (( _sum (( empty-list  ) )  ) )  ) ) (( _first (( _listcollect  ) )  ) )  ) ) (( _incomeothers  ) )  ) ,0.012592660032397283,0.0,0.0,0.0,0.0,0.0,0.0,0.0,0.0,0.0,0.0,1.0,0.0,0.0,0.0,0.0,0.0,1.0,0.0,0.0,0.0,1.0,0.0,0.0,0.0,0.0,1.0,0.0,0.0,0.0,0.0,0.0,0.0,0.0,0.0,1.0,1.0,0.0,0.0,0.0,0.0,0.0,0.0,0.0,0.0,1.0,0.0,0.0,0.0,0.0,1.0,1.0,0.0,0.0,0.0,0.0,0.0
0,3.0,( package (( _real-invest  ) ) (( _gamma2  ) )  ) ,0.012592660032397283,0.0,0.0,0.0,0.0,0.0,0.0,0.0,0.0,0.0,0.0,0.0,0.0,1.0,0.0,0.0,0.0,0.0,0.0,0.0,0.0,0.0,0.0,0.0,0.0,0.0,0.0,0.0,0.0,0.0,1.0,0.0,0.0,0.0,0.0,0.0,0.0,0.0,0.0,0.0,0.0,0.0,0.0,0.0,0.0,0.0,0.0,0.0,0.0,0.0,0.0,1.0,0.0,0.0,0.0,0.0,0.0
0,4.0,( package (( _equal (( _add (( normal-dist (( _expincome  ) ) (( _first (( possible-decisions  ) )  ) ) (( _exppg  ) )  ) ) (( _sub (( _roi  ) ) (( _roi  ) )  ) )  ) ) (( _lambda  ) )  ) ) (( upstream-neighbors-last-investment  ) )  ) ,0.012592660032397283,1.0,0.0,0.0,0.0,1.0,0.0,0.0,1.0,1.0,0.0,1.0,0.0,0.0,0.0,0.0,0.0,0.0,1.0,0.0,0.0,0.0,0.0,0.0,0.0,0.0,0.0,0.0,0.0,0.0,0.0,2.0,0.0,0.0,0.0,1.0,0.0,0.0,0.0,0.0,0.0,0.0,0.0,0.0,0.0,0.0,0.0,0.0,0.0,1.0,0.0,1.0,1.0,0.0,0.0,0.0,1.0
0,4.0,( package (( exponential-dist (( _less (( _add (( _trust  ) ) (( _real-invest  ) )  ) ) (( _gamma2  ) )  ) ) (( _expcoopothers  ) )  ) ) (( normal-dist (( logistic-dist (( _sqrt (( _sum (( _probinvest  ) )  ) )  ) ) (( _lambda  ) ) (( logistic-dist (( _real-invest  ) ) (( num-players  ) ) (( _wanted  ) )  ) )  ) ) (( _sin (( _wanted  ) )  ) ) (( _last (( _probinvest  ) )  ) )  ) )  ) ,0.012592660032397283,1.0,0.0,0.0,0.0,0.0,0.0,1.0,0.0,0.0,0.0,0.0,0.0,1.0,0.0,0.0,0.0,0.0,1.0,1.0,1.0,0.0,0.0,0.0,0.0,0.0,0.0,0.0,0.0,2.0,2.0,0.0,1.0,0.0,1.0,0.0,1.0,0.0,1.0,0.0,0.0,0.0,2.0,0.0,0.0,0.0,1.0,0.0,2.0,1.0,1.0,1.0,0.0,0.0,0.0,0.0,0.0
0,4.0,( package (( exponential-dist (( _less (( _add (( _trust  ) ) (( _real-invest  ) )  ) ) (( _gamma2  ) )  ) ) (( _expcoopothers  ) )  ) ) (( normal-dist (( logistic-dist (( _alpha  ) ) (( _lambda  ) ) (( logistic-dist (( _real-invest  ) ) (( _trust  ) ) (( _wanted  ) )  ) )  ) ) (( _sin (( _gamma2  ) )  ) ) (( _last (( possible-decisions  ) )  ) )  ) )  ) ,0.012592660032397283,1.0,1.0,0.0,0.0,0.0,0.0,1.0,0.0,0.0,0.0,0.0,0.0,2.0,0.0,0.0,0.0,0.0,1.0,1.0,1.0,0.0,0.0,0.0,0.0,0.0,0.0,0.0,0.0,0.0,2.0,0.0,1.0,0.0,0.0,0.0,0.0,0.0,2.0,0.0,0.0,0.0,1.0,0.0,0.0,0.0,1.0,0.0,2.0,1.0,0.0,1.0,1.0,0.0,0.0,0.0,0.0
0,4.0,( package (( _equal (( _add (( normal-dist (( _expincome  ) ) (( _first (( _probinvest  ) )  ) ) (( _exppg  ) )  ) ) (( _sub (( _roi  ) ) (( _roi  ) )  ) )  ) ) (( _lambda  ) )  ) ) (( upstream-neighbors-last-investment  ) )  ) ,0.012592660032397283,1.0,0.0,0.0,0.0,1.0,0.0,0.0,1.0,1.0,0.0,1.0,0.0,0.0,0.0,0.0,0.0,0.0,1.0,0.0,0.0,0.0,0.0,0.0,0.0,0.0,0.0,0.0,0.0,1.0,0.0,2.0,0.0,0.0,0.0,1.0,0.0,0.0,0.0,0.0,0.0,0.0,0.0,0.0,0.0,0.0,0.0,0.0,0.0,1.0,0.0,1.0,0.0,0.0,0.0,0.0,1.0
0,4.0,( package (( _real-invest  ) ) (( _first (( empty-list  ) )  ) )  ) ,0.012592660032397283,0.0,0.0,0.0,0.0,0.0,0.0,0.0,0.0,0.0,0.0,1.0,0.0,0.0,0.0,0.0,0.0,0.0,0.0,0.0,0.0,0.0,0.0,0.0,0.0,0.0,0.0,0.0,0.0,0.0,1.0,0.0,0.0,0.0,0.0,0.0,0.0,0.0,0.0,0.0,0.0,0.0,0.0,0.0,0.0,1.0,0.0,0.0,0.0,0.0,0.0,1.0,0.0,0.0,0.0,0.0,0.0
0,4.0,( package (( _equal (( _add (( normal-dist (( _expincome  ) ) (( _alpha  ) ) (( _exppg  ) )  ) ) (( _sub (( _alpha  ) ) (( _roi  ) )  ) )  ) ) (( _lambda  ) )  ) ) (( _gamma2  ) )  ) ,0.012592660032397283,1.0,2.0,0.0,0.0,1.0,0.0,0.0,1.0,1.0,0.0,0.0,0.0,1.0,0.0,0.0,0.0,0.0,1.0,0.0,0.0,0.0,0.0,0.0,0.0,0.0,0.0,0.0,0.0,0.0,0.0,1.0,0.0,0.0,0.0,1.0,0.0,0.0,0.0,0.0,0.0,0.0,0.0,0.0,0.0,0.0,0.0,0.0,0.0,1.0,0.0,1.0,0.0,0.0,0.0,0.0,0.0
0,4.0,( package (( exponential-dist (( _less (( _add (( _trust  ) ) (( _real-invest  ) )  ) ) (( upstream-neighbors-last-investment  ) )  ) ) (( _expcoopothers  ) )  ) ) (( normal-dist (( logistic-dist (( _alpha  ) ) (( _lambda  ) ) (( logistic-dist (( _real-invest  ) ) (( num-players  ) ) (( _wanted  ) )  ) )  ) ) (( _sin (( _wanted  ) )  ) ) (( _last (( _probinvest  ) )  ) )  ) )  ) ,0.012592660032397283,1.0,1.0,0.0,0.0,0.0,0.0,1.0,0.0,0.0,0.0,0.0,0.0,0.0,0.0,0.0,0.0,0.0,1.0,1.0,1.0,0.0,0.0,0.0,0.0,0.0,0.0,0.0,0.0,1.0,2.0,0.0,1.0,0.0,0.0,0.0,0.0,0.0,1.0,0.0,0.0,0.0,2.0,0.0,0.0,0.0,1.0,0.0,2.0,1.0,1.0,1.0,0.0,0.0,0.0,0.0,1.0
0,4.0,( package (( exponential-dist (( _less (( _add (( num-players  ) ) (( _real-invest  ) )  ) ) (( _roi  ) )  ) ) (( _expcoopothers  ) )  ) ) (( normal-dist (( _gamma2  ) ) (( _sin (( _wanted  ) )  ) ) (( _last (( _listcontribute  ) )  ) )  ) )  ) ,0.012592660032397283,1.0,0.0,0.0,0.0,0.0,0.0,1.0,0.0,0.0,0.0,0.0,0.0,1.0,0.0,0.0,0.0,0.0,0.0,1.0,1.0,0.0,1.0,0.0,0.0,0.0,0.0,0.0,0.0,0.0,1.0,1.0,1.0,0.0,0.0,0.0,0.0,0.0,0.0,0.0,0.0,0.0,1.0,0.0,0.0,0.0,1.0,0.0,0.0,1.0,1.0,1.0,0.0,0.0,0.0,0.0,0.0
0,4.0,( package (( exponential-dist (( _less (( _add (( _trust  ) ) (( _real-invest  ) )  ) ) (( _gamma2  ) )  ) ) (( _expcoopothers  ) )  ) ) (( normal-dist (( logistic-dist (( _sqrt (( _sum (( _probinvest  ) )  ) )  ) ) (( _lambda  ) ) (( _exp (( _exppg  ) )  ) )  ) ) (( _sin (( _wanted  ) )  ) ) (( _last (( _probinvest  ) )  ) )  ) )  ) ,0.012592660032397283,1.0,0.0,0.0,0.0,0.0,1.0,1.0,0.0,1.0,0.0,0.0,0.0,1.0,0.0,0.0,0.0,0.0,1.0,1.0,1.0,0.0,0.0,0.0,0.0,0.0,0.0,0.0,0.0,2.0,1.0,0.0,1.0,0.0,1.0,0.0,1.0,0.0,1.0,0.0,0.0,0.0,1.0,0.0,0.0,0.0,1.0,0.0,1.0,1.0,0.0,1.0,0.0,0.0,0.0,0.0,0.0
0,4.0,( package (( _real-invest  ) ) (( _gamma2  ) )  ) ,0.012592660032397283,0.0,0.0,0.0,0.0,0.0,0.0,0.0,0.0,0.0,0.0,0.0,0.0,1.0,0.0,0.0,0.0,0.0,0.0,0.0,0.0,0.0,0.0,0.0,0.0,0.0,0.0,0.0,0.0,0.0,1.0,0.0,0.0,0.0,0.0,0.0,0.0,0.0,0.0,0.0,0.0,0.0,0.0,0.0,0.0,0.0,0.0,0.0,0.0,0.0,0.0,1.0,0.0,0.0,0.0,0.0,0.0
0,4.0,( package (( exponential-dist (( _less (( _add (( _trust  ) ) (( _real-invest  ) )  ) ) (( _gamma2  ) )  ) ) (( _expcoopothers  ) )  ) ) (( normal-dist (( logistic-dist (( _alpha  ) ) (( _lambda  ) ) (( logistic-dist (( _real-invest  ) ) (( _trust  ) ) (( _wanted  ) )  ) )  ) ) (( _sin (( _gamma2  ) )  ) ) (( _last (( _listcollect  ) )  ) )  ) )  ) ,0.012592660032397283,1.0,1.0,0.0,0.0,0.0,0.0,1.0,0.0,0.0,0.0,0.0,0.0,2.0,0.0,0.0,0.0,0.0,1.0,1.0,1.0,1.0,0.0,0.0,0.0,0.0,0.0,0.0,0.0,0.0,2.0,0.0,1.0,0.0,0.0,0.0,0.0,0.0,2.0,0.0,0.0,0.0,1.0,0.0,0.0,0.0,1.0,0.0,2.0,1.0,0.0,1.0,0.0,0.0,0.0,0.0,0.0
0,4.0,( package (( _mlt (( _sub (( num-players  ) ) (( _sum (( empty-list  ) )  ) )  ) ) (( _first (( _probinvest  ) )  ) )  ) ) (( _incomeothers  ) )  ) ,0.022380684009387294,0.0,0.0,0.0,0.0,0.0,0.0,0.0,0.0,0.0,0.0,1.0,0.0,0.0,0.0,0.0,0.0,1.0,0.0,0.0,0.0,0.0,0.0,0.0,0.0,0.0,1.0,0.0,0.0,1.0,0.0,0.0,0.0,0.0,0.0,1.0,1.0,0.0,0.0,0.0,0.0,0.0,0.0,0.0,0.0,1.0,0.0,0.0,0.0,0.0,1.0,1.0,0.0,0.0,0.0,0.0,0.0
0,4.0,( package (( _mlt (( _sub (( num-players  ) ) (( _sum (( empty-list  ) )  ) )  ) ) (( _first (( _probinvest  ) )  ) )  ) ) (( _mean (( empty-list  ) )  ) )  ) ,0.02238524916621853,0.0,0.0,0.0,0.0,0.0,0.0,0.0,0.0,0.0,0.0,1.0,0.0,0.0,0.0,0.0,0.0,0.0,0.0,0.0,0.0,0.0,0.0,0.0,1.0,0.0,1.0,0.0,0.0,1.0,0.0,0.0,0.0,0.0,0.0,1.0,1.0,0.0,0.0,0.0,0.0,0.0,0.0,0.0,0.0,2.0,0.0,0.0,0.0,0.0,1.0,1.0,0.0,0.0,0.0,0.0,0.0
0,4.0,( package (( exponential-dist (( _less (( _add (( num-players  ) ) (( _real-invest  ) )  ) ) (( _roi  ) )  ) ) (( _expcoopothers  ) )  ) ) (( normal-dist (( _gamma2  ) ) (( _sin (( _wanted  ) )  ) ) (( _last (( _listcollect  ) )  ) )  ) )  ) ,0.012592660032397283,1.0,0.0,0.0,0.0,0.0,0.0,1.0,0.0,0.0,0.0,0.0,0.0,1.0,0.0,0.0,0.0,0.0,0.0,1.0,1.0,1.0,0.0,0.0,0.0,0.0,0.0,0.0,0.0,0.0,1.0,1.0,1.0,0.0,0.0,0.0,0.0,0.0,0.0,0.0,0.0,0.0,1.0,0.0,0.0,0.0,1.0,0.0,0.0,1.0,1.0,1.0,0.0,0.0,0.0,0.0,0.0
0,4.0,( package (( _real-invest  ) ) (( _alpha  ) )  ) ,0.012592660032397283,0.0,1.0,0.0,0.0,0.0,0.0,0.0,0.0,0.0,0.0,0.0,0.0,0.0,0.0,0.0,0.0,0.0,0.0,0.0,0.0,0.0,0.0,0.0,0.0,0.0,0.0,0.0,0.0,0.0,1.0,0.0,0.0,0.0,0.0,0.0,0.0,0.0,0.0,0.0,0.0,0.0,0.0,0.0,0.0,0.0,0.0,0.0,0.0,0.0,0.0,1.0,0.0,0.0,0.0,0.0,0.0
0,4.0,( package (( _real-invest  ) ) (( _alpha  ) )  ) ,0.012592660032397283,0.0,1.0,0.0,0.0,0.0,0.0,0.0,0.0,0.0,0.0,0.0,0.0,0.0,0.0,0.0,0.0,0.0,0.0,0.0,0.0,0.0,0.0,0.0,0.0,0.0,0.0,0.0,0.0,0.0,1.0,0.0,0.0,0.0,0.0,0.0,0.0,0.0,0.0,0.0,0.0,0.0,0.0,0.0,0.0,0.0,0.0,0.0,0.0,0.0,0.0,1.0,0.0,0.0,0.0,0.0,0.0
0,4.0,( package (( _real-invest  ) ) (( _add (( normal-dist (( _expincome  ) ) (( _first (( possible-decisions  ) )  ) ) (( _exppg  ) )  ) ) (( _sub (( _roi  ) ) (( _roi  ) )  ) )  ) )  ) ,0.012592660032397283,1.0,0.0,0.0,0.0,0.0,0.0,0.0,1.0,1.0,0.0,1.0,0.0,0.0,0.0,0.0,0.0,0.0,0.0,0.0,0.0,0.0,0.0,0.0,0.0,0.0,0.0,0.0,0.0,0.0,1.0,2.0,0.0,0.0,0.0,1.0,0.0,0.0,0.0,0.0,0.0,0.0,0.0,0.0,0.0,0.0,0.0,0.0,0.0,1.0,0.0,1.0,1.0,0.0,0.0,0.0,0.0
0,4.0,( package (( _equal (( _gamma2  ) ) (( _lambda  ) )  ) ) (( logistic-dist (( _min (( empty-list  ) )  ) ) (( _utility  ) ) (( _pga  ) )  ) )  ) ,0.012592660032397283,0.0,0.0,0.0,0.0,1.0,0.0,0.0,0.0,0.0,0.0,0.0,0.0,1.0,0.0,0.0,0.0,0.0,1.0,0.0,0.0,0.0,0.0,0.0,0.0,1.0,0.0,0.0,1.0,0.0,0.0,0.0,0.0,0.0,0.0,0.0,0.0,0.0,0.0,1.0,0.0,0.0,0.0,0.0,0.0,1.0,0.0,0.0,1.0,0.0,0.0,1.0,0.0,0.0,0.0,0.0,0.0
0,4.0,( package (( _real-invest  ) ) (( _gamma2  ) )  ) ,0.012592660032397283,0.0,0.0,0.0,0.0,0.0,0.0,0.0,0.0,0.0,0.0,0.0,0.0,1.0,0.0,0.0,0.0,0.0,0.0,0.0,0.0,0.0,0.0,0.0,0.0,0.0,0.0,0.0,0.0,0.0,1.0,0.0,0.0,0.0,0.0,0.0,0.0,0.0,0.0,0.0,0.0,0.0,0.0,0.0,0.0,0.0,0.0,0.0,0.0,0.0,0.0,1.0,0.0,0.0,0.0,0.0,0.0
0,4.0,( package (( exponential-dist (( _less (( _add (( _trust  ) ) (( _real-invest  ) )  ) ) (( _gamma2  ) )  ) ) (( _expcoopothers  ) )  ) ) (( normal-dist (( logistic-dist (( _sqrt (( _sum (( _probinvest  ) )  ) )  ) ) (( _lambda  ) ) (( logistic-dist (( _real-invest  ) ) (( num-players  ) ) (( _wanted  ) )  ) )  ) ) (( _sin (( _wanted  ) )  ) ) (( _last (( _probinvest  ) )  ) )  ) )  ) ,0.012592660032397283,1.0,0.0,0.0,0.0,0.0,0.0,1.0,0.0,0.0,0.0,0.0,0.0,1.0,0.0,0.0,0.0,0.0,1.0,1.0,1.0,0.0,0.0,0.0,0.0,0.0,0.0,0.0,0.0,2.0,2.0,0.0,1.0,0.0,1.0,0.0,1.0,0.0,1.0,0.0,0.0,0.0,2.0,0.0,0.0,0.0,1.0,0.0,2.0,1.0,1.0,1.0,0.0,0.0,0.0,0.0,0.0
0,5.0,( package (( exponential-dist (( _less (( _add (( _trust  ) ) (( _real-invest  ) )  ) ) (( upstream-neighbors-last-investment  ) )  ) ) (( _expcoopothers  ) )  ) ) (( normal-dist (( logistic-dist (( _alpha  ) ) (( _lambda  ) ) (( logistic-dist (( _real-invest  ) ) (( num-players  ) ) (( _wanted  ) )  ) )  ) ) (( _sin (( _wanted  ) )  ) ) (( _last (( _probinvest  ) )  ) )  ) )  ) ,0.012592660032397283,1.0,1.0,0.0,0.0,0.0,0.0,1.0,0.0,0.0,0.0,0.0,0.0,0.0,0.0,0.0,0.0,0.0,1.0,1.0,1.0,0.0,0.0,0.0,0.0,0.0,0.0,0.0,0.0,1.0,2.0,0.0,1.0,0.0,0.0,0.0,0.0,0.0,1.0,0.0,0.0,0.0,2.0,0.0,0.0,0.0,1.0,0.0,2.0,1.0,1.0,1.0,0.0,0.0,0.0,0.0,1.0
0,5.0,( package (( _real-invest  ) ) (( _alpha  ) )  ) ,0.012592660032397283,0.0,1.0,0.0,0.0,0.0,0.0,0.0,0.0,0.0,0.0,0.0,0.0,0.0,0.0,0.0,0.0,0.0,0.0,0.0,0.0,0.0,0.0,0.0,0.0,0.0,0.0,0.0,0.0,0.0,1.0,0.0,0.0,0.0,0.0,0.0,0.0,0.0,0.0,0.0,0.0,0.0,0.0,0.0,0.0,0.0,0.0,0.0,0.0,0.0,0.0,1.0,0.0,0.0,0.0,0.0,0.0
0,5.0,( package (( exponential-dist (( _less (( _add (( _gamma2  ) ) (( _real-invest  ) )  ) ) (( upstream-neighbors-last-investment  ) )  ) ) (( _expcoopothers  ) )  ) ) (( normal-dist (( logistic-dist (( _alpha  ) ) (( _lambda  ) ) (( logistic-dist (( _real-invest  ) ) (( num-players  ) ) (( _wanted  ) )  ) )  ) ) (( _sin (( _wanted  ) )  ) ) (( _last (( _probinvest  ) )  ) )  ) )  ) ,0.012592660032397283,1.0,1.0,0.0,0.0,0.0,0.0,1.0,0.0,0.0,0.0,0.0,0.0,1.0,0.0,0.0,0.0,0.0,1.0,1.0,1.0,0.0,0.0,0.0,0.0,0.0,0.0,0.0,0.0,1.0,2.0,0.0,1.0,0.0,0.0,0.0,0.0,0.0,0.0,0.0,0.0,0.0,2.0,0.0,0.0,0.0,1.0,0.0,2.0,1.0,1.0,1.0,0.0,0.0,0.0,0.0,1.0
0,5.0,( package (( _real-invest  ) ) (( _trust  ) )  ) ,0.012592660032397283,0.0,0.0,0.0,0.0,0.0,0.0,0.0,0.0,0.0,0.0,0.0,0.0,0.0,0.0,0.0,0.0,0.0,0.0,0.0,0.0,0.0,0.0,0.0,0.0,0.0,0.0,0.0,0.0,0.0,1.0,0.0,0.0,0.0,0.0,0.0,0.0,0.0,1.0,0.0,0.0,0.0,0.0,0.0,0.0,0.0,0.0,0.0,0.0,0.0,0.0,1.0,0.0,0.0,0.0,0.0,0.0
0,5.0,( package (( exponential-dist (( _less (( _add (( _trust  ) ) (( _real-invest  ) )  ) ) (( _gamma2  ) )  ) ) (( _expcoopothers  ) )  ) ) (( normal-dist (( logistic-dist (( _sqrt (( _sum (( _probinvest  ) )  ) )  ) ) (( _lambda  ) ) (( logistic-dist (( _real-invest  ) ) (( num-players  ) ) (( _wanted  ) )  ) )  ) ) (( _sin (( _first (( possible-decisions  ) )  ) )  ) ) (( _last (( _probinvest  ) )  ) )  ) )  ) ,0.012592660032397283,1.0,0.0,0.0,0.0,0.0,0.0,1.0,0.0,0.0,0.0,1.0,0.0,1.0,0.0,0.0,0.0,0.0,1.0,1.0,1.0,0.0,0.0,0.0,0.0,0.0,0.0,0.0,0.0,2.0,2.0,0.0,1.0,0.0,1.0,0.0,1.0,0.0,1.0,0.0,0.0,0.0,1.0,0.0,0.0,0.0,1.0,0.0,2.0,1.0,1.0,1.0,1.0,0.0,0.0,0.0,0.0
0,5.0,( package (( _real-invest  ) ) (( _add (( normal-dist (( _expincome  ) ) (( _wanted  ) ) (( _exppg  ) )  ) ) (( _sub (( _roi  ) ) (( _roi  ) )  ) )  ) )  ) ,0.012592660032397283,1.0,0.0,0.0,0.0,0.0,0.0,0.0,1.0,1.0,0.0,0.0,0.0,0.0,0.0,0.0,0.0,0.0,0.0,0.0,0.0,0.0,0.0,0.0,0.0,0.0,0.0,0.0,0.0,0.0,1.0,2.0,0.0,0.0,0.0,1.0,0.0,0.0,0.0,0.0,0.0,0.0,1.0,0.0,0.0,0.0,0.0,0.0,0.0,1.0,0.0,1.0,0.0,0.0,0.0,0.0,0.0
0,5.0,( package (( exponential-dist (( _max (( _utillist  ) )  ) ) (( _expcoopothers  ) )  ) ) (( normal-dist (( _gamma2  ) ) (( _sin (( _wanted  ) )  ) ) (( _last (( _listcollect  ) )  ) )  ) )  ) ,0.015851011753696596,0.0,0.0,0.0,0.0,0.0,0.0,1.0,0.0,0.0,0.0,0.0,0.0,1.0,0.0,0.0,0.0,0.0,0.0,1.0,0.0,1.0,0.0,1.0,0.0,0.0,0.0,0.0,0.0,0.0,0.0,0.0,1.0,0.0,0.0,0.0,0.0,0.0,0.0,0.0,1.0,0.0,1.0,0.0,0.0,0.0,1.0,0.0,0.0,1.0,0.0,1.0,0.0,0.0,0.0,0.0,0.0
0,5.0,( package (( _real-invest  ) ) (( _gamma2  ) )  ) ,0.012592660032397283,0.0,0.0,0.0,0.0,0.0,0.0,0.0,0.0,0.0,0.0,0.0,0.0,1.0,0.0,0.0,0.0,0.0,0.0,0.0,0.0,0.0,0.0,0.0,0.0,0.0,0.0,0.0,0.0,0.0,1.0,0.0,0.0,0.0,0.0,0.0,0.0,0.0,0.0,0.0,0.0,0.0,0.0,0.0,0.0,0.0,0.0,0.0,0.0,0.0,0.0,1.0,0.0,0.0,0.0,0.0,0.0
0,5.0,( package (( exponential-dist (( _less (( _add (( num-players  ) ) (( _alpha  ) )  ) ) (( _roi  ) )  ) ) (( _expcoopothers  ) )  ) ) (( normal-dist (( _gamma2  ) ) (( _sin (( _wanted  ) )  ) ) (( _last (( _listcollect  ) )  ) )  ) )  ) ,0.012592660032397283,1.0,1.0,0.0,0.0,0.0,0.0,1.0,0.0,0.0,0.0,0.0,0.0,1.0,0.0,0.0,0.0,0.0,0.0,1.0,1.0,1.0,0.0,0.0,0.0,0.0,0.0,0.0,0.0,0.0,0.0,1.0,1.0,0.0,0.0,0.0,0.0,0.0,0.0,0.0,0.0,0.0,1.0,0.0,0.0,0.0,1.0,0.0,0.0,1.0,1.0,1.0,0.0,0.0,0.0,0.0,0.0
0,5.0,( package (( _real-invest  ) ) (( _real-invest  ) )  ) ,0.012592660032397283,0.0,0.0,0.0,0.0,0.0,0.0,0.0,0.0,0.0,0.0,0.0,0.0,0.0,0.0,0.0,0.0,0.0,0.0,0.0,0.0,0.0,0.0,0.0,0.0,0.0,0.0,0.0,0.0,0.0,2.0,0.0,0.0,0.0,0.0,0.0,0.0,0.0,0.0,0.0,0.0,0.0,0.0,0.0,0.0,0.0,0.0,0.0,0.0,0.0,0.0,1.0,0.0,0.0,0.0,0.0,0.0
0,5.0,( package (( exponential-dist (( _less (( _add (( _trust  ) ) (( _real-invest  ) )  ) ) (( _gamma2  ) )  ) ) (( _expcoopothers  ) )  ) ) (( normal-dist (( logistic-dist (( _alpha  ) ) (( _lambda  ) ) (( logistic-dist (( _real-invest  ) ) (( _trust  ) ) (( _wanted  ) )  ) )  ) ) (( _sin (( _gamma2  ) )  ) ) (( _last (( _listcollect  ) )  ) )  ) )  ) ,0.012592660032397283,1.0,1.0,0.0,0.0,0.0,0.0,1.0,0.0,0.0,0.0,0.0,0.0,2.0,0.0,0.0,0.0,0.0,1.0,1.0,1.0,1.0,0.0,0.0,0.0,0.0,0.0,0.0,0.0,0.0,2.0,0.0,1.0,0.0,0.0,0.0,0.0,0.0,2.0,0.0,0.0,0.0,1.0,0.0,0.0,0.0,1.0,0.0,2.0,1.0,0.0,1.0,0.0,0.0,0.0,0.0,0.0
0,5.0,( package (( _equal (( _gamma2  ) ) (( _lambda  ) )  ) ) (( logistic-dist (( _min (( empty-list  ) )  ) ) (( _utility  ) ) (( _pga  ) )  ) )  ) ,0.012592660032397283,0.0,0.0,0.0,0.0,1.0,0.0,0.0,0.0,0.0,0.0,0.0,0.0,1.0,0.0,0.0,0.0,0.0,1.0,0.0,0.0,0.0,0.0,0.0,0.0,1.0,0.0,0.0,1.0,0.0,0.0,0.0,0.0,0.0,0.0,0.0,0.0,0.0,0.0,1.0,0.0,0.0,0.0,0.0,0.0,1.0,0.0,0.0,1.0,0.0,0.0,1.0,0.0,0.0,0.0,0.0,0.0
0,5.0,( package (( _equal (( _add (( normal-dist (( _expincome  ) ) (( _first (( empty-list  ) )  ) ) (( _exppg  ) )  ) ) (( _sub (( _roi  ) ) (( _roi  ) )  ) )  ) ) (( _lambda  ) )  ) ) (( upstream-neighbors-last-investment  ) )  ) ,0.012592660032397283,1.0,0.0,0.0,0.0,1.0,0.0,0.0,1.0,1.0,0.0,1.0,0.0,0.0,0.0,0.0,0.0,0.0,1.0,0.0,0.0,0.0,0.0,0.0,0.0,0.0,0.0,0.0,0.0,0.0,0.0,2.0,0.0,0.0,0.0,1.0,0.0,0.0,0.0,0.0,0.0,0.0,0.0,0.0,0.0,1.0,0.0,0.0,0.0,1.0,0.0,1.0,0.0,0.0,0.0,0.0,1.0
0,5.0,( package (( _real-invest  ) ) (( _first (( possible-decisions  ) )  ) )  ) ,0.012592660032397283,0.0,0.0,0.0,0.0,0.0,0.0,0.0,0.0,0.0,0.0,1.0,0.0,0.0,0.0,0.0,0.0,0.0,0.0,0.0,0.0,0.0,0.0,0.0,0.0,0.0,0.0,0.0,0.0,0.0,1.0,0.0,0.0,0.0,0.0,0.0,0.0,0.0,0.0,0.0,0.0,0.0,0.0,0.0,0.0,0.0,0.0,0.0,0.0,0.0,0.0,1.0,1.0,0.0,0.0,0.0,0.0
0,5.0,( package (( _real-invest  ) ) (( _first (( empty-list  ) )  ) )  ) ,0.012592660032397283,0.0,0.0,0.0,0.0,0.0,0.0,0.0,0.0,0.0,0.0,1.0,0.0,0.0,0.0,0.0,0.0,0.0,0.0,0.0,0.0,0.0,0.0,0.0,0.0,0.0,0.0,0.0,0.0,0.0,1.0,0.0,0.0,0.0,0.0,0.0,0.0,0.0,0.0,0.0,0.0,0.0,0.0,0.0,0.0,1.0,0.0,0.0,0.0,0.0,0.0,1.0,0.0,0.0,0.0,0.0,0.0
0,5.0,( package (( exponential-dist (( _less (( _add (( _trust  ) ) (( _real-invest  ) )  ) ) (( _gamma2  ) )  ) ) (( _expcoopothers  ) )  ) ) (( normal-dist (( logistic-dist (( _alpha  ) ) (( _lambda  ) ) (( logistic-dist (( _real-invest  ) ) (( _trust  ) ) (( _wanted  ) )  ) )  ) ) (( _sin (( _gamma2  ) )  ) ) (( _last (( _listcollect  ) )  ) )  ) )  ) ,0.012592660032397283,1.0,1.0,0.0,0.0,0.0,0.0,1.0,0.0,0.0,0.0,0.0,0.0,2.0,0.0,0.0,0.0,0.0,1.0,1.0,1.0,1.0,0.0,0.0,0.0,0.0,0.0,0.0,0.0,0.0,2.0,0.0,1.0,0.0,0.0,0.0,0.0,0.0,2.0,0.0,0.0,0.0,1.0,0.0,0.0,0.0,1.0,0.0,2.0,1.0,0.0,1.0,0.0,0.0,0.0,0.0,0.0
0,5.0,( package (( _equal (( _add (( normal-dist (( _expincome  ) ) (( _first (( _probinvest  ) )  ) ) (( _exppg  ) )  ) ) (( _sub (( _roi  ) ) (( _roi  ) )  ) )  ) ) (( _lambda  ) )  ) ) (( upstream-neighbors-last-investment  ) )  ) ,0.012592660032397283,1.0,0.0,0.0,0.0,1.0,0.0,0.0,1.0,1.0,0.0,1.0,0.0,0.0,0.0,0.0,0.0,0.0,1.0,0.0,0.0,0.0,0.0,0.0,0.0,0.0,0.0,0.0,0.0,1.0,0.0,2.0,0.0,0.0,0.0,1.0,0.0,0.0,0.0,0.0,0.0,0.0,0.0,0.0,0.0,0.0,0.0,0.0,0.0,1.0,0.0,1.0,0.0,0.0,0.0,0.0,1.0
0,5.0,( package (( exponential-dist (( _less (( _add (( num-players  ) ) (( _real-invest  ) )  ) ) (( _roi  ) )  ) ) (( _expcoopothers  ) )  ) ) (( normal-dist (( _gamma2  ) ) (( _sin (( _wanted  ) )  ) ) (( _last (( _listcontribute  ) )  ) )  ) )  ) ,0.012592660032397283,1.0,0.0,0.0,0.0,0.0,0.0,1.0,0.0,0.0,0.0,0.0,0.0,1.0,0.0,0.0,0.0,0.0,0.0,1.0,1.0,0.0,1.0,0.0,0.0,0.0,0.0,0.0,0.0,0.0,1.0,1.0,1.0,0.0,0.0,0.0,0.0,0.0,0.0,0.0,0.0,0.0,1.0,0.0,0.0,0.0,1.0,0.0,0.0,1.0,1.0,1.0,0.0,0.0,0.0,0.0,0.0
0,5.0,( package (( normal-dist (( _expincome  ) ) (( _first (( possible-decisions  ) )  ) ) (( _exppg  ) )  ) ) (( _alpha  ) )  ) ,0.012592660032397283,0.0,1.0,0.0,0.0,0.0,0.0,0.0,1.0,1.0,0.0,1.0,0.0,0.0,0.0,0.0,0.0,0.0,0.0,0.0,0.0,0.0,0.0,0.0,0.0,0.0,0.0,0.0,0.0,0.0,0.0,0.0,0.0,0.0,0.0,0.0,0.0,0.0,0.0,0.0,0.0,0.0,0.0,0.0,0.0,0.0,0.0,0.0,0.0,1.0,0.0,1.0,1.0,0.0,0.0,0.0,0.0
0,5.0,( package (( _real-invest  ) ) (( _add (( _real-invest  ) ) (( _sub (( _roi  ) ) (( _roi  ) )  ) )  ) )  ) ,0.012592660032397283,1.0,0.0,0.0,0.0,0.0,0.0,0.0,0.0,0.0,0.0,0.0,0.0,0.0,0.0,0.0,0.0,0.0,0.0,0.0,0.0,0.0,0.0,0.0,0.0,0.0,0.0,0.0,0.0,0.0,2.0,2.0,0.0,0.0,0.0,1.0,0.0,0.0,0.0,0.0,0.0,0.0,0.0,0.0,0.0,0.0,0.0,0.0,0.0,0.0,0.0,1.0,0.0,0.0,0.0,0.0,0.0
