Run,Gen,Rule,Fitness,combine,consider_altruism,consider_heuristic,consider_pseudorandom,consider_random,consider_relative_income,consider_selfishness,consider_utilitarian,divide,downstream_homophily,get_max_one_of,get_min_one_of,multiply,possible_decisions,subtract,upstream_homophily
0,0.0,( get-max-one-of (( possible-decisions  ) ) (( upstream-homophily  ) )  ) ,0.012592660032397285,0.0,0.0,0.0,0.0,0.0,0.0,0.0,0.0,0.0,0.0,1.0,0.0,0.0,1.0,0.0,1.0
0,0.0,( get-max-one-of (( possible-decisions  ) ) (( downstream-homophily  ) )  ) ,0.012592660032397285,0.0,0.0,0.0,0.0,0.0,0.0,0.0,0.0,0.0,1.0,1.0,0.0,0.0,1.0,0.0,0.0
0,0.0,( get-max-one-of (( possible-decisions  ) ) (( consider-random  ) )  ) ,0.4865776604516504,0.0,0.0,0.0,0.0,1.0,0.0,0.0,0.0,0.0,0.0,1.0,0.0,0.0,1.0,0.0,0.0
0,0.0,( get-max-one-of (( possible-decisions  ) ) (( consider-random  ) )  ) ,0.48815999460238524,0.0,0.0,0.0,0.0,1.0,0.0,0.0,0.0,0.0,0.0,1.0,0.0,0.0,1.0,0.0,0.0
0,0.0,( get-max-one-of (( possible-decisions  ) ) (( upstream-homophily  ) )  ) ,0.012592660032397285,0.0,0.0,0.0,0.0,0.0,0.0,0.0,0.0,0.0,0.0,1.0,0.0,0.0,1.0,0.0,1.0
0,1.0,( get-max-one-of (( possible-decisions  ) ) (( downstream-homophily  ) )  ) ,0.012592660032397285,0.0,0.0,0.0,0.0,0.0,0.0,0.0,0.0,0.0,1.0,1.0,0.0,0.0,1.0,0.0,0.0
0,1.0,( get-max-one-of (( possible-decisions  ) ) (( upstream-homophily  ) )  ) ,0.012592660032397285,0.0,0.0,0.0,0.0,0.0,0.0,0.0,0.0,0.0,0.0,1.0,0.0,0.0,1.0,0.0,1.0
0,1.0,( get-max-one-of (( possible-decisions  ) ) (( downstream-homophily  ) )  ) ,0.012592660032397285,0.0,0.0,0.0,0.0,0.0,0.0,0.0,0.0,0.0,1.0,1.0,0.0,0.0,1.0,0.0,0.0
0,1.0,( get-max-one-of (( possible-decisions  ) ) (( downstream-homophily  ) )  ) ,0.012592660032397285,0.0,0.0,0.0,0.0,0.0,0.0,0.0,0.0,0.0,1.0,1.0,0.0,0.0,1.0,0.0,0.0
0,1.0,( get-max-one-of (( possible-decisions  ) ) (( downstream-homophily  ) )  ) ,0.012592660032397285,0.0,0.0,0.0,0.0,0.0,0.0,0.0,0.0,0.0,1.0,1.0,0.0,0.0,1.0,0.0,0.0
0,2.0,( get-max-one-of (( possible-decisions  ) ) (( downstream-homophily  ) )  ) ,0.012592660032397285,0.0,0.0,0.0,0.0,0.0,0.0,0.0,0.0,0.0,1.0,1.0,0.0,0.0,1.0,0.0,0.0
0,2.0,( get-min-one-of (( possible-decisions  ) ) (( consider-random  ) )  ) ,0.4869751583987494,0.0,0.0,0.0,0.0,1.0,0.0,0.0,0.0,0.0,0.0,0.0,1.0,0.0,1.0,0.0,0.0
0,2.0,( get-max-one-of (( possible-decisions  ) ) (( downstream-homophily  ) )  ) ,0.012592660032397285,0.0,0.0,0.0,0.0,0.0,0.0,0.0,0.0,0.0,1.0,1.0,0.0,0.0,1.0,0.0,0.0
0,2.0,( get-max-one-of (( possible-decisions  ) ) (( downstream-homophily  ) )  ) ,0.012592660032397285,0.0,0.0,0.0,0.0,0.0,0.0,0.0,0.0,0.0,1.0,1.0,0.0,0.0,1.0,0.0,0.0
0,2.0,( get-max-one-of (( possible-decisions  ) ) (( downstream-homophily  ) )  ) ,0.012592660032397285,0.0,0.0,0.0,0.0,0.0,0.0,0.0,0.0,0.0,1.0,1.0,0.0,0.0,1.0,0.0,0.0
0,3.0,( get-max-one-of (( possible-decisions  ) ) (( downstream-homophily  ) )  ) ,0.012592660032397285,0.0,0.0,0.0,0.0,0.0,0.0,0.0,0.0,0.0,1.0,1.0,0.0,0.0,1.0,0.0,0.0
0,3.0,( get-max-one-of (( possible-decisions  ) ) (( downstream-homophily  ) )  ) ,0.012592660032397285,0.0,0.0,0.0,0.0,0.0,0.0,0.0,0.0,0.0,1.0,1.0,0.0,0.0,1.0,0.0,0.0
0,3.0,( get-max-one-of (( possible-decisions  ) ) (( downstream-homophily  ) )  ) ,0.012592660032397285,0.0,0.0,0.0,0.0,0.0,0.0,0.0,0.0,0.0,1.0,1.0,0.0,0.0,1.0,0.0,0.0
0,3.0,( get-max-one-of (( possible-decisions  ) ) (( downstream-homophily  ) )  ) ,0.012592660032397285,0.0,0.0,0.0,0.0,0.0,0.0,0.0,0.0,0.0,1.0,1.0,0.0,0.0,1.0,0.0,0.0
0,3.0,( get-max-one-of (( possible-decisions  ) ) (( consider-relative-income  ) )  ) ,0.3752361317205484,0.0,0.0,0.0,0.0,0.0,1.0,0.0,0.0,0.0,0.0,1.0,0.0,0.0,1.0,0.0,0.0
0,4.0,( get-max-one-of (( possible-decisions  ) ) (( downstream-homophily  ) )  ) ,0.012592660032397285,0.0,0.0,0.0,0.0,0.0,0.0,0.0,0.0,0.0,1.0,1.0,0.0,0.0,1.0,0.0,0.0
0,4.0,( get-max-one-of (( possible-decisions  ) ) (( downstream-homophily  ) )  ) ,0.012592660032397285,0.0,0.0,0.0,0.0,0.0,0.0,0.0,0.0,0.0,1.0,1.0,0.0,0.0,1.0,0.0,0.0
0,4.0,( get-max-one-of (( possible-decisions  ) ) (( downstream-homophily  ) )  ) ,0.012592660032397285,0.0,0.0,0.0,0.0,0.0,0.0,0.0,0.0,0.0,1.0,1.0,0.0,0.0,1.0,0.0,0.0
0,4.0,( get-max-one-of (( possible-decisions  ) ) (( downstream-homophily  ) )  ) ,0.012592660032397285,0.0,0.0,0.0,0.0,0.0,0.0,0.0,0.0,0.0,1.0,1.0,0.0,0.0,1.0,0.0,0.0
0,4.0,( get-max-one-of (( possible-decisions  ) ) (( downstream-homophily  ) )  ) ,0.012592660032397285,0.0,0.0,0.0,0.0,0.0,0.0,0.0,0.0,0.0,1.0,1.0,0.0,0.0,1.0,0.0,0.0
0,5.0,( get-max-one-of (( possible-decisions  ) ) (( downstream-homophily  ) )  ) ,0.012592660032397285,0.0,0.0,0.0,0.0,0.0,0.0,0.0,0.0,0.0,1.0,1.0,0.0,0.0,1.0,0.0,0.0
0,5.0,( get-max-one-of (( possible-decisions  ) ) (( downstream-homophily  ) )  ) ,0.012592660032397285,0.0,0.0,0.0,0.0,0.0,0.0,0.0,0.0,0.0,1.0,1.0,0.0,0.0,1.0,0.0,0.0
0,5.0,( get-max-one-of (( possible-decisions  ) ) (( downstream-homophily  ) )  ) ,0.012592660032397285,0.0,0.0,0.0,0.0,0.0,0.0,0.0,0.0,0.0,1.0,1.0,0.0,0.0,1.0,0.0,0.0
0,5.0,( get-max-one-of (( possible-decisions  ) ) (( downstream-homophily  ) )  ) ,0.012592660032397285,0.0,0.0,0.0,0.0,0.0,0.0,0.0,0.0,0.0,1.0,1.0,0.0,0.0,1.0,0.0,0.0
0,5.0,( get-max-one-of (( possible-decisions  ) ) (( downstream-homophily  ) )  ) ,0.012592660032397285,0.0,0.0,0.0,0.0,0.0,0.0,0.0,0.0,0.0,1.0,1.0,0.0,0.0,1.0,0.0,0.0
0,6.0,( get-max-one-of (( possible-decisions  ) ) (( downstream-homophily  ) )  ) ,0.012592660032397285,0.0,0.0,0.0,0.0,0.0,0.0,0.0,0.0,0.0,1.0,1.0,0.0,0.0,1.0,0.0,0.0
0,6.0,( get-max-one-of (( possible-decisions  ) ) (( downstream-homophily  ) )  ) ,0.012592660032397285,0.0,0.0,0.0,0.0,0.0,0.0,0.0,0.0,0.0,1.0,1.0,0.0,0.0,1.0,0.0,0.0
0,6.0,( get-max-one-of (( possible-decisions  ) ) (( downstream-homophily  ) )  ) ,0.012592660032397285,0.0,0.0,0.0,0.0,0.0,0.0,0.0,0.0,0.0,1.0,1.0,0.0,0.0,1.0,0.0,0.0
0,6.0,( get-max-one-of (( possible-decisions  ) ) (( downstream-homophily  ) )  ) ,0.012592660032397285,0.0,0.0,0.0,0.0,0.0,0.0,0.0,0.0,0.0,1.0,1.0,0.0,0.0,1.0,0.0,0.0
0,6.0,( get-max-one-of (( possible-decisions  ) ) (( downstream-homophily  ) )  ) ,0.012592660032397285,0.0,0.0,0.0,0.0,0.0,0.0,0.0,0.0,0.0,1.0,1.0,0.0,0.0,1.0,0.0,0.0
0,7.0,( get-max-one-of (( possible-decisions  ) ) (( downstream-homophily  ) )  ) ,0.012592660032397285,0.0,0.0,0.0,0.0,0.0,0.0,0.0,0.0,0.0,1.0,1.0,0.0,0.0,1.0,0.0,0.0
0,7.0,( get-max-one-of (( possible-decisions  ) ) (( downstream-homophily  ) )  ) ,0.012592660032397285,0.0,0.0,0.0,0.0,0.0,0.0,0.0,0.0,0.0,1.0,1.0,0.0,0.0,1.0,0.0,0.0
0,7.0,( get-max-one-of (( possible-decisions  ) ) (( downstream-homophily  ) )  ) ,0.012592660032397285,0.0,0.0,0.0,0.0,0.0,0.0,0.0,0.0,0.0,1.0,1.0,0.0,0.0,1.0,0.0,0.0
0,7.0,( get-max-one-of (( possible-decisions  ) ) (( downstream-homophily  ) )  ) ,0.012592660032397285,0.0,0.0,0.0,0.0,0.0,0.0,0.0,0.0,0.0,1.0,1.0,0.0,0.0,1.0,0.0,0.0
0,7.0,( get-max-one-of (( possible-decisions  ) ) (( downstream-homophily  ) )  ) ,0.012592660032397285,0.0,0.0,0.0,0.0,0.0,0.0,0.0,0.0,0.0,1.0,1.0,0.0,0.0,1.0,0.0,0.0
0,8.0,( get-max-one-of (( possible-decisions  ) ) (( downstream-homophily  ) )  ) ,0.012592660032397285,0.0,0.0,0.0,0.0,0.0,0.0,0.0,0.0,0.0,1.0,1.0,0.0,0.0,1.0,0.0,0.0
0,8.0,( get-max-one-of (( possible-decisions  ) ) (( downstream-homophily  ) )  ) ,0.012592660032397285,0.0,0.0,0.0,0.0,0.0,0.0,0.0,0.0,0.0,1.0,1.0,0.0,0.0,1.0,0.0,0.0
0,8.0,( get-max-one-of (( possible-decisions  ) ) (( downstream-homophily  ) )  ) ,0.012592660032397285,0.0,0.0,0.0,0.0,0.0,0.0,0.0,0.0,0.0,1.0,1.0,0.0,0.0,1.0,0.0,0.0
0,8.0,( get-max-one-of (( possible-decisions  ) ) (( downstream-homophily  ) )  ) ,0.012592660032397285,0.0,0.0,0.0,0.0,0.0,0.0,0.0,0.0,0.0,1.0,1.0,0.0,0.0,1.0,0.0,0.0
0,8.0,( get-max-one-of (( possible-decisions  ) ) (( downstream-homophily  ) )  ) ,0.012592660032397285,0.0,0.0,0.0,0.0,0.0,0.0,0.0,0.0,0.0,1.0,1.0,0.0,0.0,1.0,0.0,0.0
0,9.0,( get-max-one-of (( possible-decisions  ) ) (( downstream-homophily  ) )  ) ,0.012592660032397285,0.0,0.0,0.0,0.0,0.0,0.0,0.0,0.0,0.0,1.0,1.0,0.0,0.0,1.0,0.0,0.0
0,9.0,( get-max-one-of (( possible-decisions  ) ) (( downstream-homophily  ) )  ) ,0.012592660032397285,0.0,0.0,0.0,0.0,0.0,0.0,0.0,0.0,0.0,1.0,1.0,0.0,0.0,1.0,0.0,0.0
0,9.0,( get-max-one-of (( possible-decisions  ) ) (( downstream-homophily  ) )  ) ,0.012592660032397285,0.0,0.0,0.0,0.0,0.0,0.0,0.0,0.0,0.0,1.0,1.0,0.0,0.0,1.0,0.0,0.0
0,9.0,( get-max-one-of (( possible-decisions  ) ) (( downstream-homophily  ) )  ) ,0.012592660032397285,0.0,0.0,0.0,0.0,0.0,0.0,0.0,0.0,0.0,1.0,1.0,0.0,0.0,1.0,0.0,0.0
0,9.0,( get-max-one-of (( possible-decisions  ) ) (( downstream-homophily  ) )  ) ,0.012592660032397285,0.0,0.0,0.0,0.0,0.0,0.0,0.0,0.0,0.0,1.0,1.0,0.0,0.0,1.0,0.0,0.0
0,10.0,( get-max-one-of (( possible-decisions  ) ) (( downstream-homophily  ) )  ) ,0.012592660032397285,0.0,0.0,0.0,0.0,0.0,0.0,0.0,0.0,0.0,1.0,1.0,0.0,0.0,1.0,0.0,0.0
0,10.0,( get-max-one-of (( possible-decisions  ) ) (( downstream-homophily  ) )  ) ,0.012592660032397285,0.0,0.0,0.0,0.0,0.0,0.0,0.0,0.0,0.0,1.0,1.0,0.0,0.0,1.0,0.0,0.0
0,10.0,( get-max-one-of (( possible-decisions  ) ) (( downstream-homophily  ) )  ) ,0.012592660032397285,0.0,0.0,0.0,0.0,0.0,0.0,0.0,0.0,0.0,1.0,1.0,0.0,0.0,1.0,0.0,0.0
0,10.0,( get-max-one-of (( possible-decisions  ) ) (( multiply (( divide (( consider-utilitarian  ) ) (( consider-pseudorandom  ) )  ) ) (( consider-utilitarian  ) )  ) )  ) ,0.4318013958090342,0.0,0.0,0.0,1.0,0.0,0.0,0.0,2.0,1.0,0.0,1.0,0.0,1.0,1.0,0.0,0.0
0,10.0,( get-max-one-of (( possible-decisions  ) ) (( downstream-homophily  ) )  ) ,0.012592660032397285,0.0,0.0,0.0,0.0,0.0,0.0,0.0,0.0,0.0,1.0,1.0,0.0,0.0,1.0,0.0,0.0
0,11.0,( get-max-one-of (( possible-decisions  ) ) (( downstream-homophily  ) )  ) ,0.012592660032397285,0.0,0.0,0.0,0.0,0.0,0.0,0.0,0.0,0.0,1.0,1.0,0.0,0.0,1.0,0.0,0.0
0,11.0,( get-max-one-of (( possible-decisions  ) ) (( consider-selfishness  ) )  ) ,0.012592660032397285,0.0,0.0,0.0,0.0,0.0,0.0,1.0,0.0,0.0,0.0,1.0,0.0,0.0,1.0,0.0,0.0
0,11.0,( get-max-one-of (( possible-decisions  ) ) (( downstream-homophily  ) )  ) ,0.012592660032397285,0.0,0.0,0.0,0.0,0.0,0.0,0.0,0.0,0.0,1.0,1.0,0.0,0.0,1.0,0.0,0.0
0,11.0,( get-max-one-of (( possible-decisions  ) ) (( downstream-homophily  ) )  ) ,0.012592660032397285,0.0,0.0,0.0,0.0,0.0,0.0,0.0,0.0,0.0,1.0,1.0,0.0,0.0,1.0,0.0,0.0
0,11.0,( get-max-one-of (( possible-decisions  ) ) (( downstream-homophily  ) )  ) ,0.012592660032397285,0.0,0.0,0.0,0.0,0.0,0.0,0.0,0.0,0.0,1.0,1.0,0.0,0.0,1.0,0.0,0.0
0,12.0,( get-max-one-of (( possible-decisions  ) ) (( downstream-homophily  ) )  ) ,0.012592660032397285,0.0,0.0,0.0,0.0,0.0,0.0,0.0,0.0,0.0,1.0,1.0,0.0,0.0,1.0,0.0,0.0
0,12.0,( get-max-one-of (( possible-decisions  ) ) (( downstream-homophily  ) )  ) ,0.012592660032397285,0.0,0.0,0.0,0.0,0.0,0.0,0.0,0.0,0.0,1.0,1.0,0.0,0.0,1.0,0.0,0.0
0,12.0,( get-max-one-of (( possible-decisions  ) ) (( consider-selfishness  ) )  ) ,0.012592660032397285,0.0,0.0,0.0,0.0,0.0,0.0,1.0,0.0,0.0,0.0,1.0,0.0,0.0,1.0,0.0,0.0
0,12.0,( get-max-one-of (( possible-decisions  ) ) (( consider-selfishness  ) )  ) ,0.012592660032397285,0.0,0.0,0.0,0.0,0.0,0.0,1.0,0.0,0.0,0.0,1.0,0.0,0.0,1.0,0.0,0.0
0,12.0,( get-max-one-of (( possible-decisions  ) ) (( downstream-homophily  ) )  ) ,0.012592660032397285,0.0,0.0,0.0,0.0,0.0,0.0,0.0,0.0,0.0,1.0,1.0,0.0,0.0,1.0,0.0,0.0
0,13.0,( get-max-one-of (( possible-decisions  ) ) (( consider-selfishness  ) )  ) ,0.012592660032397285,0.0,0.0,0.0,0.0,0.0,0.0,1.0,0.0,0.0,0.0,1.0,0.0,0.0,1.0,0.0,0.0
0,13.0,( get-max-one-of (( possible-decisions  ) ) (( downstream-homophily  ) )  ) ,0.012592660032397285,0.0,0.0,0.0,0.0,0.0,0.0,0.0,0.0,0.0,1.0,1.0,0.0,0.0,1.0,0.0,0.0
0,13.0,( get-max-one-of (( possible-decisions  ) ) (( consider-selfishness  ) )  ) ,0.012592660032397285,0.0,0.0,0.0,0.0,0.0,0.0,1.0,0.0,0.0,0.0,1.0,0.0,0.0,1.0,0.0,0.0
0,13.0,( get-max-one-of (( possible-decisions  ) ) (( multiply (( upstream-homophily  ) ) (( consider-random  ) )  ) )  ) ,0.03642139346910733,0.0,0.0,0.0,0.0,1.0,0.0,0.0,0.0,0.0,0.0,1.0,0.0,1.0,1.0,0.0,1.0
0,13.0,( get-max-one-of (( possible-decisions  ) ) (( downstream-homophily  ) )  ) ,0.012592660032397285,0.0,0.0,0.0,0.0,0.0,0.0,0.0,0.0,0.0,1.0,1.0,0.0,0.0,1.0,0.0,0.0
0,14.0,( get-max-one-of (( possible-decisions  ) ) (( consider-selfishness  ) )  ) ,0.012592660032397285,0.0,0.0,0.0,0.0,0.0,0.0,1.0,0.0,0.0,0.0,1.0,0.0,0.0,1.0,0.0,0.0
0,14.0,( get-max-one-of (( possible-decisions  ) ) (( consider-selfishness  ) )  ) ,0.012592660032397285,0.0,0.0,0.0,0.0,0.0,0.0,1.0,0.0,0.0,0.0,1.0,0.0,0.0,1.0,0.0,0.0
0,14.0,( get-max-one-of (( possible-decisions  ) ) (( downstream-homophily  ) )  ) ,0.012592660032397285,0.0,0.0,0.0,0.0,0.0,0.0,0.0,0.0,0.0,1.0,1.0,0.0,0.0,1.0,0.0,0.0
0,14.0,( get-max-one-of (( possible-decisions  ) ) (( downstream-homophily  ) )  ) ,0.012592660032397285,0.0,0.0,0.0,0.0,0.0,0.0,0.0,0.0,0.0,1.0,1.0,0.0,0.0,1.0,0.0,0.0
0,14.0,( get-max-one-of (( possible-decisions  ) ) (( downstream-homophily  ) )  ) ,0.012592660032397285,0.0,0.0,0.0,0.0,0.0,0.0,0.0,0.0,0.0,1.0,1.0,0.0,0.0,1.0,0.0,0.0
0,15.0,( get-max-one-of (( possible-decisions  ) ) (( consider-selfishness  ) )  ) ,0.012592660032397285,0.0,0.0,0.0,0.0,0.0,0.0,1.0,0.0,0.0,0.0,1.0,0.0,0.0,1.0,0.0,0.0
0,15.0,( get-max-one-of (( possible-decisions  ) ) (( downstream-homophily  ) )  ) ,0.012592660032397285,0.0,0.0,0.0,0.0,0.0,0.0,0.0,0.0,0.0,1.0,1.0,0.0,0.0,1.0,0.0,0.0
0,15.0,( get-max-one-of (( possible-decisions  ) ) (( downstream-homophily  ) )  ) ,0.012592660032397285,0.0,0.0,0.0,0.0,0.0,0.0,0.0,0.0,0.0,1.0,1.0,0.0,0.0,1.0,0.0,0.0
0,15.0,( get-max-one-of (( possible-decisions  ) ) (( downstream-homophily  ) )  ) ,0.012592660032397285,0.0,0.0,0.0,0.0,0.0,0.0,0.0,0.0,0.0,1.0,1.0,0.0,0.0,1.0,0.0,0.0
0,15.0,( get-max-one-of (( possible-decisions  ) ) (( downstream-homophily  ) )  ) ,0.012592660032397285,0.0,0.0,0.0,0.0,0.0,0.0,0.0,0.0,0.0,1.0,1.0,0.0,0.0,1.0,0.0,0.0
0,16.0,( get-max-one-of (( possible-decisions  ) ) (( consider-selfishness  ) )  ) ,0.012592660032397285,0.0,0.0,0.0,0.0,0.0,0.0,1.0,0.0,0.0,0.0,1.0,0.0,0.0,1.0,0.0,0.0
0,16.0,( get-max-one-of (( possible-decisions  ) ) (( downstream-homophily  ) )  ) ,0.012592660032397285,0.0,0.0,0.0,0.0,0.0,0.0,0.0,0.0,0.0,1.0,1.0,0.0,0.0,1.0,0.0,0.0
0,16.0,( get-max-one-of (( possible-decisions  ) ) (( downstream-homophily  ) )  ) ,0.012592660032397285,0.0,0.0,0.0,0.0,0.0,0.0,0.0,0.0,0.0,1.0,1.0,0.0,0.0,1.0,0.0,0.0
0,16.0,( get-max-one-of (( possible-decisions  ) ) (( downstream-homophily  ) )  ) ,0.012592660032397285,0.0,0.0,0.0,0.0,0.0,0.0,0.0,0.0,0.0,1.0,1.0,0.0,0.0,1.0,0.0,0.0
0,16.0,( get-max-one-of (( possible-decisions  ) ) (( subtract (( consider-selfishness  ) ) (( consider-utilitarian  ) )  ) )  ) ,0.012599627447016077,0.0,0.0,0.0,0.0,0.0,0.0,1.0,1.0,0.0,0.0,1.0,0.0,0.0,1.0,1.0,0.0
0,17.0,( get-max-one-of (( possible-decisions  ) ) (( consider-selfishness  ) )  ) ,0.012592660032397285,0.0,0.0,0.0,0.0,0.0,0.0,1.0,0.0,0.0,0.0,1.0,0.0,0.0,1.0,0.0,0.0
0,17.0,( get-max-one-of (( possible-decisions  ) ) (( consider-selfishness  ) )  ) ,0.012592660032397285,0.0,0.0,0.0,0.0,0.0,0.0,1.0,0.0,0.0,0.0,1.0,0.0,0.0,1.0,0.0,0.0
0,17.0,( get-max-one-of (( possible-decisions  ) ) (( downstream-homophily  ) )  ) ,0.012592660032397285,0.0,0.0,0.0,0.0,0.0,0.0,0.0,0.0,0.0,1.0,1.0,0.0,0.0,1.0,0.0,0.0
0,17.0,( get-max-one-of (( possible-decisions  ) ) (( downstream-homophily  ) )  ) ,0.012592660032397285,0.0,0.0,0.0,0.0,0.0,0.0,0.0,0.0,0.0,1.0,1.0,0.0,0.0,1.0,0.0,0.0
0,17.0,( get-max-one-of (( possible-decisions  ) ) (( downstream-homophily  ) )  ) ,0.012592660032397285,0.0,0.0,0.0,0.0,0.0,0.0,0.0,0.0,0.0,1.0,1.0,0.0,0.0,1.0,0.0,0.0
0,18.0,( get-max-one-of (( possible-decisions  ) ) (( downstream-homophily  ) )  ) ,0.012592660032397285,0.0,0.0,0.0,0.0,0.0,0.0,0.0,0.0,0.0,1.0,1.0,0.0,0.0,1.0,0.0,0.0
0,18.0,( get-max-one-of (( possible-decisions  ) ) (( downstream-homophily  ) )  ) ,0.012592660032397285,0.0,0.0,0.0,0.0,0.0,0.0,0.0,0.0,0.0,1.0,1.0,0.0,0.0,1.0,0.0,0.0
0,18.0,( get-max-one-of (( possible-decisions  ) ) (( downstream-homophily  ) )  ) ,0.012592660032397285,0.0,0.0,0.0,0.0,0.0,0.0,0.0,0.0,0.0,1.0,1.0,0.0,0.0,1.0,0.0,0.0
0,18.0,( get-max-one-of (( possible-decisions  ) ) (( consider-selfishness  ) )  ) ,0.012592660032397285,0.0,0.0,0.0,0.0,0.0,0.0,1.0,0.0,0.0,0.0,1.0,0.0,0.0,1.0,0.0,0.0
0,18.0,( get-max-one-of (( possible-decisions  ) ) (( downstream-homophily  ) )  ) ,0.012592660032397285,0.0,0.0,0.0,0.0,0.0,0.0,0.0,0.0,0.0,1.0,1.0,0.0,0.0,1.0,0.0,0.0
0,19.0,( get-max-one-of (( possible-decisions  ) ) (( downstream-homophily  ) )  ) ,0.012592660032397285,0.0,0.0,0.0,0.0,0.0,0.0,0.0,0.0,0.0,1.0,1.0,0.0,0.0,1.0,0.0,0.0
0,19.0,( get-max-one-of (( possible-decisions  ) ) (( consider-selfishness  ) )  ) ,0.012592660032397285,0.0,0.0,0.0,0.0,0.0,0.0,1.0,0.0,0.0,0.0,1.0,0.0,0.0,1.0,0.0,0.0
0,19.0,( get-max-one-of (( possible-decisions  ) ) (( downstream-homophily  ) )  ) ,0.012592660032397285,0.0,0.0,0.0,0.0,0.0,0.0,0.0,0.0,0.0,1.0,1.0,0.0,0.0,1.0,0.0,0.0
0,19.0,( get-max-one-of (( possible-decisions  ) ) (( downstream-homophily  ) )  ) ,0.012592660032397285,0.0,0.0,0.0,0.0,0.0,0.0,0.0,0.0,0.0,1.0,1.0,0.0,0.0,1.0,0.0,0.0
0,19.0,( get-max-one-of (( possible-decisions  ) ) (( consider-relative-income  ) )  ) ,0.3748988616958169,0.0,0.0,0.0,0.0,0.0,1.0,0.0,0.0,0.0,0.0,1.0,0.0,0.0,1.0,0.0,0.0
0,20.0,( get-max-one-of (( possible-decisions  ) ) (( consider-heuristic  ) )  ) ,0.3511803257293117,0.0,0.0,1.0,0.0,0.0,0.0,0.0,0.0,0.0,0.0,1.0,0.0,0.0,1.0,0.0,0.0
0,20.0,( get-max-one-of (( possible-decisions  ) ) (( consider-selfishness  ) )  ) ,0.012592660032397285,0.0,0.0,0.0,0.0,0.0,0.0,1.0,0.0,0.0,0.0,1.0,0.0,0.0,1.0,0.0,0.0
0,20.0,( get-max-one-of (( possible-decisions  ) ) (( downstream-homophily  ) )  ) ,0.012592660032397285,0.0,0.0,0.0,0.0,0.0,0.0,0.0,0.0,0.0,1.0,1.0,0.0,0.0,1.0,0.0,0.0
0,20.0,( get-max-one-of (( possible-decisions  ) ) (( consider-selfishness  ) )  ) ,0.012592660032397285,0.0,0.0,0.0,0.0,0.0,0.0,1.0,0.0,0.0,0.0,1.0,0.0,0.0,1.0,0.0,0.0
0,20.0,( get-max-one-of (( possible-decisions  ) ) (( downstream-homophily  ) )  ) ,0.012592660032397285,0.0,0.0,0.0,0.0,0.0,0.0,0.0,0.0,0.0,1.0,1.0,0.0,0.0,1.0,0.0,0.0
0,0.0,( get-min-one-of (( possible-decisions  ) ) (( downstream-homophily  ) )  ) ,0.14247735681707654,0.0,0.0,0.0,0.0,0.0,0.0,0.0,0.0,0.0,1.0,0.0,1.0,0.0,1.0,0.0,0.0
0,0.0,( get-min-one-of (( possible-decisions  ) ) (( consider-utilitarian  ) )  ) ,0.42006379676643424,0.0,0.0,0.0,0.0,0.0,0.0,0.0,1.0,0.0,0.0,0.0,1.0,0.0,1.0,0.0,0.0
0,0.0,( get-max-one-of (( possible-decisions  ) ) (( combine (( consider-random  ) ) (( consider-pseudorandom  ) )  ) )  ) ,0.034142800445392835,1.0,0.0,0.0,1.0,1.0,0.0,0.0,0.0,0.0,0.0,1.0,0.0,0.0,1.0,0.0,0.0
0,0.0,( get-min-one-of (( possible-decisions  ) ) (( upstream-homophily  ) )  ) ,0.14269319690586862,0.0,0.0,0.0,0.0,0.0,0.0,0.0,0.0,0.0,0.0,0.0,1.0,0.0,1.0,0.0,1.0
0,0.0,( get-max-one-of (( possible-decisions  ) ) (( upstream-homophily  ) )  ) ,0.012592660032397285,0.0,0.0,0.0,0.0,0.0,0.0,0.0,0.0,0.0,0.0,1.0,0.0,0.0,1.0,0.0,1.0
0,1.0,( get-max-one-of (( possible-decisions  ) ) (( upstream-homophily  ) )  ) ,0.012592660032397285,0.0,0.0,0.0,0.0,0.0,0.0,0.0,0.0,0.0,0.0,1.0,0.0,0.0,1.0,0.0,1.0
0,1.0,( get-max-one-of (( possible-decisions  ) ) (( upstream-homophily  ) )  ) ,0.012592660032397285,0.0,0.0,0.0,0.0,0.0,0.0,0.0,0.0,0.0,0.0,1.0,0.0,0.0,1.0,0.0,1.0
0,1.0,( get-max-one-of (( possible-decisions  ) ) (( combine (( consider-random  ) ) (( consider-pseudorandom  ) )  ) )  ) ,0.03411370733140751,1.0,0.0,0.0,1.0,1.0,0.0,0.0,0.0,0.0,0.0,1.0,0.0,0.0,1.0,0.0,0.0
0,1.0,( get-max-one-of (( possible-decisions  ) ) (( upstream-homophily  ) )  ) ,0.012592660032397285,0.0,0.0,0.0,0.0,0.0,0.0,0.0,0.0,0.0,0.0,1.0,0.0,0.0,1.0,0.0,1.0
0,1.0,( get-max-one-of (( possible-decisions  ) ) (( combine (( consider-random  ) ) (( consider-pseudorandom  ) )  ) )  ) ,0.0342262746293984,1.0,0.0,0.0,1.0,1.0,0.0,0.0,0.0,0.0,0.0,1.0,0.0,0.0,1.0,0.0,0.0
0,2.0,( get-max-one-of (( possible-decisions  ) ) (( multiply (( consider-utilitarian  ) ) (( divide (( consider-heuristic  ) ) (( consider-selfishness  ) )  ) )  ) )  ) ,0.32907715157288914,0.0,0.0,1.0,0.0,0.0,0.0,1.0,1.0,1.0,0.0,1.0,0.0,1.0,1.0,0.0,0.0
0,2.0,( get-max-one-of (( possible-decisions  ) ) (( upstream-homophily  ) )  ) ,0.012592660032397285,0.0,0.0,0.0,0.0,0.0,0.0,0.0,0.0,0.0,0.0,1.0,0.0,0.0,1.0,0.0,1.0
0,2.0,( get-max-one-of (( possible-decisions  ) ) (( upstream-homophily  ) )  ) ,0.012592660032397285,0.0,0.0,0.0,0.0,0.0,0.0,0.0,0.0,0.0,0.0,1.0,0.0,0.0,1.0,0.0,1.0
0,2.0,( get-max-one-of (( possible-decisions  ) ) (( upstream-homophily  ) )  ) ,0.012592660032397285,0.0,0.0,0.0,0.0,0.0,0.0,0.0,0.0,0.0,0.0,1.0,0.0,0.0,1.0,0.0,1.0
0,2.0,( get-max-one-of (( possible-decisions  ) ) (( upstream-homophily  ) )  ) ,0.012592660032397285,0.0,0.0,0.0,0.0,0.0,0.0,0.0,0.0,0.0,0.0,1.0,0.0,0.0,1.0,0.0,1.0
0,3.0,( get-max-one-of (( possible-decisions  ) ) (( upstream-homophily  ) )  ) ,0.012592660032397285,0.0,0.0,0.0,0.0,0.0,0.0,0.0,0.0,0.0,0.0,1.0,0.0,0.0,1.0,0.0,1.0
0,3.0,( get-min-one-of (( possible-decisions  ) ) (( combine (( consider-relative-income  ) ) (( consider-selfishness  ) )  ) )  ) ,0.2424360715439979,1.0,0.0,0.0,0.0,0.0,1.0,1.0,0.0,0.0,0.0,0.0,1.0,0.0,1.0,0.0,0.0
0,3.0,( get-max-one-of (( possible-decisions  ) ) (( upstream-homophily  ) )  ) ,0.012592660032397285,0.0,0.0,0.0,0.0,0.0,0.0,0.0,0.0,0.0,0.0,1.0,0.0,0.0,1.0,0.0,1.0
0,3.0,( get-max-one-of (( possible-decisions  ) ) (( upstream-homophily  ) )  ) ,0.012592660032397285,0.0,0.0,0.0,0.0,0.0,0.0,0.0,0.0,0.0,0.0,1.0,0.0,0.0,1.0,0.0,1.0
0,3.0,( get-max-one-of (( possible-decisions  ) ) (( upstream-homophily  ) )  ) ,0.012592660032397285,0.0,0.0,0.0,0.0,0.0,0.0,0.0,0.0,0.0,0.0,1.0,0.0,0.0,1.0,0.0,1.0
0,4.0,( get-max-one-of (( possible-decisions  ) ) (( upstream-homophily  ) )  ) ,0.012592660032397285,0.0,0.0,0.0,0.0,0.0,0.0,0.0,0.0,0.0,0.0,1.0,0.0,0.0,1.0,0.0,1.0
0,4.0,( get-max-one-of (( possible-decisions  ) ) (( upstream-homophily  ) )  ) ,0.012592660032397285,0.0,0.0,0.0,0.0,0.0,0.0,0.0,0.0,0.0,0.0,1.0,0.0,0.0,1.0,0.0,1.0
0,4.0,( get-min-one-of (( possible-decisions  ) ) (( multiply (( consider-random  ) ) (( consider-utilitarian  ) )  ) )  ) ,0.4562131215813695,0.0,0.0,0.0,0.0,1.0,0.0,0.0,1.0,0.0,0.0,0.0,1.0,1.0,1.0,0.0,0.0
0,4.0,( get-max-one-of (( possible-decisions  ) ) (( subtract (( downstream-homophily  ) ) (( consider-pseudorandom  ) )  ) )  ) ,0.07507539169253417,0.0,0.0,0.0,1.0,0.0,0.0,0.0,0.0,0.0,1.0,1.0,0.0,0.0,1.0,1.0,0.0
0,4.0,( get-max-one-of (( possible-decisions  ) ) (( upstream-homophily  ) )  ) ,0.012592660032397285,0.0,0.0,0.0,0.0,0.0,0.0,0.0,0.0,0.0,0.0,1.0,0.0,0.0,1.0,0.0,1.0
0,5.0,( get-max-one-of (( possible-decisions  ) ) (( upstream-homophily  ) )  ) ,0.012592660032397285,0.0,0.0,0.0,0.0,0.0,0.0,0.0,0.0,0.0,0.0,1.0,0.0,0.0,1.0,0.0,1.0
0,5.0,( get-max-one-of (( possible-decisions  ) ) (( upstream-homophily  ) )  ) ,0.012592660032397285,0.0,0.0,0.0,0.0,0.0,0.0,0.0,0.0,0.0,0.0,1.0,0.0,0.0,1.0,0.0,1.0
0,5.0,( get-max-one-of (( possible-decisions  ) ) (( multiply (( downstream-homophily  ) ) (( consider-pseudorandom  ) )  ) )  ) ,0.012592660032397285,0.0,0.0,0.0,1.0,0.0,0.0,0.0,0.0,0.0,1.0,1.0,0.0,1.0,1.0,0.0,0.0
0,5.0,( get-max-one-of (( possible-decisions  ) ) (( upstream-homophily  ) )  ) ,0.012592660032397285,0.0,0.0,0.0,0.0,0.0,0.0,0.0,0.0,0.0,0.0,1.0,0.0,0.0,1.0,0.0,1.0
0,5.0,( get-max-one-of (( possible-decisions  ) ) (( upstream-homophily  ) )  ) ,0.012592660032397285,0.0,0.0,0.0,0.0,0.0,0.0,0.0,0.0,0.0,0.0,1.0,0.0,0.0,1.0,0.0,1.0
0,6.0,( get-max-one-of (( possible-decisions  ) ) (( upstream-homophily  ) )  ) ,0.012592660032397285,0.0,0.0,0.0,0.0,0.0,0.0,0.0,0.0,0.0,0.0,1.0,0.0,0.0,1.0,0.0,1.0
0,6.0,( get-min-one-of (( possible-decisions  ) ) (( combine (( consider-selfishness  ) ) (( consider-heuristic  ) )  ) )  ) ,0.3705203754043369,1.0,0.0,1.0,0.0,0.0,0.0,1.0,0.0,0.0,0.0,0.0,1.0,0.0,1.0,0.0,0.0
0,6.0,( get-max-one-of (( possible-decisions  ) ) (( upstream-homophily  ) )  ) ,0.012592660032397285,0.0,0.0,0.0,0.0,0.0,0.0,0.0,0.0,0.0,0.0,1.0,0.0,0.0,1.0,0.0,1.0
0,6.0,( get-max-one-of (( possible-decisions  ) ) (( multiply (( downstream-homophily  ) ) (( consider-pseudorandom  ) )  ) )  ) ,0.012592660032397285,0.0,0.0,0.0,1.0,0.0,0.0,0.0,0.0,0.0,1.0,1.0,0.0,1.0,1.0,0.0,0.0
0,6.0,( get-max-one-of (( possible-decisions  ) ) (( consider-heuristic  ) )  ) ,0.30807799942804537,0.0,0.0,1.0,0.0,0.0,0.0,0.0,0.0,0.0,0.0,1.0,0.0,0.0,1.0,0.0,0.0
0,7.0,( get-max-one-of (( possible-decisions  ) ) (( consider-altruism  ) )  ) ,0.07511434280975689,0.0,1.0,0.0,0.0,0.0,0.0,0.0,0.0,0.0,0.0,1.0,0.0,0.0,1.0,0.0,0.0
0,7.0,( get-max-one-of (( possible-decisions  ) ) (( upstream-homophily  ) )  ) ,0.012592660032397285,0.0,0.0,0.0,0.0,0.0,0.0,0.0,0.0,0.0,0.0,1.0,0.0,0.0,1.0,0.0,1.0
0,7.0,( get-max-one-of (( possible-decisions  ) ) (( multiply (( downstream-homophily  ) ) (( consider-pseudorandom  ) )  ) )  ) ,0.012592660032397285,0.0,0.0,0.0,1.0,0.0,0.0,0.0,0.0,0.0,1.0,1.0,0.0,1.0,1.0,0.0,0.0
0,7.0,( get-max-one-of (( possible-decisions  ) ) (( upstream-homophily  ) )  ) ,0.012592660032397285,0.0,0.0,0.0,0.0,0.0,0.0,0.0,0.0,0.0,0.0,1.0,0.0,0.0,1.0,0.0,1.0
0,7.0,( get-max-one-of (( possible-decisions  ) ) (( upstream-homophily  ) )  ) ,0.012592660032397285,0.0,0.0,0.0,0.0,0.0,0.0,0.0,0.0,0.0,0.0,1.0,0.0,0.0,1.0,0.0,1.0
0,8.0,( get-max-one-of (( possible-decisions  ) ) (( upstream-homophily  ) )  ) ,0.012592660032397285,0.0,0.0,0.0,0.0,0.0,0.0,0.0,0.0,0.0,0.0,1.0,0.0,0.0,1.0,0.0,1.0
0,8.0,( get-max-one-of (( possible-decisions  ) ) (( multiply (( consider-random  ) ) (( consider-pseudorandom  ) )  ) )  ) ,0.017093465255327022,0.0,0.0,0.0,1.0,1.0,0.0,0.0,0.0,0.0,0.0,1.0,0.0,1.0,1.0,0.0,0.0
0,8.0,( get-min-one-of (( possible-decisions  ) ) (( combine (( consider-altruism  ) ) (( consider-heuristic  ) )  ) )  ) ,0.012592660032397285,1.0,1.0,1.0,0.0,0.0,0.0,0.0,0.0,0.0,0.0,0.0,1.0,0.0,1.0,0.0,0.0
0,8.0,( get-max-one-of (( possible-decisions  ) ) (( upstream-homophily  ) )  ) ,0.012592660032397285,0.0,0.0,0.0,0.0,0.0,0.0,0.0,0.0,0.0,0.0,1.0,0.0,0.0,1.0,0.0,1.0
0,8.0,( get-max-one-of (( possible-decisions  ) ) (( upstream-homophily  ) )  ) ,0.012592660032397285,0.0,0.0,0.0,0.0,0.0,0.0,0.0,0.0,0.0,0.0,1.0,0.0,0.0,1.0,0.0,1.0
0,9.0,( get-min-one-of (( possible-decisions  ) ) (( combine (( upstream-homophily  ) ) (( consider-heuristic  ) )  ) )  ) ,0.18694707462911309,1.0,0.0,1.0,0.0,0.0,0.0,0.0,0.0,0.0,0.0,0.0,1.0,0.0,1.0,0.0,1.0
0,9.0,( get-max-one-of (( possible-decisions  ) ) (( consider-pseudorandom  ) )  ) ,0.012592660032397285,0.0,0.0,0.0,1.0,0.0,0.0,0.0,0.0,0.0,0.0,1.0,0.0,0.0,1.0,0.0,0.0
0,9.0,( get-max-one-of (( possible-decisions  ) ) (( upstream-homophily  ) )  ) ,0.012592660032397285,0.0,0.0,0.0,0.0,0.0,0.0,0.0,0.0,0.0,0.0,1.0,0.0,0.0,1.0,0.0,1.0
0,9.0,( get-max-one-of (( possible-decisions  ) ) (( upstream-homophily  ) )  ) ,0.012592660032397285,0.0,0.0,0.0,0.0,0.0,0.0,0.0,0.0,0.0,0.0,1.0,0.0,0.0,1.0,0.0,1.0
0,9.0,( get-min-one-of (( possible-decisions  ) ) (( divide (( consider-random  ) ) (( upstream-homophily  ) )  ) )  ) ,0.4923018005062305,0.0,0.0,0.0,0.0,1.0,0.0,0.0,0.0,1.0,0.0,0.0,1.0,0.0,1.0,0.0,1.0
0,10.0,( get-max-one-of (( possible-decisions  ) ) (( upstream-homophily  ) )  ) ,0.012592660032397285,0.0,0.0,0.0,0.0,0.0,0.0,0.0,0.0,0.0,0.0,1.0,0.0,0.0,1.0,0.0,1.0
0,10.0,( get-max-one-of (( possible-decisions  ) ) (( upstream-homophily  ) )  ) ,0.012592660032397285,0.0,0.0,0.0,0.0,0.0,0.0,0.0,0.0,0.0,0.0,1.0,0.0,0.0,1.0,0.0,1.0
0,10.0,( get-max-one-of (( possible-decisions  ) ) (( consider-pseudorandom  ) )  ) ,0.012592660032397285,0.0,0.0,0.0,1.0,0.0,0.0,0.0,0.0,0.0,0.0,1.0,0.0,0.0,1.0,0.0,0.0
0,10.0,( get-max-one-of (( possible-decisions  ) ) (( upstream-homophily  ) )  ) ,0.012592660032397285,0.0,0.0,0.0,0.0,0.0,0.0,0.0,0.0,0.0,0.0,1.0,0.0,0.0,1.0,0.0,1.0
0,10.0,( get-max-one-of (( possible-decisions  ) ) (( upstream-homophily  ) )  ) ,0.012592660032397285,0.0,0.0,0.0,0.0,0.0,0.0,0.0,0.0,0.0,0.0,1.0,0.0,0.0,1.0,0.0,1.0
0,11.0,( get-max-one-of (( possible-decisions  ) ) (( consider-pseudorandom  ) )  ) ,0.012592660032397285,0.0,0.0,0.0,1.0,0.0,0.0,0.0,0.0,0.0,0.0,1.0,0.0,0.0,1.0,0.0,0.0
0,11.0,( get-max-one-of (( possible-decisions  ) ) (( upstream-homophily  ) )  ) ,0.012592660032397285,0.0,0.0,0.0,0.0,0.0,0.0,0.0,0.0,0.0,0.0,1.0,0.0,0.0,1.0,0.0,1.0
0,11.0,( get-max-one-of (( possible-decisions  ) ) (( upstream-homophily  ) )  ) ,0.012592660032397285,0.0,0.0,0.0,0.0,0.0,0.0,0.0,0.0,0.0,0.0,1.0,0.0,0.0,1.0,0.0,1.0
0,11.0,( get-max-one-of (( possible-decisions  ) ) (( upstream-homophily  ) )  ) ,0.012592660032397285,0.0,0.0,0.0,0.0,0.0,0.0,0.0,0.0,0.0,0.0,1.0,0.0,0.0,1.0,0.0,1.0
0,11.0,( get-max-one-of (( possible-decisions  ) ) (( consider-pseudorandom  ) )  ) ,0.012592660032397285,0.0,0.0,0.0,1.0,0.0,0.0,0.0,0.0,0.0,0.0,1.0,0.0,0.0,1.0,0.0,0.0
0,12.0,( get-max-one-of (( possible-decisions  ) ) (( subtract (( downstream-homophily  ) ) (( consider-selfishness  ) )  ) )  ) ,0.07513447460610331,0.0,0.0,0.0,0.0,0.0,0.0,1.0,0.0,0.0,1.0,1.0,0.0,0.0,1.0,1.0,0.0
0,12.0,( get-max-one-of (( possible-decisions  ) ) (( upstream-homophily  ) )  ) ,0.012592660032397285,0.0,0.0,0.0,0.0,0.0,0.0,0.0,0.0,0.0,0.0,1.0,0.0,0.0,1.0,0.0,1.0
0,12.0,( get-max-one-of (( possible-decisions  ) ) (( consider-pseudorandom  ) )  ) ,0.012592660032397285,0.0,0.0,0.0,1.0,0.0,0.0,0.0,0.0,0.0,0.0,1.0,0.0,0.0,1.0,0.0,0.0
0,12.0,( get-max-one-of (( possible-decisions  ) ) (( upstream-homophily  ) )  ) ,0.012592660032397285,0.0,0.0,0.0,0.0,0.0,0.0,0.0,0.0,0.0,0.0,1.0,0.0,0.0,1.0,0.0,1.0
0,12.0,( get-max-one-of (( possible-decisions  ) ) (( consider-pseudorandom  ) )  ) ,0.012592660032397285,0.0,0.0,0.0,1.0,0.0,0.0,0.0,0.0,0.0,0.0,1.0,0.0,0.0,1.0,0.0,0.0
0,13.0,( get-max-one-of (( possible-decisions  ) ) (( upstream-homophily  ) )  ) ,0.012592660032397285,0.0,0.0,0.0,0.0,0.0,0.0,0.0,0.0,0.0,0.0,1.0,0.0,0.0,1.0,0.0,1.0
0,13.0,( get-max-one-of (( possible-decisions  ) ) (( consider-pseudorandom  ) )  ) ,0.012592660032397285,0.0,0.0,0.0,1.0,0.0,0.0,0.0,0.0,0.0,0.0,1.0,0.0,0.0,1.0,0.0,0.0
0,13.0,( get-max-one-of (( possible-decisions  ) ) (( consider-pseudorandom  ) )  ) ,0.012592660032397285,0.0,0.0,0.0,1.0,0.0,0.0,0.0,0.0,0.0,0.0,1.0,0.0,0.0,1.0,0.0,0.0
0,13.0,( get-max-one-of (( possible-decisions  ) ) (( consider-pseudorandom  ) )  ) ,0.012592660032397285,0.0,0.0,0.0,1.0,0.0,0.0,0.0,0.0,0.0,0.0,1.0,0.0,0.0,1.0,0.0,0.0
0,13.0,( get-max-one-of (( possible-decisions  ) ) (( upstream-homophily  ) )  ) ,0.012592660032397285,0.0,0.0,0.0,0.0,0.0,0.0,0.0,0.0,0.0,0.0,1.0,0.0,0.0,1.0,0.0,1.0
0,14.0,( get-max-one-of (( possible-decisions  ) ) (( multiply (( consider-altruism  ) ) (( divide (( consider-relative-income  ) ) (( consider-relative-income  ) )  ) )  ) )  ) ,0.08769194053333537,0.0,1.0,0.0,0.0,0.0,2.0,0.0,0.0,1.0,0.0,1.0,0.0,1.0,1.0,0.0,0.0
0,14.0,( get-max-one-of (( possible-decisions  ) ) (( upstream-homophily  ) )  ) ,0.012592660032397285,0.0,0.0,0.0,0.0,0.0,0.0,0.0,0.0,0.0,0.0,1.0,0.0,0.0,1.0,0.0,1.0
0,14.0,( get-max-one-of (( possible-decisions  ) ) (( upstream-homophily  ) )  ) ,0.012592660032397285,0.0,0.0,0.0,0.0,0.0,0.0,0.0,0.0,0.0,0.0,1.0,0.0,0.0,1.0,0.0,1.0
0,14.0,( get-min-one-of (( possible-decisions  ) ) (( upstream-homophily  ) )  ) ,0.14264012192087613,0.0,0.0,0.0,0.0,0.0,0.0,0.0,0.0,0.0,0.0,0.0,1.0,0.0,1.0,0.0,1.0
0,14.0,( get-max-one-of (( possible-decisions  ) ) (( upstream-homophily  ) )  ) ,0.012592660032397285,0.0,0.0,0.0,0.0,0.0,0.0,0.0,0.0,0.0,0.0,1.0,0.0,0.0,1.0,0.0,1.0
0,15.0,( get-max-one-of (( possible-decisions  ) ) (( upstream-homophily  ) )  ) ,0.012592660032397285,0.0,0.0,0.0,0.0,0.0,0.0,0.0,0.0,0.0,0.0,1.0,0.0,0.0,1.0,0.0,1.0
0,15.0,( get-max-one-of (( possible-decisions  ) ) (( upstream-homophily  ) )  ) ,0.012592660032397285,0.0,0.0,0.0,0.0,0.0,0.0,0.0,0.0,0.0,0.0,1.0,0.0,0.0,1.0,0.0,1.0
0,15.0,( get-max-one-of (( possible-decisions  ) ) (( subtract (( consider-selfishness  ) ) (( consider-heuristic  ) )  ) )  ) ,0.012592660032397285,0.0,0.0,1.0,0.0,0.0,0.0,1.0,0.0,0.0,0.0,1.0,0.0,0.0,1.0,1.0,0.0
0,15.0,( get-max-one-of (( possible-decisions  ) ) (( upstream-homophily  ) )  ) ,0.012592660032397285,0.0,0.0,0.0,0.0,0.0,0.0,0.0,0.0,0.0,0.0,1.0,0.0,0.0,1.0,0.0,1.0
0,15.0,( get-max-one-of (( possible-decisions  ) ) (( upstream-homophily  ) )  ) ,0.012592660032397285,0.0,0.0,0.0,0.0,0.0,0.0,0.0,0.0,0.0,0.0,1.0,0.0,0.0,1.0,0.0,1.0
0,16.0,( get-max-one-of (( possible-decisions  ) ) (( multiply (( consider-selfishness  ) ) (( divide (( consider-altruism  ) ) (( consider-heuristic  ) )  ) )  ) )  ) ,0.10270161957263688,0.0,1.0,1.0,0.0,0.0,0.0,1.0,0.0,1.0,0.0,1.0,0.0,1.0,1.0,0.0,0.0
0,16.0,( get-max-one-of (( possible-decisions  ) ) (( upstream-homophily  ) )  ) ,0.012592660032397285,0.0,0.0,0.0,0.0,0.0,0.0,0.0,0.0,0.0,0.0,1.0,0.0,0.0,1.0,0.0,1.0
0,16.0,( get-max-one-of (( possible-decisions  ) ) (( upstream-homophily  ) )  ) ,0.012592660032397285,0.0,0.0,0.0,0.0,0.0,0.0,0.0,0.0,0.0,0.0,1.0,0.0,0.0,1.0,0.0,1.0
0,16.0,( get-max-one-of (( possible-decisions  ) ) (( upstream-homophily  ) )  ) ,0.012592660032397285,0.0,0.0,0.0,0.0,0.0,0.0,0.0,0.0,0.0,0.0,1.0,0.0,0.0,1.0,0.0,1.0
0,16.0,( get-max-one-of (( possible-decisions  ) ) (( upstream-homophily  ) )  ) ,0.012592660032397285,0.0,0.0,0.0,0.0,0.0,0.0,0.0,0.0,0.0,0.0,1.0,0.0,0.0,1.0,0.0,1.0
0,17.0,( get-max-one-of (( possible-decisions  ) ) (( upstream-homophily  ) )  ) ,0.012592660032397285,0.0,0.0,0.0,0.0,0.0,0.0,0.0,0.0,0.0,0.0,1.0,0.0,0.0,1.0,0.0,1.0
0,17.0,( get-max-one-of (( possible-decisions  ) ) (( upstream-homophily  ) )  ) ,0.012592660032397285,0.0,0.0,0.0,0.0,0.0,0.0,0.0,0.0,0.0,0.0,1.0,0.0,0.0,1.0,0.0,1.0
0,17.0,( get-max-one-of (( possible-decisions  ) ) (( consider-utilitarian  ) )  ) ,0.4501313587222273,0.0,0.0,0.0,0.0,0.0,0.0,0.0,1.0,0.0,0.0,1.0,0.0,0.0,1.0,0.0,0.0
0,17.0,( get-max-one-of (( possible-decisions  ) ) (( upstream-homophily  ) )  ) ,0.012592660032397285,0.0,0.0,0.0,0.0,0.0,0.0,0.0,0.0,0.0,0.0,1.0,0.0,0.0,1.0,0.0,1.0
0,17.0,( get-max-one-of (( possible-decisions  ) ) (( upstream-homophily  ) )  ) ,0.012592660032397285,0.0,0.0,0.0,0.0,0.0,0.0,0.0,0.0,0.0,0.0,1.0,0.0,0.0,1.0,0.0,1.0
0,18.0,( get-max-one-of (( possible-decisions  ) ) (( upstream-homophily  ) )  ) ,0.012592660032397285,0.0,0.0,0.0,0.0,0.0,0.0,0.0,0.0,0.0,0.0,1.0,0.0,0.0,1.0,0.0,1.0
0,18.0,( get-max-one-of (( possible-decisions  ) ) (( upstream-homophily  ) )  ) ,0.012592660032397285,0.0,0.0,0.0,0.0,0.0,0.0,0.0,0.0,0.0,0.0,1.0,0.0,0.0,1.0,0.0,1.0
0,18.0,( get-max-one-of (( possible-decisions  ) ) (( combine (( subtract (( consider-altruism  ) ) (( consider-altruism  ) )  ) ) (( subtract (( consider-random  ) ) (( consider-heuristic  ) )  ) )  ) )  ) ,0.13491427180281454,1.0,2.0,1.0,0.0,1.0,0.0,0.0,0.0,0.0,0.0,1.0,0.0,0.0,1.0,2.0,0.0
0,18.0,( get-max-one-of (( possible-decisions  ) ) (( upstream-homophily  ) )  ) ,0.012592660032397285,0.0,0.0,0.0,0.0,0.0,0.0,0.0,0.0,0.0,0.0,1.0,0.0,0.0,1.0,0.0,1.0
0,18.0,( get-max-one-of (( possible-decisions  ) ) (( upstream-homophily  ) )  ) ,0.012592660032397285,0.0,0.0,0.0,0.0,0.0,0.0,0.0,0.0,0.0,0.0,1.0,0.0,0.0,1.0,0.0,1.0
0,19.0,( get-max-one-of (( possible-decisions  ) ) (( upstream-homophily  ) )  ) ,0.012592660032397285,0.0,0.0,0.0,0.0,0.0,0.0,0.0,0.0,0.0,0.0,1.0,0.0,0.0,1.0,0.0,1.0
0,19.0,( get-max-one-of (( possible-decisions  ) ) (( upstream-homophily  ) )  ) ,0.012592660032397285,0.0,0.0,0.0,0.0,0.0,0.0,0.0,0.0,0.0,0.0,1.0,0.0,0.0,1.0,0.0,1.0
0,19.0,( get-max-one-of (( possible-decisions  ) ) (( consider-relative-income  ) )  ) ,0.26809410989228505,0.0,0.0,0.0,0.0,0.0,1.0,0.0,0.0,0.0,0.0,1.0,0.0,0.0,1.0,0.0,0.0
0,19.0,( get-max-one-of (( possible-decisions  ) ) (( upstream-homophily  ) )  ) ,0.012592660032397285,0.0,0.0,0.0,0.0,0.0,0.0,0.0,0.0,0.0,0.0,1.0,0.0,0.0,1.0,0.0,1.0
0,19.0,( get-max-one-of (( possible-decisions  ) ) (( multiply (( consider-heuristic  ) ) (( consider-random  ) )  ) )  ) ,0.37694587120755607,0.0,0.0,1.0,0.0,1.0,0.0,0.0,0.0,0.0,0.0,1.0,0.0,1.0,1.0,0.0,0.0
0,20.0,( get-max-one-of (( possible-decisions  ) ) (( upstream-homophily  ) )  ) ,0.012592660032397285,0.0,0.0,0.0,0.0,0.0,0.0,0.0,0.0,0.0,0.0,1.0,0.0,0.0,1.0,0.0,1.0
0,20.0,( get-max-one-of (( possible-decisions  ) ) (( upstream-homophily  ) )  ) ,0.012592660032397285,0.0,0.0,0.0,0.0,0.0,0.0,0.0,0.0,0.0,0.0,1.0,0.0,0.0,1.0,0.0,1.0
0,20.0,( get-max-one-of (( possible-decisions  ) ) (( upstream-homophily  ) )  ) ,0.012592660032397285,0.0,0.0,0.0,0.0,0.0,0.0,0.0,0.0,0.0,0.0,1.0,0.0,0.0,1.0,0.0,1.0
0,20.0,( get-max-one-of (( possible-decisions  ) ) (( upstream-homophily  ) )  ) ,0.012592660032397285,0.0,0.0,0.0,0.0,0.0,0.0,0.0,0.0,0.0,0.0,1.0,0.0,0.0,1.0,0.0,1.0
0,20.0,( get-max-one-of (( possible-decisions  ) ) (( upstream-homophily  ) )  ) ,0.012592660032397285,0.0,0.0,0.0,0.0,0.0,0.0,0.0,0.0,0.0,0.0,1.0,0.0,0.0,1.0,0.0,1.0
0,21.0,( get-max-one-of (( possible-decisions  ) ) (( upstream-homophily  ) )  ) ,0.012592660032397285,0.0,0.0,0.0,0.0,0.0,0.0,0.0,0.0,0.0,0.0,1.0,0.0,0.0,1.0,0.0,1.0
0,21.0,( get-max-one-of (( possible-decisions  ) ) (( upstream-homophily  ) )  ) ,0.012592660032397285,0.0,0.0,0.0,0.0,0.0,0.0,0.0,0.0,0.0,0.0,1.0,0.0,0.0,1.0,0.0,1.0
0,21.0,( get-max-one-of (( possible-decisions  ) ) (( upstream-homophily  ) )  ) ,0.012592660032397285,0.0,0.0,0.0,0.0,0.0,0.0,0.0,0.0,0.0,0.0,1.0,0.0,0.0,1.0,0.0,1.0
0,21.0,( get-max-one-of (( possible-decisions  ) ) (( upstream-homophily  ) )  ) ,0.012592660032397285,0.0,0.0,0.0,0.0,0.0,0.0,0.0,0.0,0.0,0.0,1.0,0.0,0.0,1.0,0.0,1.0
0,21.0,( get-max-one-of (( possible-decisions  ) ) (( consider-random  ) )  ) ,0.5009472805856815,0.0,0.0,0.0,0.0,1.0,0.0,0.0,0.0,0.0,0.0,1.0,0.0,0.0,1.0,0.0,0.0
0,22.0,( get-max-one-of (( possible-decisions  ) ) (( upstream-homophily  ) )  ) ,0.012592660032397285,0.0,0.0,0.0,0.0,0.0,0.0,0.0,0.0,0.0,0.0,1.0,0.0,0.0,1.0,0.0,1.0
0,22.0,( get-max-one-of (( possible-decisions  ) ) (( upstream-homophily  ) )  ) ,0.012592660032397285,0.0,0.0,0.0,0.0,0.0,0.0,0.0,0.0,0.0,0.0,1.0,0.0,0.0,1.0,0.0,1.0
0,22.0,( get-max-one-of (( possible-decisions  ) ) (( upstream-homophily  ) )  ) ,0.012592660032397285,0.0,0.0,0.0,0.0,0.0,0.0,0.0,0.0,0.0,0.0,1.0,0.0,0.0,1.0,0.0,1.0
0,22.0,( get-max-one-of (( possible-decisions  ) ) (( upstream-homophily  ) )  ) ,0.012592660032397285,0.0,0.0,0.0,0.0,0.0,0.0,0.0,0.0,0.0,0.0,1.0,0.0,0.0,1.0,0.0,1.0
0,22.0,( get-max-one-of (( possible-decisions  ) ) (( upstream-homophily  ) )  ) ,0.012592660032397285,0.0,0.0,0.0,0.0,0.0,0.0,0.0,0.0,0.0,0.0,1.0,0.0,0.0,1.0,0.0,1.0
0,23.0,( get-max-one-of (( possible-decisions  ) ) (( upstream-homophily  ) )  ) ,0.012592660032397285,0.0,0.0,0.0,0.0,0.0,0.0,0.0,0.0,0.0,0.0,1.0,0.0,0.0,1.0,0.0,1.0
0,23.0,( get-max-one-of (( possible-decisions  ) ) (( upstream-homophily  ) )  ) ,0.012592660032397285,0.0,0.0,0.0,0.0,0.0,0.0,0.0,0.0,0.0,0.0,1.0,0.0,0.0,1.0,0.0,1.0
0,23.0,( get-max-one-of (( possible-decisions  ) ) (( multiply (( consider-heuristic  ) ) (( consider-relative-income  ) )  ) )  ) ,0.3005958136939075,0.0,0.0,1.0,0.0,0.0,1.0,0.0,0.0,0.0,0.0,1.0,0.0,1.0,1.0,0.0,0.0
0,23.0,( get-max-one-of (( possible-decisions  ) ) (( upstream-homophily  ) )  ) ,0.012592660032397285,0.0,0.0,0.0,0.0,0.0,0.0,0.0,0.0,0.0,0.0,1.0,0.0,0.0,1.0,0.0,1.0
0,23.0,( get-max-one-of (( possible-decisions  ) ) (( upstream-homophily  ) )  ) ,0.012592660032397285,0.0,0.0,0.0,0.0,0.0,0.0,0.0,0.0,0.0,0.0,1.0,0.0,0.0,1.0,0.0,1.0
0,24.0,( get-max-one-of (( possible-decisions  ) ) (( upstream-homophily  ) )  ) ,0.012592660032397285,0.0,0.0,0.0,0.0,0.0,0.0,0.0,0.0,0.0,0.0,1.0,0.0,0.0,1.0,0.0,1.0
0,24.0,( get-max-one-of (( possible-decisions  ) ) (( upstream-homophily  ) )  ) ,0.012592660032397285,0.0,0.0,0.0,0.0,0.0,0.0,0.0,0.0,0.0,0.0,1.0,0.0,0.0,1.0,0.0,1.0
0,24.0,( get-max-one-of (( possible-decisions  ) ) (( upstream-homophily  ) )  ) ,0.012592660032397285,0.0,0.0,0.0,0.0,0.0,0.0,0.0,0.0,0.0,0.0,1.0,0.0,0.0,1.0,0.0,1.0
0,24.0,( get-min-one-of (( possible-decisions  ) ) (( consider-altruism  ) )  ) ,0.012592660032397285,0.0,1.0,0.0,0.0,0.0,0.0,0.0,0.0,0.0,0.0,0.0,1.0,0.0,1.0,0.0,0.0
0,24.0,( get-max-one-of (( possible-decisions  ) ) (( multiply (( multiply (( consider-selfishness  ) ) (( consider-selfishness  ) )  ) ) (( consider-selfishness  ) )  ) )  ) ,0.012592660032397285,0.0,0.0,0.0,0.0,0.0,0.0,3.0,0.0,0.0,0.0,1.0,0.0,2.0,1.0,0.0,0.0
0,25.0,( get-max-one-of (( possible-decisions  ) ) (( upstream-homophily  ) )  ) ,0.012592660032397285,0.0,0.0,0.0,0.0,0.0,0.0,0.0,0.0,0.0,0.0,1.0,0.0,0.0,1.0,0.0,1.0
0,25.0,( get-max-one-of (( possible-decisions  ) ) (( upstream-homophily  ) )  ) ,0.012592660032397285,0.0,0.0,0.0,0.0,0.0,0.0,0.0,0.0,0.0,0.0,1.0,0.0,0.0,1.0,0.0,1.0
0,25.0,( get-max-one-of (( possible-decisions  ) ) (( multiply (( multiply (( consider-selfishness  ) ) (( consider-selfishness  ) )  ) ) (( consider-selfishness  ) )  ) )  ) ,0.012592660032397285,0.0,0.0,0.0,0.0,0.0,0.0,3.0,0.0,0.0,0.0,1.0,0.0,2.0,1.0,0.0,0.0
0,25.0,( get-min-one-of (( possible-decisions  ) ) (( consider-altruism  ) )  ) ,0.012592660032397285,0.0,1.0,0.0,0.0,0.0,0.0,0.0,0.0,0.0,0.0,0.0,1.0,0.0,1.0,0.0,0.0
0,25.0,( get-max-one-of (( possible-decisions  ) ) (( upstream-homophily  ) )  ) ,0.012592660032397285,0.0,0.0,0.0,0.0,0.0,0.0,0.0,0.0,0.0,0.0,1.0,0.0,0.0,1.0,0.0,1.0
0,26.0,( get-min-one-of (( possible-decisions  ) ) (( consider-altruism  ) )  ) ,0.012592660032397285,0.0,1.0,0.0,0.0,0.0,0.0,0.0,0.0,0.0,0.0,0.0,1.0,0.0,1.0,0.0,0.0
0,26.0,( get-max-one-of (( possible-decisions  ) ) (( upstream-homophily  ) )  ) ,0.012592660032397285,0.0,0.0,0.0,0.0,0.0,0.0,0.0,0.0,0.0,0.0,1.0,0.0,0.0,1.0,0.0,1.0
0,26.0,( get-min-one-of (( possible-decisions  ) ) (( consider-altruism  ) )  ) ,0.012592660032397285,0.0,1.0,0.0,0.0,0.0,0.0,0.0,0.0,0.0,0.0,0.0,1.0,0.0,1.0,0.0,0.0
0,26.0,( get-max-one-of (( possible-decisions  ) ) (( upstream-homophily  ) )  ) ,0.012592660032397285,0.0,0.0,0.0,0.0,0.0,0.0,0.0,0.0,0.0,0.0,1.0,0.0,0.0,1.0,0.0,1.0
0,26.0,( get-max-one-of (( possible-decisions  ) ) (( upstream-homophily  ) )  ) ,0.012592660032397285,0.0,0.0,0.0,0.0,0.0,0.0,0.0,0.0,0.0,0.0,1.0,0.0,0.0,1.0,0.0,1.0
0,27.0,( get-max-one-of (( possible-decisions  ) ) (( consider-altruism  ) )  ) ,0.07512335561856097,0.0,1.0,0.0,0.0,0.0,0.0,0.0,0.0,0.0,0.0,1.0,0.0,0.0,1.0,0.0,0.0
0,27.0,( get-min-one-of (( possible-decisions  ) ) (( upstream-homophily  ) )  ) ,0.14264195918733752,0.0,0.0,0.0,0.0,0.0,0.0,0.0,0.0,0.0,0.0,0.0,1.0,0.0,1.0,0.0,1.0
0,27.0,( get-min-one-of (( possible-decisions  ) ) (( upstream-homophily  ) )  ) ,0.14267707409284747,0.0,0.0,0.0,0.0,0.0,0.0,0.0,0.0,0.0,0.0,0.0,1.0,0.0,1.0,0.0,1.0
0,27.0,( get-max-one-of (( possible-decisions  ) ) (( consider-altruism  ) )  ) ,0.07514490415288604,0.0,1.0,0.0,0.0,0.0,0.0,0.0,0.0,0.0,0.0,1.0,0.0,0.0,1.0,0.0,0.0
0,27.0,( get-min-one-of (( possible-decisions  ) ) (( consider-altruism  ) )  ) ,0.012592660032397285,0.0,1.0,0.0,0.0,0.0,0.0,0.0,0.0,0.0,0.0,0.0,1.0,0.0,1.0,0.0,0.0
0,28.0,( get-min-one-of (( possible-decisions  ) ) (( consider-altruism  ) )  ) ,0.012592660032397285,0.0,1.0,0.0,0.0,0.0,0.0,0.0,0.0,0.0,0.0,0.0,1.0,0.0,1.0,0.0,0.0
0,28.0,( get-min-one-of (( possible-decisions  ) ) (( consider-altruism  ) )  ) ,0.012592660032397285,0.0,1.0,0.0,0.0,0.0,0.0,0.0,0.0,0.0,0.0,0.0,1.0,0.0,1.0,0.0,0.0
0,28.0,( get-min-one-of (( possible-decisions  ) ) (( consider-altruism  ) )  ) ,0.012592660032397285,0.0,1.0,0.0,0.0,0.0,0.0,0.0,0.0,0.0,0.0,0.0,1.0,0.0,1.0,0.0,0.0
0,28.0,( get-min-one-of (( possible-decisions  ) ) (( consider-altruism  ) )  ) ,0.012592660032397285,0.0,1.0,0.0,0.0,0.0,0.0,0.0,0.0,0.0,0.0,0.0,1.0,0.0,1.0,0.0,0.0
0,28.0,( get-min-one-of (( possible-decisions  ) ) (( consider-altruism  ) )  ) ,0.012592660032397285,0.0,1.0,0.0,0.0,0.0,0.0,0.0,0.0,0.0,0.0,0.0,1.0,0.0,1.0,0.0,0.0
0,29.0,( get-min-one-of (( possible-decisions  ) ) (( consider-altruism  ) )  ) ,0.012592660032397285,0.0,1.0,0.0,0.0,0.0,0.0,0.0,0.0,0.0,0.0,0.0,1.0,0.0,1.0,0.0,0.0
0,29.0,( get-min-one-of (( possible-decisions  ) ) (( consider-altruism  ) )  ) ,0.012592660032397285,0.0,1.0,0.0,0.0,0.0,0.0,0.0,0.0,0.0,0.0,0.0,1.0,0.0,1.0,0.0,0.0
0,29.0,( get-min-one-of (( possible-decisions  ) ) (( consider-altruism  ) )  ) ,0.012592660032397285,0.0,1.0,0.0,0.0,0.0,0.0,0.0,0.0,0.0,0.0,0.0,1.0,0.0,1.0,0.0,0.0
0,29.0,( get-min-one-of (( possible-decisions  ) ) (( consider-altruism  ) )  ) ,0.012592660032397285,0.0,1.0,0.0,0.0,0.0,0.0,0.0,0.0,0.0,0.0,0.0,1.0,0.0,1.0,0.0,0.0
0,29.0,( get-min-one-of (( possible-decisions  ) ) (( consider-altruism  ) )  ) ,0.012592660032397285,0.0,1.0,0.0,0.0,0.0,0.0,0.0,0.0,0.0,0.0,0.0,1.0,0.0,1.0,0.0,0.0
0,30.0,( get-min-one-of (( possible-decisions  ) ) (( consider-altruism  ) )  ) ,0.012592660032397285,0.0,1.0,0.0,0.0,0.0,0.0,0.0,0.0,0.0,0.0,0.0,1.0,0.0,1.0,0.0,0.0
0,30.0,( get-min-one-of (( possible-decisions  ) ) (( consider-altruism  ) )  ) ,0.012592660032397285,0.0,1.0,0.0,0.0,0.0,0.0,0.0,0.0,0.0,0.0,0.0,1.0,0.0,1.0,0.0,0.0
0,30.0,( get-min-one-of (( possible-decisions  ) ) (( consider-altruism  ) )  ) ,0.012592660032397285,0.0,1.0,0.0,0.0,0.0,0.0,0.0,0.0,0.0,0.0,0.0,1.0,0.0,1.0,0.0,0.0
0,30.0,( get-min-one-of (( possible-decisions  ) ) (( upstream-homophily  ) )  ) ,0.14266539467677655,0.0,0.0,0.0,0.0,0.0,0.0,0.0,0.0,0.0,0.0,0.0,1.0,0.0,1.0,0.0,1.0
0,30.0,( get-min-one-of (( possible-decisions  ) ) (( consider-altruism  ) )  ) ,0.012592660032397285,0.0,1.0,0.0,0.0,0.0,0.0,0.0,0.0,0.0,0.0,0.0,1.0,0.0,1.0,0.0,0.0
1,0.0,( get-min-one-of (( possible-decisions  ) ) (( consider-heuristic  ) )  ) ,0.012592660032397285,0.0,0.0,1.0,0.0,0.0,0.0,0.0,0.0,0.0,0.0,0.0,1.0,0.0,1.0,0.0,0.0
1,0.0,( get-min-one-of (( possible-decisions  ) ) (( consider-altruism  ) )  ) ,0.012592660032397285,0.0,1.0,0.0,0.0,0.0,0.0,0.0,0.0,0.0,0.0,0.0,1.0,0.0,1.0,0.0,0.0
1,0.0,( get-min-one-of (( possible-decisions  ) ) (( consider-altruism  ) )  ) ,0.012592660032397285,0.0,1.0,0.0,0.0,0.0,0.0,0.0,0.0,0.0,0.0,0.0,1.0,0.0,1.0,0.0,0.0
1,0.0,( get-min-one-of (( possible-decisions  ) ) (( consider-altruism  ) )  ) ,0.012592660032397285,0.0,1.0,0.0,0.0,0.0,0.0,0.0,0.0,0.0,0.0,0.0,1.0,0.0,1.0,0.0,0.0
1,0.0,( get-min-one-of (( possible-decisions  ) ) (( subtract (( divide (( consider-random  ) ) (( subtract (( upstream-homophily  ) ) (( consider-utilitarian  ) )  ) )  ) ) (( downstream-homophily  ) )  ) )  ) ,0.46214609164516923,0.0,0.0,0.0,0.0,1.0,0.0,0.0,1.0,1.0,1.0,0.0,1.0,0.0,1.0,2.0,1.0
1,1.0,( get-min-one-of (( possible-decisions  ) ) (( consider-heuristic  ) )  ) ,0.012592660032397285,0.0,0.0,1.0,0.0,0.0,0.0,0.0,0.0,0.0,0.0,0.0,1.0,0.0,1.0,0.0,0.0
1,1.0,( get-min-one-of (( possible-decisions  ) ) (( consider-heuristic  ) )  ) ,0.012592660032397285,0.0,0.0,1.0,0.0,0.0,0.0,0.0,0.0,0.0,0.0,0.0,1.0,0.0,1.0,0.0,0.0
1,1.0,( get-min-one-of (( possible-decisions  ) ) (( consider-altruism  ) )  ) ,0.012592660032397285,0.0,1.0,0.0,0.0,0.0,0.0,0.0,0.0,0.0,0.0,0.0,1.0,0.0,1.0,0.0,0.0
1,1.0,( get-min-one-of (( possible-decisions  ) ) (( consider-altruism  ) )  ) ,0.012592660032397285,0.0,1.0,0.0,0.0,0.0,0.0,0.0,0.0,0.0,0.0,0.0,1.0,0.0,1.0,0.0,0.0
1,1.0,( get-min-one-of (( possible-decisions  ) ) (( consider-altruism  ) )  ) ,0.012592660032397285,0.0,1.0,0.0,0.0,0.0,0.0,0.0,0.0,0.0,0.0,0.0,1.0,0.0,1.0,0.0,0.0
1,2.0,( get-min-one-of (( possible-decisions  ) ) (( consider-heuristic  ) )  ) ,0.012592660032397285,0.0,0.0,1.0,0.0,0.0,0.0,0.0,0.0,0.0,0.0,0.0,1.0,0.0,1.0,0.0,0.0
1,2.0,( get-min-one-of (( possible-decisions  ) ) (( subtract (( consider-pseudorandom  ) ) (( upstream-homophily  ) )  ) )  ) ,0.07513553690946527,0.0,0.0,0.0,1.0,0.0,0.0,0.0,0.0,0.0,0.0,0.0,1.0,0.0,1.0,1.0,1.0
1,2.0,( get-min-one-of (( possible-decisions  ) ) (( consider-altruism  ) )  ) ,0.012592660032397285,0.0,1.0,0.0,0.0,0.0,0.0,0.0,0.0,0.0,0.0,0.0,1.0,0.0,1.0,0.0,0.0
1,2.0,( get-min-one-of (( possible-decisions  ) ) (( consider-altruism  ) )  ) ,0.012592660032397285,0.0,1.0,0.0,0.0,0.0,0.0,0.0,0.0,0.0,0.0,0.0,1.0,0.0,1.0,0.0,0.0
1,2.0,( get-min-one-of (( possible-decisions  ) ) (( consider-altruism  ) )  ) ,0.012592660032397285,0.0,1.0,0.0,0.0,0.0,0.0,0.0,0.0,0.0,0.0,0.0,1.0,0.0,1.0,0.0,0.0
1,3.0,( get-min-one-of (( possible-decisions  ) ) (( consider-altruism  ) )  ) ,0.012592660032397285,0.0,1.0,0.0,0.0,0.0,0.0,0.0,0.0,0.0,0.0,0.0,1.0,0.0,1.0,0.0,0.0
1,3.0,( get-min-one-of (( possible-decisions  ) ) (( consider-altruism  ) )  ) ,0.012592660032397285,0.0,1.0,0.0,0.0,0.0,0.0,0.0,0.0,0.0,0.0,0.0,1.0,0.0,1.0,0.0,0.0
1,3.0,( get-min-one-of (( possible-decisions  ) ) (( consider-altruism  ) )  ) ,0.012592660032397285,0.0,1.0,0.0,0.0,0.0,0.0,0.0,0.0,0.0,0.0,0.0,1.0,0.0,1.0,0.0,0.0
1,3.0,( get-min-one-of (( possible-decisions  ) ) (( consider-altruism  ) )  ) ,0.012592660032397285,0.0,1.0,0.0,0.0,0.0,0.0,0.0,0.0,0.0,0.0,0.0,1.0,0.0,1.0,0.0,0.0
1,3.0,( get-min-one-of (( possible-decisions  ) ) (( consider-altruism  ) )  ) ,0.012592660032397285,0.0,1.0,0.0,0.0,0.0,0.0,0.0,0.0,0.0,0.0,0.0,1.0,0.0,1.0,0.0,0.0
1,4.0,( get-min-one-of (( possible-decisions  ) ) (( consider-altruism  ) )  ) ,0.012592660032397285,0.0,1.0,0.0,0.0,0.0,0.0,0.0,0.0,0.0,0.0,0.0,1.0,0.0,1.0,0.0,0.0
1,4.0,( get-min-one-of (( possible-decisions  ) ) (( consider-relative-income  ) )  ) ,0.012592660032397285,0.0,0.0,0.0,0.0,0.0,1.0,0.0,0.0,0.0,0.0,0.0,1.0,0.0,1.0,0.0,0.0
1,4.0,( get-min-one-of (( possible-decisions  ) ) (( consider-altruism  ) )  ) ,0.012592660032397285,0.0,1.0,0.0,0.0,0.0,0.0,0.0,0.0,0.0,0.0,0.0,1.0,0.0,1.0,0.0,0.0
1,4.0,( get-min-one-of (( possible-decisions  ) ) (( consider-altruism  ) )  ) ,0.012592660032397285,0.0,1.0,0.0,0.0,0.0,0.0,0.0,0.0,0.0,0.0,0.0,1.0,0.0,1.0,0.0,0.0
1,4.0,( get-min-one-of (( possible-decisions  ) ) (( consider-selfishness  ) )  ) ,0.0751368529669333,0.0,0.0,0.0,0.0,0.0,0.0,1.0,0.0,0.0,0.0,0.0,1.0,0.0,1.0,0.0,0.0
1,5.0,( get-min-one-of (( possible-decisions  ) ) (( consider-selfishness  ) )  ) ,0.07514074730791903,0.0,0.0,0.0,0.0,0.0,0.0,1.0,0.0,0.0,0.0,0.0,1.0,0.0,1.0,0.0,0.0
1,5.0,( get-min-one-of (( possible-decisions  ) ) (( consider-altruism  ) )  ) ,0.012592660032397285,0.0,1.0,0.0,0.0,0.0,0.0,0.0,0.0,0.0,0.0,0.0,1.0,0.0,1.0,0.0,0.0
1,5.0,( get-min-one-of (( possible-decisions  ) ) (( consider-altruism  ) )  ) ,0.012592660032397285,0.0,1.0,0.0,0.0,0.0,0.0,0.0,0.0,0.0,0.0,0.0,1.0,0.0,1.0,0.0,0.0
1,5.0,( get-min-one-of (( possible-decisions  ) ) (( consider-altruism  ) )  ) ,0.012592660032397285,0.0,1.0,0.0,0.0,0.0,0.0,0.0,0.0,0.0,0.0,0.0,1.0,0.0,1.0,0.0,0.0
1,5.0,( get-min-one-of (( possible-decisions  ) ) (( consider-altruism  ) )  ) ,0.012592660032397285,0.0,1.0,0.0,0.0,0.0,0.0,0.0,0.0,0.0,0.0,0.0,1.0,0.0,1.0,0.0,0.0
1,6.0,( get-min-one-of (( possible-decisions  ) ) (( consider-altruism  ) )  ) ,0.012592660032397285,0.0,1.0,0.0,0.0,0.0,0.0,0.0,0.0,0.0,0.0,0.0,1.0,0.0,1.0,0.0,0.0
1,6.0,( get-max-one-of (( possible-decisions  ) ) (( divide (( downstream-homophily  ) ) (( consider-random  ) )  ) )  ) ,0.0638291285323058,0.0,0.0,0.0,0.0,1.0,0.0,0.0,0.0,1.0,1.0,1.0,0.0,0.0,1.0,0.0,0.0
1,6.0,( get-min-one-of (( possible-decisions  ) ) (( consider-altruism  ) )  ) ,0.012592660032397285,0.0,1.0,0.0,0.0,0.0,0.0,0.0,0.0,0.0,0.0,0.0,1.0,0.0,1.0,0.0,0.0
1,6.0,( get-min-one-of (( possible-decisions  ) ) (( consider-altruism  ) )  ) ,0.012592660032397285,0.0,1.0,0.0,0.0,0.0,0.0,0.0,0.0,0.0,0.0,0.0,1.0,0.0,1.0,0.0,0.0
1,6.0,( get-min-one-of (( possible-decisions  ) ) (( consider-altruism  ) )  ) ,0.012592660032397285,0.0,1.0,0.0,0.0,0.0,0.0,0.0,0.0,0.0,0.0,0.0,1.0,0.0,1.0,0.0,0.0
1,7.0,( get-max-one-of (( possible-decisions  ) ) (( consider-pseudorandom  ) )  ) ,0.012592660032397285,0.0,0.0,0.0,1.0,0.0,0.0,0.0,0.0,0.0,0.0,1.0,0.0,0.0,1.0,0.0,0.0
1,7.0,( get-min-one-of (( possible-decisions  ) ) (( consider-altruism  ) )  ) ,0.012592660032397285,0.0,1.0,0.0,0.0,0.0,0.0,0.0,0.0,0.0,0.0,0.0,1.0,0.0,1.0,0.0,0.0
1,7.0,( get-min-one-of (( possible-decisions  ) ) (( consider-altruism  ) )  ) ,0.012592660032397285,0.0,1.0,0.0,0.0,0.0,0.0,0.0,0.0,0.0,0.0,0.0,1.0,0.0,1.0,0.0,0.0
1,7.0,( get-max-one-of (( possible-decisions  ) ) (( divide (( consider-random  ) ) (( consider-selfishness  ) )  ) )  ) ,0.36740171492715185,0.0,0.0,0.0,0.0,1.0,0.0,1.0,0.0,1.0,0.0,1.0,0.0,0.0,1.0,0.0,0.0
1,7.0,( get-min-one-of (( possible-decisions  ) ) (( consider-altruism  ) )  ) ,0.012592660032397285,0.0,1.0,0.0,0.0,0.0,0.0,0.0,0.0,0.0,0.0,0.0,1.0,0.0,1.0,0.0,0.0
1,8.0,( get-max-one-of (( possible-decisions  ) ) (( consider-pseudorandom  ) )  ) ,0.012592660032397285,0.0,0.0,0.0,1.0,0.0,0.0,0.0,0.0,0.0,0.0,1.0,0.0,0.0,1.0,0.0,0.0
1,8.0,( get-max-one-of (( possible-decisions  ) ) (( consider-pseudorandom  ) )  ) ,0.012592660032397285,0.0,0.0,0.0,1.0,0.0,0.0,0.0,0.0,0.0,0.0,1.0,0.0,0.0,1.0,0.0,0.0
1,8.0,( get-min-one-of (( possible-decisions  ) ) (( consider-utilitarian  ) )  ) ,0.42039741221291427,0.0,0.0,0.0,0.0,0.0,0.0,0.0,1.0,0.0,0.0,0.0,1.0,0.0,1.0,0.0,0.0
1,8.0,( get-max-one-of (( possible-decisions  ) ) (( consider-heuristic  ) )  ) ,0.30745371449077197,0.0,0.0,1.0,0.0,0.0,0.0,0.0,0.0,0.0,0.0,1.0,0.0,0.0,1.0,0.0,0.0
1,8.0,( get-min-one-of (( possible-decisions  ) ) (( combine (( consider-utilitarian  ) ) (( consider-utilitarian  ) )  ) )  ) ,0.4206744983001009,1.0,0.0,0.0,0.0,0.0,0.0,0.0,2.0,0.0,0.0,0.0,1.0,0.0,1.0,0.0,0.0
1,9.0,( get-max-one-of (( possible-decisions  ) ) (( consider-pseudorandom  ) )  ) ,0.012592660032397285,0.0,0.0,0.0,1.0,0.0,0.0,0.0,0.0,0.0,0.0,1.0,0.0,0.0,1.0,0.0,0.0
1,9.0,( get-max-one-of (( possible-decisions  ) ) (( consider-heuristic  ) )  ) ,0.3073851022544106,0.0,0.0,1.0,0.0,0.0,0.0,0.0,0.0,0.0,0.0,1.0,0.0,0.0,1.0,0.0,0.0
1,9.0,( get-max-one-of (( possible-decisions  ) ) (( consider-pseudorandom  ) )  ) ,0.012592660032397285,0.0,0.0,0.0,1.0,0.0,0.0,0.0,0.0,0.0,0.0,1.0,0.0,0.0,1.0,0.0,0.0
1,9.0,( get-min-one-of (( possible-decisions  ) ) (( multiply (( consider-pseudorandom  ) ) (( upstream-homophily  ) )  ) )  ) ,0.09638143574318742,0.0,0.0,0.0,1.0,0.0,0.0,0.0,0.0,0.0,0.0,0.0,1.0,1.0,1.0,0.0,1.0
1,9.0,( get-max-one-of (( possible-decisions  ) ) (( consider-pseudorandom  ) )  ) ,0.012592660032397285,0.0,0.0,0.0,1.0,0.0,0.0,0.0,0.0,0.0,0.0,1.0,0.0,0.0,1.0,0.0,0.0
1,10.0,( get-max-one-of (( possible-decisions  ) ) (( consider-pseudorandom  ) )  ) ,0.012592660032397285,0.0,0.0,0.0,1.0,0.0,0.0,0.0,0.0,0.0,0.0,1.0,0.0,0.0,1.0,0.0,0.0
1,10.0,( get-max-one-of (( possible-decisions  ) ) (( consider-pseudorandom  ) )  ) ,0.012592660032397285,0.0,0.0,0.0,1.0,0.0,0.0,0.0,0.0,0.0,0.0,1.0,0.0,0.0,1.0,0.0,0.0
1,10.0,( get-max-one-of (( possible-decisions  ) ) (( consider-pseudorandom  ) )  ) ,0.012592660032397285,0.0,0.0,0.0,1.0,0.0,0.0,0.0,0.0,0.0,0.0,1.0,0.0,0.0,1.0,0.0,0.0
1,10.0,( get-max-one-of (( possible-decisions  ) ) (( consider-pseudorandom  ) )  ) ,0.012592660032397285,0.0,0.0,0.0,1.0,0.0,0.0,0.0,0.0,0.0,0.0,1.0,0.0,0.0,1.0,0.0,0.0
1,10.0,( get-max-one-of (( possible-decisions  ) ) (( consider-pseudorandom  ) )  ) ,0.012592660032397285,0.0,0.0,0.0,1.0,0.0,0.0,0.0,0.0,0.0,0.0,1.0,0.0,0.0,1.0,0.0,0.0
1,11.0,( get-max-one-of (( possible-decisions  ) ) (( consider-pseudorandom  ) )  ) ,0.012592660032397285,0.0,0.0,0.0,1.0,0.0,0.0,0.0,0.0,0.0,0.0,1.0,0.0,0.0,1.0,0.0,0.0
1,11.0,( get-max-one-of (( possible-decisions  ) ) (( consider-pseudorandom  ) )  ) ,0.012592660032397285,0.0,0.0,0.0,1.0,0.0,0.0,0.0,0.0,0.0,0.0,1.0,0.0,0.0,1.0,0.0,0.0
1,11.0,( get-min-one-of (( possible-decisions  ) ) (( consider-relative-income  ) )  ) ,0.012592660032397285,0.0,0.0,0.0,0.0,0.0,1.0,0.0,0.0,0.0,0.0,0.0,1.0,0.0,1.0,0.0,0.0
1,11.0,( get-max-one-of (( possible-decisions  ) ) (( consider-pseudorandom  ) )  ) ,0.012592660032397285,0.0,0.0,0.0,1.0,0.0,0.0,0.0,0.0,0.0,0.0,1.0,0.0,0.0,1.0,0.0,0.0
1,11.0,( get-max-one-of (( possible-decisions  ) ) (( consider-pseudorandom  ) )  ) ,0.012592660032397285,0.0,0.0,0.0,1.0,0.0,0.0,0.0,0.0,0.0,0.0,1.0,0.0,0.0,1.0,0.0,0.0
1,12.0,( get-max-one-of (( possible-decisions  ) ) (( consider-pseudorandom  ) )  ) ,0.012592660032397285,0.0,0.0,0.0,1.0,0.0,0.0,0.0,0.0,0.0,0.0,1.0,0.0,0.0,1.0,0.0,0.0
1,12.0,( get-max-one-of (( possible-decisions  ) ) (( consider-pseudorandom  ) )  ) ,0.012592660032397285,0.0,0.0,0.0,1.0,0.0,0.0,0.0,0.0,0.0,0.0,1.0,0.0,0.0,1.0,0.0,0.0
1,12.0,( get-max-one-of (( possible-decisions  ) ) (( consider-pseudorandom  ) )  ) ,0.012592660032397285,0.0,0.0,0.0,1.0,0.0,0.0,0.0,0.0,0.0,0.0,1.0,0.0,0.0,1.0,0.0,0.0
1,12.0,( get-max-one-of (( possible-decisions  ) ) (( multiply (( subtract (( consider-utilitarian  ) ) (( consider-heuristic  ) )  ) ) (( subtract (( consider-pseudorandom  ) ) (( consider-heuristic  ) )  ) )  ) )  ) ,0.2472841588345032,0.0,0.0,2.0,1.0,0.0,0.0,0.0,1.0,0.0,0.0,1.0,0.0,1.0,1.0,2.0,0.0
1,12.0,( get-max-one-of (( possible-decisions  ) ) (( consider-pseudorandom  ) )  ) ,0.012592660032397285,0.0,0.0,0.0,1.0,0.0,0.0,0.0,0.0,0.0,0.0,1.0,0.0,0.0,1.0,0.0,0.0
1,13.0,( get-max-one-of (( possible-decisions  ) ) (( consider-pseudorandom  ) )  ) ,0.012592660032397285,0.0,0.0,0.0,1.0,0.0,0.0,0.0,0.0,0.0,0.0,1.0,0.0,0.0,1.0,0.0,0.0
1,13.0,( get-max-one-of (( possible-decisions  ) ) (( multiply (( consider-utilitarian  ) ) (( consider-relative-income  ) )  ) )  ) ,0.039217922153495254,0.0,0.0,0.0,0.0,0.0,1.0,0.0,1.0,0.0,0.0,1.0,0.0,1.0,1.0,0.0,0.0
1,13.0,( get-max-one-of (( possible-decisions  ) ) (( consider-pseudorandom  ) )  ) ,0.012592660032397285,0.0,0.0,0.0,1.0,0.0,0.0,0.0,0.0,0.0,0.0,1.0,0.0,0.0,1.0,0.0,0.0
1,13.0,( get-max-one-of (( possible-decisions  ) ) (( multiply (( multiply (( consider-selfishness  ) ) (( consider-relative-income  ) )  ) ) (( consider-heuristic  ) )  ) )  ) ,0.012592660032397285,0.0,0.0,1.0,0.0,0.0,1.0,1.0,0.0,0.0,0.0,1.0,0.0,2.0,1.0,0.0,0.0
1,13.0,( get-max-one-of (( possible-decisions  ) ) (( consider-pseudorandom  ) )  ) ,0.012592660032397285,0.0,0.0,0.0,1.0,0.0,0.0,0.0,0.0,0.0,0.0,1.0,0.0,0.0,1.0,0.0,0.0
1,14.0,( get-max-one-of (( possible-decisions  ) ) (( consider-pseudorandom  ) )  ) ,0.012592660032397285,0.0,0.0,0.0,1.0,0.0,0.0,0.0,0.0,0.0,0.0,1.0,0.0,0.0,1.0,0.0,0.0
1,14.0,( get-max-one-of (( possible-decisions  ) ) (( consider-pseudorandom  ) )  ) ,0.012592660032397285,0.0,0.0,0.0,1.0,0.0,0.0,0.0,0.0,0.0,0.0,1.0,0.0,0.0,1.0,0.0,0.0
1,14.0,( get-max-one-of (( possible-decisions  ) ) (( consider-pseudorandom  ) )  ) ,0.012592660032397285,0.0,0.0,0.0,1.0,0.0,0.0,0.0,0.0,0.0,0.0,1.0,0.0,0.0,1.0,0.0,0.0
1,14.0,( get-max-one-of (( possible-decisions  ) ) (( consider-pseudorandom  ) )  ) ,0.012592660032397285,0.0,0.0,0.0,1.0,0.0,0.0,0.0,0.0,0.0,0.0,1.0,0.0,0.0,1.0,0.0,0.0
1,14.0,( get-max-one-of (( possible-decisions  ) ) (( combine (( consider-utilitarian  ) ) (( consider-pseudorandom  ) )  ) )  ) ,0.01513955717210312,1.0,0.0,0.0,1.0,0.0,0.0,0.0,1.0,0.0,0.0,1.0,0.0,0.0,1.0,0.0,0.0
1,15.0,( get-max-one-of (( possible-decisions  ) ) (( consider-pseudorandom  ) )  ) ,0.012592660032397285,0.0,0.0,0.0,1.0,0.0,0.0,0.0,0.0,0.0,0.0,1.0,0.0,0.0,1.0,0.0,0.0
1,15.0,( get-max-one-of (( possible-decisions  ) ) (( consider-pseudorandom  ) )  ) ,0.012592660032397285,0.0,0.0,0.0,1.0,0.0,0.0,0.0,0.0,0.0,0.0,1.0,0.0,0.0,1.0,0.0,0.0
1,15.0,( get-max-one-of (( possible-decisions  ) ) (( consider-pseudorandom  ) )  ) ,0.012592660032397285,0.0,0.0,0.0,1.0,0.0,0.0,0.0,0.0,0.0,0.0,1.0,0.0,0.0,1.0,0.0,0.0
1,15.0,( get-max-one-of (( possible-decisions  ) ) (( consider-pseudorandom  ) )  ) ,0.012592660032397285,0.0,0.0,0.0,1.0,0.0,0.0,0.0,0.0,0.0,0.0,1.0,0.0,0.0,1.0,0.0,0.0
1,15.0,( get-max-one-of (( possible-decisions  ) ) (( consider-pseudorandom  ) )  ) ,0.012592660032397285,0.0,0.0,0.0,1.0,0.0,0.0,0.0,0.0,0.0,0.0,1.0,0.0,0.0,1.0,0.0,0.0
1,16.0,( get-max-one-of (( possible-decisions  ) ) (( consider-pseudorandom  ) )  ) ,0.012592660032397285,0.0,0.0,0.0,1.0,0.0,0.0,0.0,0.0,0.0,0.0,1.0,0.0,0.0,1.0,0.0,0.0
1,16.0,( get-max-one-of (( possible-decisions  ) ) (( consider-pseudorandom  ) )  ) ,0.012592660032397285,0.0,0.0,0.0,1.0,0.0,0.0,0.0,0.0,0.0,0.0,1.0,0.0,0.0,1.0,0.0,0.0
1,16.0,( get-max-one-of (( possible-decisions  ) ) (( consider-pseudorandom  ) )  ) ,0.012592660032397285,0.0,0.0,0.0,1.0,0.0,0.0,0.0,0.0,0.0,0.0,1.0,0.0,0.0,1.0,0.0,0.0
1,16.0,( get-max-one-of (( possible-decisions  ) ) (( consider-pseudorandom  ) )  ) ,0.012592660032397285,0.0,0.0,0.0,1.0,0.0,0.0,0.0,0.0,0.0,0.0,1.0,0.0,0.0,1.0,0.0,0.0
1,16.0,( get-max-one-of (( possible-decisions  ) ) (( combine (( consider-random  ) ) (( consider-heuristic  ) )  ) )  ) ,0.36473929615517436,1.0,0.0,1.0,0.0,1.0,0.0,0.0,0.0,0.0,0.0,1.0,0.0,0.0,1.0,0.0,0.0
1,17.0,( get-max-one-of (( possible-decisions  ) ) (( consider-pseudorandom  ) )  ) ,0.012592660032397285,0.0,0.0,0.0,1.0,0.0,0.0,0.0,0.0,0.0,0.0,1.0,0.0,0.0,1.0,0.0,0.0
1,17.0,( get-min-one-of (( possible-decisions  ) ) (( divide (( downstream-homophily  ) ) (( consider-pseudorandom  ) )  ) )  ) ,0.3431605821890999,0.0,0.0,0.0,1.0,0.0,0.0,0.0,0.0,1.0,1.0,0.0,1.0,0.0,1.0,0.0,0.0
1,17.0,( get-max-one-of (( possible-decisions  ) ) (( consider-pseudorandom  ) )  ) ,0.012592660032397285,0.0,0.0,0.0,1.0,0.0,0.0,0.0,0.0,0.0,0.0,1.0,0.0,0.0,1.0,0.0,0.0
1,17.0,( get-max-one-of (( possible-decisions  ) ) (( consider-pseudorandom  ) )  ) ,0.012592660032397285,0.0,0.0,0.0,1.0,0.0,0.0,0.0,0.0,0.0,0.0,1.0,0.0,0.0,1.0,0.0,0.0
1,17.0,( get-max-one-of (( possible-decisions  ) ) (( consider-pseudorandom  ) )  ) ,0.012592660032397285,0.0,0.0,0.0,1.0,0.0,0.0,0.0,0.0,0.0,0.0,1.0,0.0,0.0,1.0,0.0,0.0
1,18.0,( get-max-one-of (( possible-decisions  ) ) (( consider-pseudorandom  ) )  ) ,0.012592660032397285,0.0,0.0,0.0,1.0,0.0,0.0,0.0,0.0,0.0,0.0,1.0,0.0,0.0,1.0,0.0,0.0
1,18.0,( get-max-one-of (( possible-decisions  ) ) (( consider-pseudorandom  ) )  ) ,0.012592660032397285,0.0,0.0,0.0,1.0,0.0,0.0,0.0,0.0,0.0,0.0,1.0,0.0,0.0,1.0,0.0,0.0
1,18.0,( get-max-one-of (( possible-decisions  ) ) (( consider-pseudorandom  ) )  ) ,0.012592660032397285,0.0,0.0,0.0,1.0,0.0,0.0,0.0,0.0,0.0,0.0,1.0,0.0,0.0,1.0,0.0,0.0
1,18.0,( get-max-one-of (( possible-decisions  ) ) (( consider-pseudorandom  ) )  ) ,0.012592660032397285,0.0,0.0,0.0,1.0,0.0,0.0,0.0,0.0,0.0,0.0,1.0,0.0,0.0,1.0,0.0,0.0
1,18.0,( get-min-one-of (( possible-decisions  ) ) (( consider-relative-income  ) )  ) ,0.012592660032397285,0.0,0.0,0.0,0.0,0.0,1.0,0.0,0.0,0.0,0.0,0.0,1.0,0.0,1.0,0.0,0.0
1,19.0,( get-min-one-of (( possible-decisions  ) ) (( multiply (( consider-pseudorandom  ) ) (( consider-random  ) )  ) )  ) ,0.07515295623612993,0.0,0.0,0.0,1.0,1.0,0.0,0.0,0.0,0.0,0.0,0.0,1.0,1.0,1.0,0.0,0.0
1,19.0,( get-max-one-of (( possible-decisions  ) ) (( multiply (( upstream-homophily  ) ) (( consider-relative-income  ) )  ) )  ) ,0.2141185299670912,0.0,0.0,0.0,0.0,0.0,1.0,0.0,0.0,0.0,0.0,1.0,0.0,1.0,1.0,0.0,1.0
1,19.0,( get-max-one-of (( possible-decisions  ) ) (( subtract (( consider-pseudorandom  ) ) (( downstream-homophily  ) )  ) )  ) ,0.1426268737220097,0.0,0.0,0.0,1.0,0.0,0.0,0.0,0.0,0.0,1.0,1.0,0.0,0.0,1.0,1.0,0.0
1,19.0,( get-max-one-of (( possible-decisions  ) ) (( consider-pseudorandom  ) )  ) ,0.012592660032397285,0.0,0.0,0.0,1.0,0.0,0.0,0.0,0.0,0.0,0.0,1.0,0.0,0.0,1.0,0.0,0.0
1,19.0,( get-min-one-of (( possible-decisions  ) ) (( consider-relative-income  ) )  ) ,0.012592660032397285,0.0,0.0,0.0,0.0,0.0,1.0,0.0,0.0,0.0,0.0,0.0,1.0,0.0,1.0,0.0,0.0
1,20.0,( get-min-one-of (( possible-decisions  ) ) (( consider-relative-income  ) )  ) ,0.012592660032397285,0.0,0.0,0.0,0.0,0.0,1.0,0.0,0.0,0.0,0.0,0.0,1.0,0.0,1.0,0.0,0.0
1,20.0,( get-min-one-of (( possible-decisions  ) ) (( consider-relative-income  ) )  ) ,0.012592660032397285,0.0,0.0,0.0,0.0,0.0,1.0,0.0,0.0,0.0,0.0,0.0,1.0,0.0,1.0,0.0,0.0
1,20.0,( get-max-one-of (( possible-decisions  ) ) (( consider-pseudorandom  ) )  ) ,0.012592660032397285,0.0,0.0,0.0,1.0,0.0,0.0,0.0,0.0,0.0,0.0,1.0,0.0,0.0,1.0,0.0,0.0
1,20.0,( get-max-one-of (( possible-decisions  ) ) (( consider-pseudorandom  ) )  ) ,0.012592660032397285,0.0,0.0,0.0,1.0,0.0,0.0,0.0,0.0,0.0,0.0,1.0,0.0,0.0,1.0,0.0,0.0
1,20.0,( get-max-one-of (( possible-decisions  ) ) (( consider-pseudorandom  ) )  ) ,0.012592660032397285,0.0,0.0,0.0,1.0,0.0,0.0,0.0,0.0,0.0,0.0,1.0,0.0,0.0,1.0,0.0,0.0
1,21.0,( get-max-one-of (( possible-decisions  ) ) (( consider-pseudorandom  ) )  ) ,0.012592660032397285,0.0,0.0,0.0,1.0,0.0,0.0,0.0,0.0,0.0,0.0,1.0,0.0,0.0,1.0,0.0,0.0
1,21.0,( get-min-one-of (( possible-decisions  ) ) (( consider-relative-income  ) )  ) ,0.012592660032397285,0.0,0.0,0.0,0.0,0.0,1.0,0.0,0.0,0.0,0.0,0.0,1.0,0.0,1.0,0.0,0.0
1,21.0,( get-max-one-of (( possible-decisions  ) ) (( consider-pseudorandom  ) )  ) ,0.012592660032397285,0.0,0.0,0.0,1.0,0.0,0.0,0.0,0.0,0.0,0.0,1.0,0.0,0.0,1.0,0.0,0.0
1,21.0,( get-max-one-of (( possible-decisions  ) ) (( consider-pseudorandom  ) )  ) ,0.012592660032397285,0.0,0.0,0.0,1.0,0.0,0.0,0.0,0.0,0.0,0.0,1.0,0.0,0.0,1.0,0.0,0.0
1,21.0,( get-max-one-of (( possible-decisions  ) ) (( consider-pseudorandom  ) )  ) ,0.012592660032397285,0.0,0.0,0.0,1.0,0.0,0.0,0.0,0.0,0.0,0.0,1.0,0.0,0.0,1.0,0.0,0.0
1,22.0,( get-max-one-of (( possible-decisions  ) ) (( consider-pseudorandom  ) )  ) ,0.012592660032397285,0.0,0.0,0.0,1.0,0.0,0.0,0.0,0.0,0.0,0.0,1.0,0.0,0.0,1.0,0.0,0.0
1,22.0,( get-max-one-of (( possible-decisions  ) ) (( consider-pseudorandom  ) )  ) ,0.012592660032397285,0.0,0.0,0.0,1.0,0.0,0.0,0.0,0.0,0.0,0.0,1.0,0.0,0.0,1.0,0.0,0.0
1,22.0,( get-max-one-of (( possible-decisions  ) ) (( consider-pseudorandom  ) )  ) ,0.012592660032397285,0.0,0.0,0.0,1.0,0.0,0.0,0.0,0.0,0.0,0.0,1.0,0.0,0.0,1.0,0.0,0.0
1,22.0,( get-max-one-of (( possible-decisions  ) ) (( consider-pseudorandom  ) )  ) ,0.012592660032397285,0.0,0.0,0.0,1.0,0.0,0.0,0.0,0.0,0.0,0.0,1.0,0.0,0.0,1.0,0.0,0.0
1,22.0,( get-max-one-of (( possible-decisions  ) ) (( consider-pseudorandom  ) )  ) ,0.012592660032397285,0.0,0.0,0.0,1.0,0.0,0.0,0.0,0.0,0.0,0.0,1.0,0.0,0.0,1.0,0.0,0.0
1,23.0,( get-max-one-of (( possible-decisions  ) ) (( consider-pseudorandom  ) )  ) ,0.012592660032397285,0.0,0.0,0.0,1.0,0.0,0.0,0.0,0.0,0.0,0.0,1.0,0.0,0.0,1.0,0.0,0.0
1,23.0,( get-max-one-of (( possible-decisions  ) ) (( consider-pseudorandom  ) )  ) ,0.012592660032397285,0.0,0.0,0.0,1.0,0.0,0.0,0.0,0.0,0.0,0.0,1.0,0.0,0.0,1.0,0.0,0.0
1,23.0,( get-max-one-of (( possible-decisions  ) ) (( consider-pseudorandom  ) )  ) ,0.012592660032397285,0.0,0.0,0.0,1.0,0.0,0.0,0.0,0.0,0.0,0.0,1.0,0.0,0.0,1.0,0.0,0.0
1,23.0,( get-max-one-of (( possible-decisions  ) ) (( consider-pseudorandom  ) )  ) ,0.012592660032397285,0.0,0.0,0.0,1.0,0.0,0.0,0.0,0.0,0.0,0.0,1.0,0.0,0.0,1.0,0.0,0.0
1,23.0,( get-max-one-of (( possible-decisions  ) ) (( consider-pseudorandom  ) )  ) ,0.012592660032397285,0.0,0.0,0.0,1.0,0.0,0.0,0.0,0.0,0.0,0.0,1.0,0.0,0.0,1.0,0.0,0.0
1,24.0,( get-max-one-of (( possible-decisions  ) ) (( consider-pseudorandom  ) )  ) ,0.012592660032397285,0.0,0.0,0.0,1.0,0.0,0.0,0.0,0.0,0.0,0.0,1.0,0.0,0.0,1.0,0.0,0.0
1,24.0,( get-max-one-of (( possible-decisions  ) ) (( consider-pseudorandom  ) )  ) ,0.012592660032397285,0.0,0.0,0.0,1.0,0.0,0.0,0.0,0.0,0.0,0.0,1.0,0.0,0.0,1.0,0.0,0.0
1,24.0,( get-max-one-of (( possible-decisions  ) ) (( consider-pseudorandom  ) )  ) ,0.012592660032397285,0.0,0.0,0.0,1.0,0.0,0.0,0.0,0.0,0.0,0.0,1.0,0.0,0.0,1.0,0.0,0.0
1,24.0,( get-max-one-of (( possible-decisions  ) ) (( combine (( subtract (( consider-selfishness  ) ) (( downstream-homophily  ) )  ) ) (( multiply (( consider-relative-income  ) ) (( consider-utilitarian  ) )  ) )  ) )  ) ,0.16382214088273744,1.0,0.0,0.0,0.0,0.0,1.0,1.0,1.0,0.0,1.0,1.0,0.0,1.0,1.0,1.0,0.0
1,24.0,( get-max-one-of (( possible-decisions  ) ) (( consider-pseudorandom  ) )  ) ,0.012592660032397285,0.0,0.0,0.0,1.0,0.0,0.0,0.0,0.0,0.0,0.0,1.0,0.0,0.0,1.0,0.0,0.0
1,25.0,( get-max-one-of (( possible-decisions  ) ) (( consider-pseudorandom  ) )  ) ,0.012592660032397285,0.0,0.0,0.0,1.0,0.0,0.0,0.0,0.0,0.0,0.0,1.0,0.0,0.0,1.0,0.0,0.0
1,25.0,( get-max-one-of (( possible-decisions  ) ) (( consider-pseudorandom  ) )  ) ,0.012592660032397285,0.0,0.0,0.0,1.0,0.0,0.0,0.0,0.0,0.0,0.0,1.0,0.0,0.0,1.0,0.0,0.0
1,25.0,( get-max-one-of (( possible-decisions  ) ) (( consider-pseudorandom  ) )  ) ,0.012592660032397285,0.0,0.0,0.0,1.0,0.0,0.0,0.0,0.0,0.0,0.0,1.0,0.0,0.0,1.0,0.0,0.0
1,25.0,( get-min-one-of (( possible-decisions  ) ) (( consider-random  ) )  ) ,0.5007501326430929,0.0,0.0,0.0,0.0,1.0,0.0,0.0,0.0,0.0,0.0,0.0,1.0,0.0,1.0,0.0,0.0
1,25.0,( get-max-one-of (( possible-decisions  ) ) (( consider-pseudorandom  ) )  ) ,0.012592660032397285,0.0,0.0,0.0,1.0,0.0,0.0,0.0,0.0,0.0,0.0,1.0,0.0,0.0,1.0,0.0,0.0
1,26.0,( get-max-one-of (( possible-decisions  ) ) (( consider-pseudorandom  ) )  ) ,0.012592660032397285,0.0,0.0,0.0,1.0,0.0,0.0,0.0,0.0,0.0,0.0,1.0,0.0,0.0,1.0,0.0,0.0
1,26.0,( get-max-one-of (( possible-decisions  ) ) (( consider-altruism  ) )  ) ,0.07507940681501522,0.0,1.0,0.0,0.0,0.0,0.0,0.0,0.0,0.0,0.0,1.0,0.0,0.0,1.0,0.0,0.0
1,26.0,( get-max-one-of (( possible-decisions  ) ) (( consider-pseudorandom  ) )  ) ,0.012592660032397285,0.0,0.0,0.0,1.0,0.0,0.0,0.0,0.0,0.0,0.0,1.0,0.0,0.0,1.0,0.0,0.0
1,26.0,( get-max-one-of (( possible-decisions  ) ) (( consider-pseudorandom  ) )  ) ,0.012592660032397285,0.0,0.0,0.0,1.0,0.0,0.0,0.0,0.0,0.0,0.0,1.0,0.0,0.0,1.0,0.0,0.0
1,26.0,( get-max-one-of (( possible-decisions  ) ) (( combine (( consider-altruism  ) ) (( consider-altruism  ) )  ) )  ) ,0.07511778085385565,1.0,2.0,0.0,0.0,0.0,0.0,0.0,0.0,0.0,0.0,1.0,0.0,0.0,1.0,0.0,0.0
1,27.0,( get-max-one-of (( possible-decisions  ) ) (( consider-altruism  ) )  ) ,0.07513310632440026,0.0,1.0,0.0,0.0,0.0,0.0,0.0,0.0,0.0,0.0,1.0,0.0,0.0,1.0,0.0,0.0
1,27.0,( get-max-one-of (( possible-decisions  ) ) (( consider-pseudorandom  ) )  ) ,0.012592660032397285,0.0,0.0,0.0,1.0,0.0,0.0,0.0,0.0,0.0,0.0,1.0,0.0,0.0,1.0,0.0,0.0
1,27.0,( get-min-one-of (( possible-decisions  ) ) (( combine (( consider-random  ) ) (( consider-utilitarian  ) )  ) )  ) ,0.41344340209444497,1.0,0.0,0.0,0.0,1.0,0.0,0.0,1.0,0.0,0.0,0.0,1.0,0.0,1.0,0.0,0.0
1,27.0,( get-max-one-of (( possible-decisions  ) ) (( consider-pseudorandom  ) )  ) ,0.012592660032397285,0.0,0.0,0.0,1.0,0.0,0.0,0.0,0.0,0.0,0.0,1.0,0.0,0.0,1.0,0.0,0.0
1,27.0,( get-max-one-of (( possible-decisions  ) ) (( consider-pseudorandom  ) )  ) ,0.012592660032397285,0.0,0.0,0.0,1.0,0.0,0.0,0.0,0.0,0.0,0.0,1.0,0.0,0.0,1.0,0.0,0.0
1,28.0,( get-max-one-of (( possible-decisions  ) ) (( consider-pseudorandom  ) )  ) ,0.012592660032397285,0.0,0.0,0.0,1.0,0.0,0.0,0.0,0.0,0.0,0.0,1.0,0.0,0.0,1.0,0.0,0.0
1,28.0,( get-max-one-of (( possible-decisions  ) ) (( consider-pseudorandom  ) )  ) ,0.012592660032397285,0.0,0.0,0.0,1.0,0.0,0.0,0.0,0.0,0.0,0.0,1.0,0.0,0.0,1.0,0.0,0.0
1,28.0,( get-max-one-of (( possible-decisions  ) ) (( consider-pseudorandom  ) )  ) ,0.012592660032397285,0.0,0.0,0.0,1.0,0.0,0.0,0.0,0.0,0.0,0.0,1.0,0.0,0.0,1.0,0.0,0.0
1,28.0,( get-max-one-of (( possible-decisions  ) ) (( consider-utilitarian  ) )  ) ,0.44927087703384677,0.0,0.0,0.0,0.0,0.0,0.0,0.0,1.0,0.0,0.0,1.0,0.0,0.0,1.0,0.0,0.0
1,28.0,( get-max-one-of (( possible-decisions  ) ) (( consider-pseudorandom  ) )  ) ,0.012592660032397285,0.0,0.0,0.0,1.0,0.0,0.0,0.0,0.0,0.0,0.0,1.0,0.0,0.0,1.0,0.0,0.0
1,29.0,( get-max-one-of (( possible-decisions  ) ) (( subtract (( consider-pseudorandom  ) ) (( consider-random  ) )  ) )  ) ,0.03413552073624912,0.0,0.0,0.0,1.0,1.0,0.0,0.0,0.0,0.0,0.0,1.0,0.0,0.0,1.0,1.0,0.0
1,29.0,( get-max-one-of (( possible-decisions  ) ) (( divide (( consider-heuristic  ) ) (( multiply (( upstream-homophily  ) ) (( consider-heuristic  ) )  ) )  ) )  ) ,0.5458596946215452,0.0,0.0,2.0,0.0,0.0,0.0,0.0,0.0,1.0,0.0,1.0,0.0,1.0,1.0,0.0,1.0
1,29.0,( get-max-one-of (( possible-decisions  ) ) (( consider-pseudorandom  ) )  ) ,0.012592660032397285,0.0,0.0,0.0,1.0,0.0,0.0,0.0,0.0,0.0,0.0,1.0,0.0,0.0,1.0,0.0,0.0
1,29.0,( get-max-one-of (( possible-decisions  ) ) (( consider-pseudorandom  ) )  ) ,0.012592660032397285,0.0,0.0,0.0,1.0,0.0,0.0,0.0,0.0,0.0,0.0,1.0,0.0,0.0,1.0,0.0,0.0
1,29.0,( get-max-one-of (( possible-decisions  ) ) (( consider-pseudorandom  ) )  ) ,0.012592660032397285,0.0,0.0,0.0,1.0,0.0,0.0,0.0,0.0,0.0,0.0,1.0,0.0,0.0,1.0,0.0,0.0
1,30.0,( get-max-one-of (( possible-decisions  ) ) (( consider-pseudorandom  ) )  ) ,0.012592660032397285,0.0,0.0,0.0,1.0,0.0,0.0,0.0,0.0,0.0,0.0,1.0,0.0,0.0,1.0,0.0,0.0
1,30.0,( get-max-one-of (( possible-decisions  ) ) (( consider-pseudorandom  ) )  ) ,0.012592660032397285,0.0,0.0,0.0,1.0,0.0,0.0,0.0,0.0,0.0,0.0,1.0,0.0,0.0,1.0,0.0,0.0
1,30.0,( get-max-one-of (( possible-decisions  ) ) (( consider-pseudorandom  ) )  ) ,0.012592660032397285,0.0,0.0,0.0,1.0,0.0,0.0,0.0,0.0,0.0,0.0,1.0,0.0,0.0,1.0,0.0,0.0
1,30.0,( get-min-one-of (( possible-decisions  ) ) (( consider-pseudorandom  ) )  ) ,0.075069412776924,0.0,0.0,0.0,1.0,0.0,0.0,0.0,0.0,0.0,0.0,0.0,1.0,0.0,1.0,0.0,0.0
1,30.0,( get-max-one-of (( possible-decisions  ) ) (( consider-pseudorandom  ) )  ) ,0.012592660032397285,0.0,0.0,0.0,1.0,0.0,0.0,0.0,0.0,0.0,0.0,1.0,0.0,0.0,1.0,0.0,0.0
